mtllib material.mtl

o ScrewdriverHex.obj
usemtl material_0
v -0.44444444 0.00000000 -5.00000000
v -0.43805150 -0.07511150 -5.00000000
v -0.41905667 -0.14806211 -5.00000000
v -0.38800628 -0.21675333 -5.00000000
v -0.34579367 -0.27920889 -5.00000000
v -0.29363322 -0.33363211 -5.00000000
v -0.23302544 -0.37845739 -5.00000000
v -0.16571400 -0.41239511 -5.00000000
v -0.09363522 -0.43446900 -5.00000000
v -0.01886278 -0.44404400 -5.00000000
v 0.05645239 -0.44084461 -5.00000000
v 0.13014344 -0.42496300 -5.00000000
v 0.20009056 -0.39685594 -5.00000000
v 0.26428139 -0.35733206 -5.00000000
v 0.32086939 -0.30752839 -5.00000000
v 0.36822650 -0.24887767 -5.00000000
v 0.40499044 -0.18306722 -5.00000000
v 0.43010356 -0.11199022 -5.00000000
v 0.44284333 -0.03769150 -5.00000000
v 0.44284333 0.03769150 -5.00000000
v 0.43010356 0.11199022 -5.00000000
v 0.40499044 0.18306722 -5.00000000
v 0.36822650 0.24887767 -5.00000000
v 0.32086939 0.30752839 -5.00000000
v 0.26428139 0.35733206 -5.00000000
v 0.20009056 0.39685594 -5.00000000
v 0.13014344 0.42496300 -5.00000000
v 0.05645239 0.44084461 -5.00000000
v -0.01886278 0.44404400 -5.00000000
v -0.09363522 0.43446900 -5.00000000
v -0.16571400 0.41239511 -5.00000000
v -0.23302544 0.37845739 -5.00000000
v -0.29363322 0.33363211 -5.00000000
v -0.34579367 0.27920889 -5.00000000
v -0.38800628 0.21675333 -5.00000000
v -0.41905667 0.14806211 -5.00000000
v -0.43805150 0.07511150 -5.00000000
v -0.61111111 0.00000000 -4.83333333
v -0.60489089 0.08697017 -4.83333333
v -0.58635683 0.17216989 -4.83333333
v -0.55588622 0.25386472 -4.83333333
v -0.51409939 0.33039161 -4.83333333
v -0.46184694 0.40019267 -4.83333333
v -0.40019267 0.46184694 -4.83333333
v -0.33039161 0.51409939 -4.83333333
v -0.25386472 0.55588622 -4.83333333
v -0.17216989 0.58635683 -4.83333333
v -0.08697017 0.60489089 -4.83333333
v 0.00000000 0.61111111 -4.83333333
v 0.08697017 0.60489089 -4.83333333
v 0.17216989 0.58635683 -4.83333333
v 0.25386472 0.55588622 -4.83333333
v 0.33039161 0.51409939 -4.83333333
v 0.40019267 0.46184694 -4.83333333
v 0.46184694 0.40019267 -4.83333333
v 0.51409939 0.33039161 -4.83333333
v 0.55588622 0.25386472 -4.83333333
v 0.58635683 0.17216989 -4.83333333
v 0.60489089 0.08697017 -4.83333333
v 0.61111111 0.00000000 -4.83333333
v 0.60489089 -0.08697017 -4.83333333
v 0.58635683 -0.17216989 -4.83333333
v 0.55588622 -0.25386472 -4.83333333
v 0.51409939 -0.33039161 -4.83333333
v 0.46184694 -0.40019267 -4.83333333
v 0.40019267 -0.46184694 -4.83333333
v 0.33039161 -0.51409939 -4.83333333
v 0.25386472 -0.55588622 -4.83333333
v 0.17216989 -0.58635683 -4.83333333
v 0.08697017 -0.60489089 -4.83333333
v 0.00000000 -0.61111111 -4.83333333
v -0.08697017 -0.60489089 -4.83333333
v -0.17216989 -0.58635683 -4.83333333
v -0.25386472 -0.55588622 -4.83333333
v -0.33039161 -0.51409939 -4.83333333
v -0.40019267 -0.46184694 -4.83333333
v -0.46184694 -0.40019267 -4.83333333
v -0.51409939 -0.33039161 -4.83333333
v -0.55588622 -0.25386472 -4.83333333
v -0.58635683 -0.17216989 -4.83333333
v -0.60489089 -0.08697017 -4.83333333
v -0.48758094 0.00000000 -4.99432094
v -0.52777778 0.00000000 -4.97767089
v -0.56229556 0.00000000 -4.95118444
v -0.58878200 0.00000000 -4.91666667
v -0.60543206 0.00000000 -4.87646983
v -0.26360617 -0.41017922 -4.99432094
v 0.06939000 -0.48261806 -4.99432094
v 0.41017922 -0.26360617 -4.99432094
v 0.41017922 0.26360617 -4.99432094
v 0.06939000 0.48261806 -4.99432094
v -0.26360617 0.41017922 -4.99432094
v -0.48261806 -0.06939000 -4.99432094
v -0.52240578 -0.07511061 -4.97767089
v -0.55657222 -0.08002300 -4.95118444
v -0.58278906 -0.08379244 -4.91666667
v -0.59926967 -0.08616194 -4.87646983
v -0.46783050 -0.13736744 -4.99432094
v -0.50639906 -0.14869217 -4.97767089
v -0.53951867 -0.15841694 -4.95118444
v -0.56493222 -0.16587906 -4.91666667
v -0.58090783 -0.17056994 -4.87646983
v -0.44351922 -0.20254844 -4.99432094
v -0.48008356 -0.21924683 -4.97767089
v -0.51148206 -0.23358600 -4.95118444
v -0.53557494 -0.24458889 -4.91666667
v -0.55072039 -0.25150556 -4.87646983
v -0.41017922 -0.26360617 -4.99432094
v -0.44399494 -0.28533822 -4.97767089
v -0.47303311 -0.30399994 -4.95118444
v -0.49531494 -0.31831961 -4.91666667
v -0.50932189 -0.32732128 -4.87646983
v -0.36848911 -0.31929761 -4.99432094
v -0.39886783 -0.34562094 -4.97767089
v -0.42495467 -0.36822528 -4.95118444
v -0.44497178 -0.38557022 -4.91666667
v -0.45755506 -0.39647372 -4.87646983
v -0.31929761 -0.36848911 -4.99432094
v -0.34562094 -0.39886783 -4.97767089
v -0.36822528 -0.42495467 -4.95118444
v -0.38557022 -0.44497178 -4.91666667
v -0.39647372 -0.45755506 -4.87646983
v -0.20254844 -0.44351922 -4.99432094
v -0.21924683 -0.48008356 -4.97767089
v -0.23358600 -0.51148206 -4.95118444
v -0.24458889 -0.53557494 -4.91666667
v -0.25150556 -0.55072039 -4.87646983
v -0.32732128 -0.50932189 -4.87646983
v -0.31831961 -0.49531494 -4.91666667
v -0.30399994 -0.47303311 -4.95118444
v -0.28533822 -0.44399494 -4.97767089
v -0.13736744 -0.46783050 -4.99432094
v -0.14869217 -0.50639906 -4.97767089
v -0.15841694 -0.53951867 -4.95118444
v -0.16587906 -0.56493222 -4.91666667
v -0.17056994 -0.58090783 -4.87646983
v -0.06939000 -0.48261806 -4.99432094
v -0.07511061 -0.52240578 -4.97767089
v -0.08002300 -0.55657222 -4.95118444
v -0.08379244 -0.58278906 -4.91666667
v -0.08616194 -0.59926967 -4.87646983
v 0.00000000 -0.48758094 -4.99432094
v 0.00000000 -0.52777778 -4.97767089
v 0.00000000 -0.56229556 -4.95118444
v 0.00000000 -0.58878200 -4.91666667
v 0.00000000 -0.60543206 -4.87646983
v 0.07511061 -0.52240578 -4.97767089
v 0.08002300 -0.55657222 -4.95118444
v 0.08379244 -0.58278906 -4.91666667
v 0.08616194 -0.59926967 -4.87646983
v 0.20254844 -0.44351922 -4.99432094
v 0.21924683 -0.48008356 -4.97767089
v 0.23358600 -0.51148206 -4.95118444
v 0.24458889 -0.53557494 -4.91666667
v 0.25150556 -0.55072039 -4.87646983
v 0.17056994 -0.58090783 -4.87646983
v 0.16587906 -0.56493222 -4.91666667
v 0.15841694 -0.53951867 -4.95118444
v 0.14869217 -0.50639906 -4.97767089
v 0.13736744 -0.46783050 -4.99432094
v 0.26360617 -0.41017922 -4.99432094
v 0.28533822 -0.44399494 -4.97767089
v 0.30399994 -0.47303311 -4.95118444
v 0.31831961 -0.49531494 -4.91666667
v 0.32732128 -0.50932189 -4.87646983
v 0.31929761 -0.36848911 -4.99432094
v 0.34562094 -0.39886783 -4.97767089
v 0.36822528 -0.42495467 -4.95118444
v 0.38557022 -0.44497178 -4.91666667
v 0.39647372 -0.45755506 -4.87646983
v 0.36848911 -0.31929761 -4.99432094
v 0.39886783 -0.34562094 -4.97767089
v 0.42495467 -0.36822528 -4.95118444
v 0.44497178 -0.38557022 -4.91666667
v 0.45755506 -0.39647372 -4.87646983
v 0.44399494 -0.28533822 -4.97767089
v 0.47303311 -0.30399994 -4.95118444
v 0.49531494 -0.31831961 -4.91666667
v 0.50932189 -0.32732128 -4.87646983
v 0.46783050 -0.13736744 -4.99432094
v 0.50639906 -0.14869217 -4.97767089
v 0.53951867 -0.15841694 -4.95118444
v 0.56493222 -0.16587906 -4.91666667
v 0.58090783 -0.17056994 -4.87646983
v 0.55072039 -0.25150556 -4.87646983
v 0.53557494 -0.24458889 -4.91666667
v 0.51148206 -0.23358600 -4.95118444
v 0.48008356 -0.21924683 -4.97767089
v 0.44351922 -0.20254844 -4.99432094
v 0.48261806 -0.06939000 -4.99432094
v 0.52240578 -0.07511061 -4.97767089
v 0.55657222 -0.08002300 -4.95118444
v 0.58278906 -0.08379244 -4.91666667
v 0.59926967 -0.08616194 -4.87646983
v 0.48758094 0.00000000 -4.99432094
v 0.52777778 0.00000000 -4.97767089
v 0.56229556 0.00000000 -4.95118444
v 0.58878200 0.00000000 -4.91666667
v 0.60543206 0.00000000 -4.87646983
v 0.48261806 0.06939000 -4.99432094
v 0.52240578 0.07511061 -4.97767089
v 0.55657222 0.08002300 -4.95118444
v 0.58278906 0.08379244 -4.91666667
v 0.59926967 0.08616194 -4.87646983
v 0.46783050 0.13736744 -4.99432094
v 0.50639906 0.14869217 -4.97767089
v 0.53951867 0.15841694 -4.95118444
v 0.56493222 0.16587906 -4.91666667
v 0.58090783 0.17056994 -4.87646983
v 0.44351922 0.20254844 -4.99432094
v 0.48008356 0.21924683 -4.97767089
v 0.51148206 0.23358600 -4.95118444
v 0.53557494 0.24458889 -4.91666667
v 0.55072039 0.25150556 -4.87646983
v 0.36848911 0.31929761 -4.99432094
v 0.39886783 0.34562094 -4.97767089
v 0.42495467 0.36822528 -4.95118444
v 0.44497178 0.38557022 -4.91666667
v 0.45755506 0.39647372 -4.87646983
v 0.50932189 0.32732128 -4.87646983
v 0.49531494 0.31831961 -4.91666667
v 0.47303311 0.30399994 -4.95118444
v 0.44399494 0.28533822 -4.97767089
v 0.31929761 0.36848911 -4.99432094
v 0.34562094 0.39886783 -4.97767089
v 0.36822528 0.42495467 -4.95118444
v 0.38557022 0.44497178 -4.91666667
v 0.39647372 0.45755506 -4.87646983
v 0.26360617 0.41017922 -4.99432094
v 0.28533822 0.44399494 -4.97767089
v 0.30399994 0.47303311 -4.95118444
v 0.31831961 0.49531494 -4.91666667
v 0.32732128 0.50932189 -4.87646983
v 0.20254844 0.44351922 -4.99432094
v 0.21924683 0.48008356 -4.97767089
v 0.23358600 0.51148206 -4.95118444
v 0.24458889 0.53557494 -4.91666667
v 0.25150556 0.55072039 -4.87646983
v 0.13736744 0.46783050 -4.99432094
v 0.14869217 0.50639906 -4.97767089
v 0.15841694 0.53951867 -4.95118444
v 0.16587906 0.56493222 -4.91666667
v 0.17056994 0.58090783 -4.87646983
v 0.00000000 0.48758094 -4.99432094
v 0.00000000 0.52777778 -4.97767089
v 0.00000000 0.56229556 -4.95118444
v 0.00000000 0.58878200 -4.91666667
v 0.00000000 0.60543206 -4.87646983
v 0.08616194 0.59926967 -4.87646983
v 0.08379244 0.58278906 -4.91666667
v 0.08002300 0.55657222 -4.95118444
v 0.07511061 0.52240578 -4.97767089
v -0.06939000 0.48261806 -4.99432094
v -0.07511061 0.52240578 -4.97767089
v -0.08002300 0.55657222 -4.95118444
v -0.08379244 0.58278906 -4.91666667
v -0.08616194 0.59926967 -4.87646983
v -0.13736744 0.46783050 -4.99432094
v -0.14869217 0.50639906 -4.97767089
v -0.15841694 0.53951867 -4.95118444
v -0.16587906 0.56493222 -4.91666667
v -0.17056994 0.58090783 -4.87646983
v -0.20254844 0.44351922 -4.99432094
v -0.21924683 0.48008356 -4.97767089
v -0.23358600 0.51148206 -4.95118444
v -0.24458889 0.53557494 -4.91666667
v -0.25150556 0.55072039 -4.87646983
v -0.28533822 0.44399494 -4.97767089
v -0.30399994 0.47303311 -4.95118444
v -0.31831961 0.49531494 -4.91666667
v -0.32732128 0.50932189 -4.87646983
v -0.36848911 0.31929761 -4.99432094
v -0.39886783 0.34562094 -4.97767089
v -0.42495467 0.36822528 -4.95118444
v -0.44497178 0.38557022 -4.91666667
v -0.45755506 0.39647372 -4.87646983
v -0.39647372 0.45755506 -4.87646983
v -0.38557022 0.44497178 -4.91666667
v -0.36822528 0.42495467 -4.95118444
v -0.34562094 0.39886783 -4.97767089
v -0.31929761 0.36848911 -4.99432094
v -0.41017922 0.26360617 -4.99432094
v -0.44399494 0.28533822 -4.97767089
v -0.47303311 0.30399994 -4.95118444
v -0.49531494 0.31831961 -4.91666667
v -0.50932189 0.32732128 -4.87646983
v -0.44351922 0.20254844 -4.99432094
v -0.48008356 0.21924683 -4.97767089
v -0.51148206 0.23358600 -4.95118444
v -0.53557494 0.24458889 -4.91666667
v -0.55072039 0.25150556 -4.87646983
v -0.46783050 0.13736744 -4.99432094
v -0.50639906 0.14869217 -4.97767089
v -0.53951867 0.15841694 -4.95118444
v -0.56493222 0.16587906 -4.91666667
v -0.58090783 0.17056994 -4.87646983
v -0.48261806 0.06939000 -4.99432094
v -0.52240578 0.07511061 -4.97767089
v -0.55657222 0.08002300 -4.95118444
v -0.58278906 0.08379244 -4.91666667
v -0.59926967 0.08616194 -4.87646983
v -0.61111111 0.00000000 -0.72222222
v -0.60489089 0.08697017 -0.72222222
v -0.58635683 0.17216989 -0.72222222
v -0.55588622 0.25386472 -0.72222222
v -0.51409939 0.33039161 -0.72222222
v -0.46184694 0.40019267 -0.72222222
v -0.40019267 0.46184694 -0.72222222
v -0.33039161 0.51409939 -0.72222222
v -0.25386472 0.55588622 -0.72222222
v -0.17216989 0.58635683 -0.72222222
v -0.08697017 0.60489089 -0.72222222
v 0.00000000 0.61111111 -0.72222222
v 0.08697017 0.60489089 -0.72222222
v 0.17216989 0.58635683 -0.72222222
v 0.25386472 0.55588622 -0.72222222
v 0.33039161 0.51409939 -0.72222222
v 0.40019267 0.46184694 -0.72222222
v 0.46184694 0.40019267 -0.72222222
v 0.51409939 0.33039161 -0.72222222
v 0.55588622 0.25386472 -0.72222222
v 0.58635683 0.17216989 -0.72222222
v 0.60489089 0.08697017 -0.72222222
v 0.61111111 0.00000000 -0.72222222
v 0.60489089 -0.08697017 -0.72222222
v 0.58635683 -0.17216989 -0.72222222
v 0.55588622 -0.25386472 -0.72222222
v 0.51409939 -0.33039161 -0.72222222
v 0.46184694 -0.40019267 -0.72222222
v 0.40019267 -0.46184694 -0.72222222
v 0.33039161 -0.51409939 -0.72222222
v 0.25386472 -0.55588622 -0.72222222
v 0.17216989 -0.58635683 -0.72222222
v 0.08697017 -0.60489089 -0.72222222
v 0.00000000 -0.61111111 -0.72222222
v -0.08697017 -0.60489089 -0.72222222
v -0.17216989 -0.58635683 -0.72222222
v -0.25386472 -0.55588622 -0.72222222
v -0.33039161 -0.51409939 -0.72222222
v -0.40019267 -0.46184694 -0.72222222
v -0.46184694 -0.40019267 -0.72222222
v -0.51409939 -0.33039161 -0.72222222
v -0.55588622 -0.25386472 -0.72222222
v -0.58635683 -0.17216989 -0.72222222
v -0.60489089 -0.08697017 -0.72222222
v -0.61111111 0.00000000 -2.09259261
v -0.61111111 0.00000000 -3.46296294
v -0.60489089 0.08697017 -2.09259261
v -0.60489089 0.08697017 -3.46296294
v -0.58635683 0.17216989 -2.09259261
v -0.58635683 0.17216989 -3.46296294
v -0.55588622 0.25386472 -2.09259261
v -0.55588622 0.25386472 -3.46296294
v -0.51409939 0.33039161 -2.09259261
v -0.51409939 0.33039161 -3.46296294
v -0.46184694 0.40019267 -2.09259261
v -0.46184694 0.40019267 -3.46296294
v -0.40019267 0.46184694 -2.09259261
v -0.40019267 0.46184694 -3.46296294
v -0.33039161 0.51409939 -2.09259261
v -0.33039161 0.51409939 -3.46296294
v -0.25386472 0.55588622 -2.09259261
v -0.25386472 0.55588622 -3.46296294
v -0.17216989 0.58635683 -2.09259261
v -0.17216989 0.58635683 -3.46296294
v -0.08697017 0.60489089 -2.09259261
v -0.08697017 0.60489089 -3.46296294
v 0.00000000 0.61111111 -2.09259261
v 0.00000000 0.61111111 -3.46296294
v 0.08697017 0.60489089 -2.09259261
v 0.08697017 0.60489089 -3.46296294
v 0.17216989 0.58635683 -2.09259261
v 0.17216989 0.58635683 -3.46296294
v 0.25386472 0.55588622 -2.09259261
v 0.25386472 0.55588622 -3.46296294
v 0.33039161 0.51409939 -2.09259261
v 0.33039161 0.51409939 -3.46296294
v 0.40019267 0.46184694 -2.09259261
v 0.40019267 0.46184694 -3.46296294
v 0.46184694 0.40019267 -2.09259261
v 0.46184694 0.40019267 -3.46296294
v 0.51409939 0.33039161 -2.09259261
v 0.51409939 0.33039161 -3.46296294
v 0.55588622 0.25386472 -2.09259261
v 0.55588622 0.25386472 -3.46296294
v 0.58635683 0.17216989 -2.09259261
v 0.58635683 0.17216989 -3.46296294
v 0.60489089 0.08697017 -2.09259261
v 0.60489089 0.08697017 -3.46296294
v 0.61111111 0.00000000 -2.09259261
v 0.61111111 0.00000000 -3.46296294
v 0.60489089 -0.08697017 -2.09259261
v 0.60489089 -0.08697017 -3.46296294
v 0.58635683 -0.17216989 -2.09259261
v 0.58635683 -0.17216989 -3.46296294
v 0.55588622 -0.25386472 -2.09259261
v 0.55588622 -0.25386472 -3.46296294
v 0.51409939 -0.33039161 -2.09259261
v 0.51409939 -0.33039161 -3.46296294
v 0.46184694 -0.40019267 -2.09259261
v 0.46184694 -0.40019267 -3.46296294
v 0.40019267 -0.46184694 -2.09259261
v 0.40019267 -0.46184694 -3.46296294
v 0.33039161 -0.51409939 -2.09259261
v 0.33039161 -0.51409939 -3.46296294
v 0.25386472 -0.55588622 -2.09259261
v 0.25386472 -0.55588622 -3.46296294
v 0.17216989 -0.58635683 -2.09259261
v 0.17216989 -0.58635683 -3.46296294
v 0.08697017 -0.60489089 -2.09259261
v 0.08697017 -0.60489089 -3.46296294
v 0.00000000 -0.61111111 -2.09259261
v 0.00000000 -0.61111111 -3.46296294
v -0.08697017 -0.60489089 -2.09259261
v -0.08697017 -0.60489089 -3.46296294
v -0.17216989 -0.58635683 -2.09259261
v -0.17216989 -0.58635683 -3.46296294
v -0.25386472 -0.55588622 -2.09259261
v -0.25386472 -0.55588622 -3.46296294
v -0.33039161 -0.51409939 -2.09259261
v -0.33039161 -0.51409939 -3.46296294
v -0.40019267 -0.46184694 -2.09259261
v -0.40019267 -0.46184694 -3.46296294
v -0.46184694 -0.40019267 -2.09259261
v -0.46184694 -0.40019267 -3.46296294
v -0.51409939 -0.33039161 -2.09259261
v -0.51409939 -0.33039161 -3.46296294
v -0.55588622 -0.25386472 -2.09259261
v -0.55588622 -0.25386472 -3.46296294
v -0.58635683 -0.17216989 -2.09259261
v -0.58635683 -0.17216989 -3.46296294
v -0.60489089 -0.08697017 -2.09259261
v -0.60489089 -0.08697017 -3.46296294
v -0.44444444 0.00000000 -0.55555556
v -0.43805150 0.07511150 -0.55555556
v -0.41905667 0.14806211 -0.55555556
v -0.38800628 0.21675333 -0.55555556
v -0.34579367 0.27920889 -0.55555556
v -0.29363322 0.33363211 -0.55555556
v -0.23302544 0.37845739 -0.55555556
v -0.16571400 0.41239511 -0.55555556
v -0.09363522 0.43446900 -0.55555556
v -0.01886278 0.44404400 -0.55555556
v 0.05645239 0.44084461 -0.55555556
v 0.13014344 0.42496300 -0.55555556
v 0.20009056 0.39685594 -0.55555556
v 0.26428139 0.35733206 -0.55555556
v 0.32086939 0.30752839 -0.55555556
v 0.36822650 0.24887767 -0.55555556
v 0.40499044 0.18306722 -0.55555556
v 0.43010356 0.11199022 -0.55555556
v 0.44284333 0.03769150 -0.55555556
v 0.44284333 -0.03769150 -0.55555556
v 0.43010356 -0.11199022 -0.55555556
v 0.40499044 -0.18306722 -0.55555556
v 0.36822650 -0.24887767 -0.55555556
v 0.32086939 -0.30752839 -0.55555556
v 0.26428139 -0.35733206 -0.55555556
v 0.20009056 -0.39685594 -0.55555556
v 0.13014344 -0.42496300 -0.55555556
v 0.05645239 -0.44084461 -0.55555556
v -0.01886278 -0.44404400 -0.55555556
v -0.09363522 -0.43446900 -0.55555556
v -0.16571400 -0.41239511 -0.55555556
v -0.23302544 -0.37845739 -0.55555556
v -0.29363322 -0.33363211 -0.55555556
v -0.34579367 -0.27920889 -0.55555556
v -0.38800628 -0.21675333 -0.55555556
v -0.41905667 -0.14806211 -0.55555556
v -0.43805150 -0.07511150 -0.55555556
v -0.60543206 0.00000000 -0.67908572
v -0.58878200 0.00000000 -0.63888889
v -0.56229556 0.00000000 -0.60437111
v -0.52777778 0.00000000 -0.57788467
v -0.48758094 0.00000000 -0.56123461
v -0.26360617 -0.41017922 -0.56123461
v 0.06939000 -0.48261806 -0.56123461
v 0.41017922 -0.26360617 -0.56123461
v 0.41017922 0.26360617 -0.56123461
v 0.06939000 0.48261806 -0.56123461
v -0.26360617 0.41017922 -0.56123461
v -0.59926967 -0.08616194 -0.67908572
v -0.58278906 -0.08379244 -0.63888889
v -0.55657222 -0.08002300 -0.60437111
v -0.52240578 -0.07511061 -0.57788467
v -0.48261806 -0.06939000 -0.56123461
v -0.58090783 -0.17056994 -0.67908572
v -0.56493222 -0.16587906 -0.63888889
v -0.53951867 -0.15841694 -0.60437111
v -0.50639906 -0.14869217 -0.57788467
v -0.46783050 -0.13736744 -0.56123461
v -0.55072039 -0.25150556 -0.67908572
v -0.53557494 -0.24458889 -0.63888889
v -0.51148206 -0.23358600 -0.60437111
v -0.48008356 -0.21924683 -0.57788467
v -0.44351922 -0.20254844 -0.56123461
v -0.50932189 -0.32732128 -0.67908572
v -0.49531494 -0.31831961 -0.63888889
v -0.47303311 -0.30399994 -0.60437111
v -0.44399494 -0.28533822 -0.57788467
v -0.41017922 -0.26360617 -0.56123461
v -0.45755506 -0.39647372 -0.67908572
v -0.44497178 -0.38557022 -0.63888889
v -0.42495467 -0.36822528 -0.60437111
v -0.39886783 -0.34562094 -0.57788467
v -0.36848911 -0.31929761 -0.56123461
v -0.39647372 -0.45755506 -0.67908572
v -0.38557022 -0.44497178 -0.63888889
v -0.36822528 -0.42495467 -0.60437111
v -0.34562094 -0.39886783 -0.57788467
v -0.31929761 -0.36848911 -0.56123461
v -0.32732128 -0.50932189 -0.67908572
v -0.31831961 -0.49531494 -0.63888889
v -0.30399994 -0.47303311 -0.60437111
v -0.28533822 -0.44399494 -0.57788467
v -0.25150556 -0.55072039 -0.67908572
v -0.24458889 -0.53557494 -0.63888889
v -0.23358600 -0.51148206 -0.60437111
v -0.21924683 -0.48008356 -0.57788467
v -0.20254844 -0.44351922 -0.56123461
v -0.17056994 -0.58090783 -0.67908572
v -0.16587906 -0.56493222 -0.63888889
v -0.15841694 -0.53951867 -0.60437111
v -0.14869217 -0.50639906 -0.57788467
v -0.13736744 -0.46783050 -0.56123461
v -0.08616194 -0.59926967 -0.67908572
v -0.08379244 -0.58278906 -0.63888889
v -0.08002300 -0.55657222 -0.60437111
v -0.07511061 -0.52240578 -0.57788467
v -0.06939000 -0.48261806 -0.56123461
v 0.00000000 -0.60543206 -0.67908572
v 0.00000000 -0.58878200 -0.63888889
v 0.00000000 -0.56229556 -0.60437111
v 0.00000000 -0.52777778 -0.57788467
v 0.00000000 -0.48758094 -0.56123461
v 0.08616194 -0.59926967 -0.67908572
v 0.08379244 -0.58278906 -0.63888889
v 0.08002300 -0.55657222 -0.60437111
v 0.07511061 -0.52240578 -0.57788467
v 0.17056994 -0.58090783 -0.67908572
v 0.16587906 -0.56493222 -0.63888889
v 0.15841694 -0.53951867 -0.60437111
v 0.14869217 -0.50639906 -0.57788467
v 0.13736744 -0.46783050 -0.56123461
v 0.25150556 -0.55072039 -0.67908572
v 0.24458889 -0.53557494 -0.63888889
v 0.23358600 -0.51148206 -0.60437111
v 0.21924683 -0.48008356 -0.57788467
v 0.20254844 -0.44351922 -0.56123461
v 0.32732128 -0.50932189 -0.67908572
v 0.31831961 -0.49531494 -0.63888889
v 0.30399994 -0.47303311 -0.60437111
v 0.28533822 -0.44399494 -0.57788467
v 0.26360617 -0.41017922 -0.56123461
v 0.39647372 -0.45755506 -0.67908572
v 0.38557022 -0.44497178 -0.63888889
v 0.36822528 -0.42495467 -0.60437111
v 0.34562094 -0.39886783 -0.57788467
v 0.31929761 -0.36848911 -0.56123461
v 0.45755506 -0.39647372 -0.67908572
v 0.44497178 -0.38557022 -0.63888889
v 0.42495467 -0.36822528 -0.60437111
v 0.39886783 -0.34562094 -0.57788467
v 0.36848911 -0.31929761 -0.56123461
v 0.50932189 -0.32732128 -0.67908572
v 0.49531494 -0.31831961 -0.63888889
v 0.47303311 -0.30399994 -0.60437111
v 0.44399494 -0.28533822 -0.57788467
v 0.55072039 -0.25150556 -0.67908572
v 0.53557494 -0.24458889 -0.63888889
v 0.51148206 -0.23358600 -0.60437111
v 0.48008356 -0.21924683 -0.57788467
v 0.44351922 -0.20254844 -0.56123461
v 0.58090783 -0.17056994 -0.67908572
v 0.56493222 -0.16587906 -0.63888889
v 0.53951867 -0.15841694 -0.60437111
v 0.50639906 -0.14869217 -0.57788467
v 0.46783050 -0.13736744 -0.56123461
v 0.59926967 -0.08616194 -0.67908572
v 0.58278906 -0.08379244 -0.63888889
v 0.55657222 -0.08002300 -0.60437111
v 0.52240578 -0.07511061 -0.57788467
v 0.48261806 -0.06939000 -0.56123461
v 0.60543206 0.00000000 -0.67908572
v 0.58878200 0.00000000 -0.63888889
v 0.56229556 0.00000000 -0.60437111
v 0.52777778 0.00000000 -0.57788467
v 0.48758094 0.00000000 -0.56123461
v 0.59926967 0.08616194 -0.67908572
v 0.58278906 0.08379244 -0.63888889
v 0.55657222 0.08002300 -0.60437111
v 0.52240578 0.07511061 -0.57788467
v 0.48261806 0.06939000 -0.56123461
v 0.58090783 0.17056994 -0.67908572
v 0.56493222 0.16587906 -0.63888889
v 0.53951867 0.15841694 -0.60437111
v 0.50639906 0.14869217 -0.57788467
v 0.46783050 0.13736744 -0.56123461
v 0.55072039 0.25150556 -0.67908572
v 0.53557494 0.24458889 -0.63888889
v 0.51148206 0.23358600 -0.60437111
v 0.48008356 0.21924683 -0.57788467
v 0.44351922 0.20254844 -0.56123461
v 0.50932189 0.32732128 -0.67908572
v 0.49531494 0.31831961 -0.63888889
v 0.47303311 0.30399994 -0.60437111
v 0.44399494 0.28533822 -0.57788467
v 0.45755506 0.39647372 -0.67908572
v 0.44497178 0.38557022 -0.63888889
v 0.42495467 0.36822528 -0.60437111
v 0.39886783 0.34562094 -0.57788467
v 0.36848911 0.31929761 -0.56123461
v 0.39647372 0.45755506 -0.67908572
v 0.38557022 0.44497178 -0.63888889
v 0.36822528 0.42495467 -0.60437111
v 0.34562094 0.39886783 -0.57788467
v 0.31929761 0.36848911 -0.56123461
v 0.32732128 0.50932189 -0.67908572
v 0.31831961 0.49531494 -0.63888889
v 0.30399994 0.47303311 -0.60437111
v 0.28533822 0.44399494 -0.57788467
v 0.26360617 0.41017922 -0.56123461
v 0.25150556 0.55072039 -0.67908572
v 0.24458889 0.53557494 -0.63888889
v 0.23358600 0.51148206 -0.60437111
v 0.21924683 0.48008356 -0.57788467
v 0.20254844 0.44351922 -0.56123461
v 0.17056994 0.58090783 -0.67908572
v 0.16587906 0.56493222 -0.63888889
v 0.15841694 0.53951867 -0.60437111
v 0.14869217 0.50639906 -0.57788467
v 0.13736744 0.46783050 -0.56123461
v 0.08616194 0.59926967 -0.67908572
v 0.08379244 0.58278906 -0.63888889
v 0.08002300 0.55657222 -0.60437111
v 0.07511061 0.52240578 -0.57788467
v 0.00000000 0.60543206 -0.67908572
v 0.00000000 0.58878200 -0.63888889
v 0.00000000 0.56229556 -0.60437111
v 0.00000000 0.52777778 -0.57788467
v 0.00000000 0.48758094 -0.56123461
v -0.08616194 0.59926967 -0.67908572
v -0.08379244 0.58278906 -0.63888889
v -0.08002300 0.55657222 -0.60437111
v -0.07511061 0.52240578 -0.57788467
v -0.06939000 0.48261806 -0.56123461
v -0.17056994 0.58090783 -0.67908572
v -0.16587906 0.56493222 -0.63888889
v -0.15841694 0.53951867 -0.60437111
v -0.14869217 0.50639906 -0.57788467
v -0.13736744 0.46783050 -0.56123461
v -0.25150556 0.55072039 -0.67908572
v -0.24458889 0.53557494 -0.63888889
v -0.23358600 0.51148206 -0.60437111
v -0.21924683 0.48008356 -0.57788467
v -0.20254844 0.44351922 -0.56123461
v -0.32732128 0.50932189 -0.67908572
v -0.31831961 0.49531494 -0.63888889
v -0.30399994 0.47303311 -0.60437111
v -0.28533822 0.44399494 -0.57788467
v -0.39647372 0.45755506 -0.67908572
v -0.38557022 0.44497178 -0.63888889
v -0.36822528 0.42495467 -0.60437111
v -0.34562094 0.39886783 -0.57788467
v -0.31929761 0.36848911 -0.56123461
v -0.45755506 0.39647372 -0.67908572
v -0.44497178 0.38557022 -0.63888889
v -0.42495467 0.36822528 -0.60437111
v -0.39886783 0.34562094 -0.57788467
v -0.36848911 0.31929761 -0.56123461
v -0.50932189 0.32732128 -0.67908572
v -0.49531494 0.31831961 -0.63888889
v -0.47303311 0.30399994 -0.60437111
v -0.44399494 0.28533822 -0.57788467
v -0.41017922 0.26360617 -0.56123461
v -0.55072039 0.25150556 -0.67908572
v -0.53557494 0.24458889 -0.63888889
v -0.51148206 0.23358600 -0.60437111
v -0.48008356 0.21924683 -0.57788467
v -0.44351922 0.20254844 -0.56123461
v -0.58090783 0.17056994 -0.67908572
v -0.56493222 0.16587906 -0.63888889
v -0.53951867 0.15841694 -0.60437111
v -0.50639906 0.14869217 -0.57788467
v -0.46783050 0.13736744 -0.56123461
v -0.59926967 0.08616194 -0.67908572
v -0.58278906 0.08379244 -0.63888889
v -0.55657222 0.08002300 -0.60437111
v -0.52240578 0.07511061 -0.57788467
v -0.48261806 0.06939000 -0.56123461
v 0.08333333 0.00000000 -0.55555556
v 0.08049383 -0.02156828 -0.55555556
v 0.07216878 -0.04166667 -0.55555556
v 0.05892556 -0.05892556 -0.55555556
v 0.04166667 -0.07216878 -0.55555556
v 0.02156828 -0.08049383 -0.55555556
v 0.00000000 -0.08333333 -0.55555556
v -0.02156828 -0.08049383 -0.55555556
v -0.04166667 -0.07216878 -0.55555556
v -0.05892556 -0.05892556 -0.55555556
v -0.07216878 -0.04166667 -0.55555556
v -0.08049383 -0.02156828 -0.55555556
v -0.08333333 0.00000000 -0.55555556
v -0.08049383 0.02156828 -0.55555556
v -0.07216878 0.04166667 -0.55555556
v -0.05892556 0.05892556 -0.55555556
v -0.04166667 0.07216878 -0.55555556
v -0.02156828 0.08049383 -0.55555556
v 0.00000000 0.08333333 -0.55555556
v 0.02156828 0.08049383 -0.55555556
v 0.04166667 0.07216878 -0.55555556
v 0.05892556 0.05892556 -0.55555556
v 0.07216878 0.04166667 -0.55555556
v 0.08049383 0.02156828 -0.55555556
v -0.27056944 0.00000000 4.42670828
v -0.26424372 0.05816444 4.42670828
v -0.24556222 0.11360917 4.42670828
v -0.21539850 0.16374167 4.42670828
v -0.17516294 0.20621778 4.42670828
v -0.12673700 0.23905139 4.42670828
v -0.07238500 0.26070722 4.42670828
v -0.01464833 0.27017267 4.42670828
v 0.04377328 0.26700511 4.42670828
v 0.10014811 0.25135272 4.42670828
v 0.15184011 0.22394739 4.42670828
v 0.19643222 0.18607050 4.42670828
v 0.23183939 0.13949311 4.42670828
v 0.25640600 0.08639322 4.42670828
v 0.26898339 0.02925372 4.42670828
v 0.26898339 -0.02925372 4.42670828
v 0.25640600 -0.08639322 4.42670828
v 0.23183939 -0.13949311 4.42670828
v 0.19643222 -0.18607050 4.42670828
v 0.15184011 -0.22394739 4.42670828
v 0.10014811 -0.25135272 4.42670828
v 0.04377328 -0.26700511 4.42670828
v -0.01464833 -0.27017267 4.42670828
v -0.07238500 -0.26070722 4.42670828
v -0.12673700 -0.23905139 4.42670828
v -0.17516294 -0.20621778 4.42670828
v -0.21539850 -0.16374167 4.42670828
v -0.24556222 -0.11360917 4.42670828
v -0.26424372 -0.05816444 4.42670828
v 0.25000000 0.00000000 4.33333333
v 0.24373200 0.05563022 4.33333333
v 0.22524222 0.10847094 4.33333333
v 0.19545789 0.15587244 4.33333333
v 0.15587244 0.19545789 4.33333333
v 0.10847094 0.22524222 4.33333333
v 0.05563022 0.24373200 4.33333333
v 0.00000000 0.25000000 4.33333333
v -0.05563022 0.24373200 4.33333333
v -0.10847094 0.22524222 4.33333333
v -0.15587244 0.19545789 4.33333333
v -0.19545789 0.15587244 4.33333333
v -0.22524222 0.10847094 4.33333333
v -0.24373200 0.05563022 4.33333333
v -0.25000000 0.00000000 4.33333333
v -0.24373200 -0.05563022 4.33333333
v -0.22524222 -0.10847094 4.33333333
v -0.19545789 -0.15587244 4.33333333
v -0.15587244 -0.19545789 4.33333333
v -0.10847094 -0.22524222 4.33333333
v -0.05563022 -0.24373200 4.33333333
v 0.00000000 -0.25000000 4.33333333
v 0.05563022 -0.24373200 4.33333333
v 0.10847094 -0.22524222 4.33333333
v 0.15587244 -0.19545789 4.33333333
v 0.19545789 -0.15587244 4.33333333
v 0.22524222 -0.10847094 4.33333333
v 0.24373200 -0.05563022 4.33333333
v -0.26536617 0.00000000 4.37890144
v -0.25916206 0.05704589 4.37890144
v -0.24083983 0.11142439 4.37890144
v -0.21125617 0.16059278 4.37890144
v -0.17179444 0.20225206 4.37890144
v -0.12429978 0.23445422 4.37890144
v -0.07099300 0.25569361 4.37890144
v -0.01436661 0.26497700 4.37890144
v 0.04293144 0.26187039 4.37890144
v 0.09822217 0.24651900 4.37890144
v 0.14892006 0.21964067 4.37890144
v 0.19265467 0.18249217 4.37890144
v 0.22738094 0.13681056 4.37890144
v 0.25147511 0.08473183 4.37890144
v 0.26381061 0.02869111 4.37890144
v 0.26381061 -0.02869111 4.37890144
v 0.25147511 -0.08473183 4.37890144
v 0.22738094 -0.13681056 4.37890144
v 0.19265467 -0.18249217 4.37890144
v 0.14892006 -0.21964067 4.37890144
v 0.09822217 -0.24651900 4.37890144
v 0.04293144 -0.26187039 4.37890144
v -0.01436661 -0.26497700 4.37890144
v -0.07099300 -0.25569361 4.37890144
v -0.12429978 -0.23445422 4.37890144
v -0.17179444 -0.20225206 4.37890144
v -0.21125617 -0.16059278 4.37890144
v -0.24083983 -0.11142439 4.37890144
v -0.25916206 -0.05704589 4.37890144
v 0.27056944 0.00000000 5.00000000
v 0.26424372 -0.05816444 5.00000000
v 0.24556222 -0.11360917 5.00000000
v 0.21539850 -0.16374167 5.00000000
v 0.17516294 -0.20621778 5.00000000
v 0.12673700 -0.23905139 5.00000000
v 0.07238500 -0.26070722 5.00000000
v 0.01464833 -0.27017267 5.00000000
v -0.04377328 -0.26700511 5.00000000
v -0.10014811 -0.25135272 5.00000000
v -0.15184011 -0.22394739 5.00000000
v -0.19643222 -0.18607050 5.00000000
v -0.23183939 -0.13949311 5.00000000
v -0.25640600 -0.08639322 5.00000000
v -0.26898339 -0.02925372 5.00000000
v -0.26898339 0.02925372 5.00000000
v -0.25640600 0.08639322 5.00000000
v -0.23183939 0.13949311 5.00000000
v -0.19643222 0.18607050 5.00000000
v -0.15184011 0.22394739 5.00000000
v -0.10014811 0.25135272 5.00000000
v -0.04377328 0.26700511 5.00000000
v 0.01464833 0.27017267 5.00000000
v 0.07238500 0.26070722 5.00000000
v 0.12673700 0.23905139 5.00000000
v 0.17516294 0.20621778 5.00000000
v 0.21539850 0.16374167 5.00000000
v 0.24556222 0.11360917 5.00000000
v 0.26424372 0.05816444 5.00000000
v 0.08333333 0.00000000 4.16666667
v 0.08049383 0.02156828 4.16666667
v 0.07216878 0.04166667 4.16666667
v 0.05892556 0.05892556 4.16666667
v 0.04166667 0.07216878 4.16666667
v 0.02156828 0.08049383 4.16666667
v 0.00000000 0.08333333 4.16666667
v -0.02156828 0.08049383 4.16666667
v -0.04166667 0.07216878 4.16666667
v -0.05892556 0.05892556 4.16666667
v -0.07216878 0.04166667 4.16666667
v -0.08049383 0.02156828 4.16666667
v -0.08333333 0.00000000 4.16666667
v -0.08049383 -0.02156828 4.16666667
v -0.07216878 -0.04166667 4.16666667
v -0.05892556 -0.05892556 4.16666667
v -0.04166667 -0.07216878 4.16666667
v -0.02156828 -0.08049383 4.16666667
v 0.00000000 -0.08333333 4.16666667
v 0.02156828 -0.08049383 4.16666667
v 0.04166667 -0.07216878 4.16666667
v 0.05892556 -0.05892556 4.16666667
v 0.07216878 -0.04166667 4.16666667
v 0.08049383 -0.02156828 4.16666667
v 0.08333333 0.00000000 -0.08333333
v 0.08333333 0.00000000 0.38888889
v 0.08333333 0.00000000 0.86111111
v 0.08333333 0.00000000 1.33333333
v 0.08333333 0.00000000 1.80555556
v 0.08333333 0.00000000 2.27777778
v 0.08333333 0.00000000 2.75000000
v 0.08333333 0.00000000 3.22222222
v 0.08333333 0.00000000 3.69444444
v 0.08049383 0.02156828 -0.08333333
v 0.08049383 0.02156828 0.38888889
v 0.08049383 0.02156828 0.86111111
v 0.08049383 0.02156828 1.33333333
v 0.08049383 0.02156828 1.80555556
v 0.08049383 0.02156828 2.27777778
v 0.08049383 0.02156828 2.75000000
v 0.08049383 0.02156828 3.22222222
v 0.08049383 0.02156828 3.69444444
v 0.07216878 0.04166667 -0.08333333
v 0.07216878 0.04166667 0.38888889
v 0.07216878 0.04166667 0.86111111
v 0.07216878 0.04166667 1.33333333
v 0.07216878 0.04166667 1.80555556
v 0.07216878 0.04166667 2.27777778
v 0.07216878 0.04166667 2.75000000
v 0.07216878 0.04166667 3.22222222
v 0.07216878 0.04166667 3.69444444
v 0.05892556 0.05892556 -0.08333333
v 0.05892556 0.05892556 0.38888889
v 0.05892556 0.05892556 0.86111111
v 0.05892556 0.05892556 1.33333333
v 0.05892556 0.05892556 1.80555556
v 0.05892556 0.05892556 2.27777778
v 0.05892556 0.05892556 2.75000000
v 0.05892556 0.05892556 3.22222222
v 0.05892556 0.05892556 3.69444444
v 0.04166667 0.07216878 -0.08333333
v 0.04166667 0.07216878 0.38888889
v 0.04166667 0.07216878 0.86111111
v 0.04166667 0.07216878 1.33333333
v 0.04166667 0.07216878 1.80555556
v 0.04166667 0.07216878 2.27777778
v 0.04166667 0.07216878 2.75000000
v 0.04166667 0.07216878 3.22222222
v 0.04166667 0.07216878 3.69444444
v 0.02156828 0.08049383 -0.08333333
v 0.02156828 0.08049383 0.38888889
v 0.02156828 0.08049383 0.86111111
v 0.02156828 0.08049383 1.33333333
v 0.02156828 0.08049383 1.80555556
v 0.02156828 0.08049383 2.27777778
v 0.02156828 0.08049383 2.75000000
v 0.02156828 0.08049383 3.22222222
v 0.02156828 0.08049383 3.69444444
v 0.00000000 0.08333333 -0.08333333
v 0.00000000 0.08333333 0.38888889
v 0.00000000 0.08333333 0.86111111
v 0.00000000 0.08333333 1.33333333
v 0.00000000 0.08333333 1.80555556
v 0.00000000 0.08333333 2.27777778
v 0.00000000 0.08333333 2.75000000
v 0.00000000 0.08333333 3.22222222
v 0.00000000 0.08333333 3.69444444
v -0.02156828 0.08049383 -0.08333333
v -0.02156828 0.08049383 0.38888889
v -0.02156828 0.08049383 0.86111111
v -0.02156828 0.08049383 1.33333333
v -0.02156828 0.08049383 1.80555556
v -0.02156828 0.08049383 2.27777778
v -0.02156828 0.08049383 2.75000000
v -0.02156828 0.08049383 3.22222222
v -0.02156828 0.08049383 3.69444444
v -0.04166667 0.07216878 -0.08333333
v -0.04166667 0.07216878 0.38888889
v -0.04166667 0.07216878 0.86111111
v -0.04166667 0.07216878 1.33333333
v -0.04166667 0.07216878 1.80555556
v -0.04166667 0.07216878 2.27777778
v -0.04166667 0.07216878 2.75000000
v -0.04166667 0.07216878 3.22222222
v -0.04166667 0.07216878 3.69444444
v -0.05892556 0.05892556 -0.08333333
v -0.05892556 0.05892556 0.38888889
v -0.05892556 0.05892556 0.86111111
v -0.05892556 0.05892556 1.33333333
v -0.05892556 0.05892556 1.80555556
v -0.05892556 0.05892556 2.27777778
v -0.05892556 0.05892556 2.75000000
v -0.05892556 0.05892556 3.22222222
v -0.05892556 0.05892556 3.69444444
v -0.07216878 0.04166667 -0.08333333
v -0.07216878 0.04166667 0.38888889
v -0.07216878 0.04166667 0.86111111
v -0.07216878 0.04166667 1.33333333
v -0.07216878 0.04166667 1.80555556
v -0.07216878 0.04166667 2.27777778
v -0.07216878 0.04166667 2.75000000
v -0.07216878 0.04166667 3.22222222
v -0.07216878 0.04166667 3.69444444
v -0.08049383 0.02156828 -0.08333333
v -0.08049383 0.02156828 0.38888889
v -0.08049383 0.02156828 0.86111111
v -0.08049383 0.02156828 1.33333333
v -0.08049383 0.02156828 1.80555556
v -0.08049383 0.02156828 2.27777778
v -0.08049383 0.02156828 2.75000000
v -0.08049383 0.02156828 3.22222222
v -0.08049383 0.02156828 3.69444444
v -0.08333333 0.00000000 -0.08333333
v -0.08333333 0.00000000 0.38888889
v -0.08333333 0.00000000 0.86111111
v -0.08333333 0.00000000 1.33333333
v -0.08333333 0.00000000 1.80555556
v -0.08333333 0.00000000 2.27777778
v -0.08333333 0.00000000 2.75000000
v -0.08333333 0.00000000 3.22222222
v -0.08333333 0.00000000 3.69444444
v -0.08049383 -0.02156828 -0.08333333
v -0.08049383 -0.02156828 0.38888889
v -0.08049383 -0.02156828 0.86111111
v -0.08049383 -0.02156828 1.33333333
v -0.08049383 -0.02156828 1.80555556
v -0.08049383 -0.02156828 2.27777778
v -0.08049383 -0.02156828 2.75000000
v -0.08049383 -0.02156828 3.22222222
v -0.08049383 -0.02156828 3.69444444
v -0.07216878 -0.04166667 -0.08333333
v -0.07216878 -0.04166667 0.38888889
v -0.07216878 -0.04166667 0.86111111
v -0.07216878 -0.04166667 1.33333333
v -0.07216878 -0.04166667 1.80555556
v -0.07216878 -0.04166667 2.27777778
v -0.07216878 -0.04166667 2.75000000
v -0.07216878 -0.04166667 3.22222222
v -0.07216878 -0.04166667 3.69444444
v -0.05892556 -0.05892556 -0.08333333
v -0.05892556 -0.05892556 0.38888889
v -0.05892556 -0.05892556 0.86111111
v -0.05892556 -0.05892556 1.33333333
v -0.05892556 -0.05892556 1.80555556
v -0.05892556 -0.05892556 2.27777778
v -0.05892556 -0.05892556 2.75000000
v -0.05892556 -0.05892556 3.22222222
v -0.05892556 -0.05892556 3.69444444
v -0.04166667 -0.07216878 -0.08333333
v -0.04166667 -0.07216878 0.38888889
v -0.04166667 -0.07216878 0.86111111
v -0.04166667 -0.07216878 1.33333333
v -0.04166667 -0.07216878 1.80555556
v -0.04166667 -0.07216878 2.27777778
v -0.04166667 -0.07216878 2.75000000
v -0.04166667 -0.07216878 3.22222222
v -0.04166667 -0.07216878 3.69444444
v -0.02156828 -0.08049383 -0.08333333
v -0.02156828 -0.08049383 0.38888889
v -0.02156828 -0.08049383 0.86111111
v -0.02156828 -0.08049383 1.33333333
v -0.02156828 -0.08049383 1.80555556
v -0.02156828 -0.08049383 2.27777778
v -0.02156828 -0.08049383 2.75000000
v -0.02156828 -0.08049383 3.22222222
v -0.02156828 -0.08049383 3.69444444
v 0.00000000 -0.08333333 -0.08333333
v 0.00000000 -0.08333333 0.38888889
v 0.00000000 -0.08333333 0.86111111
v 0.00000000 -0.08333333 1.33333333
v 0.00000000 -0.08333333 1.80555556
v 0.00000000 -0.08333333 2.27777778
v 0.00000000 -0.08333333 2.75000000
v 0.00000000 -0.08333333 3.22222222
v 0.00000000 -0.08333333 3.69444444
v 0.02156828 -0.08049383 -0.08333333
v 0.02156828 -0.08049383 0.38888889
v 0.02156828 -0.08049383 0.86111111
v 0.02156828 -0.08049383 1.33333333
v 0.02156828 -0.08049383 1.80555556
v 0.02156828 -0.08049383 2.27777778
v 0.02156828 -0.08049383 2.75000000
v 0.02156828 -0.08049383 3.22222222
v 0.02156828 -0.08049383 3.69444444
v 0.04166667 -0.07216878 -0.08333333
v 0.04166667 -0.07216878 0.38888889
v 0.04166667 -0.07216878 0.86111111
v 0.04166667 -0.07216878 1.33333333
v 0.04166667 -0.07216878 1.80555556
v 0.04166667 -0.07216878 2.27777778
v 0.04166667 -0.07216878 2.75000000
v 0.04166667 -0.07216878 3.22222222
v 0.04166667 -0.07216878 3.69444444
v 0.05892556 -0.05892556 -0.08333333
v 0.05892556 -0.05892556 0.38888889
v 0.05892556 -0.05892556 0.86111111
v 0.05892556 -0.05892556 1.33333333
v 0.05892556 -0.05892556 1.80555556
v 0.05892556 -0.05892556 2.27777778
v 0.05892556 -0.05892556 2.75000000
v 0.05892556 -0.05892556 3.22222222
v 0.05892556 -0.05892556 3.69444444
v 0.07216878 -0.04166667 -0.08333333
v 0.07216878 -0.04166667 0.38888889
v 0.07216878 -0.04166667 0.86111111
v 0.07216878 -0.04166667 1.33333333
v 0.07216878 -0.04166667 1.80555556
v 0.07216878 -0.04166667 2.27777778
v 0.07216878 -0.04166667 2.75000000
v 0.07216878 -0.04166667 3.22222222
v 0.07216878 -0.04166667 3.69444444
v 0.08049383 -0.02156828 -0.08333333
v 0.08049383 -0.02156828 0.38888889
v 0.08049383 -0.02156828 0.86111111
v 0.08049383 -0.02156828 1.33333333
v 0.08049383 -0.02156828 1.80555556
v 0.08049383 -0.02156828 2.27777778
v 0.08049383 -0.02156828 2.75000000
v 0.08049383 -0.02156828 3.22222222
v 0.08049383 -0.02156828 3.69444444
v 0.10320972 0.17876450 5.00000000
v -0.10320972 0.17876450 5.00000000
v -0.10320972 0.17876450 4.44444444
v 0.10320972 0.17876450 4.44444444
v -0.20641944 0.00000000 5.00000000
v -0.20641944 0.00000000 4.44444444
v -0.10320972 -0.17876450 5.00000000
v -0.10320972 -0.17876450 4.44444444
v 0.10320972 -0.17876450 5.00000000
v 0.10320972 -0.17876450 4.44444444
v 0.20641944 0.00000000 5.00000000
v 0.20641944 0.00000000 4.44444444
vt 0.47123900 3.17970700
vt 0.78849300 -0.13520100
vt 0.75430200 -0.26651200
vt 0.69841100 -0.39015600
vt 0.62242900 -0.50257600
vt 0.52854000 -0.60053800
vt 0.41944600 -0.68122300
vt 0.29828500 -0.74231100
vt 0.16854300 -0.78204400
vt 0.47123900 -1.63282200
vt -0.10161400 -0.79352000
vt -0.23425800 -0.76493300
vt -0.36016300 -0.71434100
vt -0.47570700 -0.64319800
vt -0.57756500 -0.55355100
vt -0.66280800 -0.44798000
vt -0.72898300 -0.32952100
vt -0.77418600 -0.20158200
vt -0.79711800 -0.06784500
vt 0.47123900 0.08593800
vt -0.77418600 0.20158200
vt -0.72898300 0.32952100
vt -7.70000000 -1.41371700
vt -0.57756500 0.55355100
vt -0.47570700 0.64319800
vt -7.70000000 -1.25663700
vt -0.23425800 0.76493300
vt -0.10161400 0.79352000
vt -7.70000000 -0.78539800
vt 0.16854300 0.78204400
vt 0.29828500 0.74231100
vt -7.70000000 -0.31415900
vt 0.52854000 0.60053800
vt 0.62242900 0.50257600
vt -5.23333300 0.00000000
vt 0.75430200 0.26651200
vt 0.78849300 0.13520100
vt -0.30000000 -3.45575200
vt -0.30000000 3.29867200
vt -0.30000000 3.14159300
vt -0.30000000 2.98451300
vt -0.30000000 2.82743300
vt -0.30000000 2.67035400
vt -0.30000000 2.51327400
vt -0.30000000 2.35619400
vt -0.30000000 2.19911500
vt -0.30000000 2.04203500
vt -0.30000000 1.88495600
vt -0.30000000 1.72787600
vt -0.30000000 1.57079600
vt -0.30000000 1.41371700
vt -0.30000000 1.25663700
vt -0.30000000 1.09955700
vt -0.30000000 0.94247800
vt -0.30000000 0.78539800
vt -0.30000000 0.62831900
vt -0.30000000 0.47123900
vt -0.30000000 0.31415900
vt -0.30000000 0.15708000
vt -0.30000000 0.00000000
vt -0.30000000 -0.15708000
vt -0.30000000 -0.31415900
vt -0.30000000 -0.47123900
vt -0.30000000 -0.62831900
vt -0.30000000 -0.78539800
vt -0.30000000 -0.94247800
vt -0.30000000 -1.09955700
vt -0.30000000 -1.25663700
vt -0.30000000 -1.41371700
vt -0.30000000 -1.57079600
vt -0.30000000 -1.72787600
vt -0.30000000 -1.88495600
vt -0.30000000 -2.04203500
vt -0.30000000 -2.19911500
vt -0.30000000 -2.35619400
vt -0.30000000 -2.51327400
vt -0.30000000 -2.67035400
vt -0.30000000 -2.82743300
vt -0.30000000 -2.98451300
vt -0.30000000 -3.14159300
vt -0.30000000 -3.29867200
vt 0.47123900 3.17970700
vt 0.31415900 -3.17970700
vt 0.23561900 -3.17970700
vt 0.15708000 -3.17970700
vt 0.07854000 -3.17970700
vt 0.39269900 -2.16798200
vt 0.39269900 -1.44532100
vt 0.39269900 -0.57812800
vt 0.39269900 0.57812800
vt 0.39269900 1.44532100
vt 0.39269900 2.16798200
vt 0.39269900 -3.03517400
vt 0.31415900 -3.03517400
vt 0.23561900 -3.03517400
vt 0.15708000 -3.03517400
vt 0.07854000 -3.03517400
vt 0.39269900 -2.89064200
vt 0.31415900 -2.89064200
vt 0.23561900 -2.89064200
vt 0.15708000 -2.89064200
vt 0.07854000 -2.89064200
vt 0.39269900 -2.74611000
vt 0.31415900 -2.74611000
vt 0.23561900 -2.74611000
vt 0.15708000 -2.74611000
vt 0.07854000 -2.74611000
vt 0.39269900 -2.60157800
vt 0.31415900 -2.60157800
vt 0.23561900 -2.60157800
vt 0.15708000 -2.60157800
vt 0.07854000 -2.60157800
vt 0.39269900 -2.45704600
vt 0.31415900 -2.45704600
vt 0.23561900 -2.45704600
vt 0.15708000 -2.45704600
vt 0.07854000 -2.45704600
vt 0.39269900 -2.31251400
vt 0.31415900 -2.31251400
vt 0.23561900 -2.31251400
vt 0.15708000 -2.31251400
vt 0.07854000 -2.31251400
vt 0.39269900 -2.02345000
vt 0.31415900 -2.02345000
vt 0.23561900 -2.02345000
vt 0.15708000 -2.02345000
vt 0.07854000 -2.02345000
vt 0.07854000 -2.16798200
vt 0.15708000 -2.16798200
vt 0.23561900 -2.16798200
vt 0.31415900 -2.16798200
vt 0.39269900 -1.87891800
vt 0.31415900 -1.87891800
vt 0.23561900 -1.87891800
vt 0.15708000 -1.87891800
vt 0.07854000 -1.87891800
vt 0.39269900 -1.73438500
vt 0.31415900 -1.73438500
vt 0.23561900 -1.73438500
vt 0.15708000 -1.73438500
vt 0.07854000 -1.73438500
vt 0.39269900 -1.58985300
vt 0.31415900 -1.58985300
vt 0.23561900 -1.58985300
vt 0.15708000 -1.58985300
vt 0.07854000 -1.58985300
vt 0.31415900 -1.44532100
vt 0.23561900 -1.44532100
vt 0.15708000 -1.44532100
vt 0.07854000 -1.44532100
vt 0.39269900 -1.15625700
vt 0.31415900 -1.15625700
vt 0.23561900 -1.15625700
vt 0.15708000 -1.15625700
vt 0.07854000 -1.15625700
vt 0.07854000 -1.30078900
vt 0.15708000 -1.30078900
vt 0.23561900 -1.30078900
vt 0.31415900 -1.30078900
vt 0.39269900 -1.30078900
vt 0.39269900 -1.01172500
vt 0.31415900 -1.01172500
vt 0.23561900 -1.01172500
vt 0.15708000 -1.01172500
vt 0.07854000 -1.01172500
vt 0.39269900 -0.86719300
vt 0.31415900 -0.86719300
vt 0.23561900 -0.86719300
vt 0.15708000 -0.86719300
vt 0.07854000 -0.86719300
vt 0.39269900 -0.72266100
vt 0.31415900 -0.72266100
vt 0.23561900 -0.72266100
vt 0.15708000 -0.72266100
vt 0.07854000 -0.72266100
vt 0.31415900 -0.57812800
vt 0.23561900 -0.57812800
vt 0.15708000 -0.57812800
vt 0.07854000 -0.57812800
vt 0.39269900 -0.28906400
vt 0.31415900 -0.28906400
vt 0.23561900 -0.28906400
vt 0.15708000 -0.28906400
vt 0.07854000 -0.28906400
vt 0.07854000 -0.43359600
vt 0.15708000 -0.43359600
vt 0.23561900 -0.43359600
vt 0.31415900 -0.43359600
vt 0.39269900 -0.43359600
vt 0.39269900 -0.14453200
vt 0.31415900 -0.14453200
vt 0.23561900 -0.14453200
vt 0.15708000 -0.14453200
vt 0.07854000 -0.14453200
vt 0.39269900 0.00000000
vt 0.31415900 0.00000000
vt 0.23561900 0.00000000
vt 0.15708000 0.00000000
vt 0.07854000 0.00000000
vt 0.39269900 0.14453200
vt 0.31415900 0.14453200
vt 0.23561900 0.14453200
vt 0.15708000 0.14453200
vt 0.07854000 0.14453200
vt 0.39269900 0.28906400
vt 0.31415900 0.28906400
vt 0.23561900 0.28906400
vt 0.15708000 0.28906400
vt 0.07854000 0.28906400
vt 0.39269900 0.43359600
vt 0.31415900 0.43359600
vt 0.23561900 0.43359600
vt 0.15708000 0.43359600
vt 0.07854000 0.43359600
vt 0.39269900 0.72266100
vt 0.31415900 0.72266100
vt 0.23561900 0.72266100
vt 0.15708000 0.72266100
vt 0.07854000 0.72266100
vt 0.07854000 0.57812800
vt 0.15708000 0.57812800
vt 0.23561900 0.57812800
vt 0.31415900 0.57812800
vt 0.39269900 0.86719300
vt 0.31415900 0.86719300
vt 0.23561900 0.86719300
vt 0.15708000 0.86719300
vt 0.07854000 0.86719300
vt 0.39269900 1.01172500
vt 0.31415900 1.01172500
vt 0.23561900 1.01172500
vt 0.15708000 1.01172500
vt 0.07854000 1.01172500
vt 0.39269900 1.15625700
vt 0.31415900 1.15625700
vt 0.23561900 1.15625700
vt 0.15708000 1.15625700
vt 0.07854000 1.15625700
vt 0.39269900 1.30078900
vt 0.31415900 1.30078900
vt 0.23561900 1.30078900
vt 0.15708000 1.30078900
vt 0.07854000 1.30078900
vt 0.39269900 1.58985300
vt 0.31415900 1.58985300
vt 0.23561900 1.58985300
vt 0.15708000 1.58985300
vt 0.07854000 1.58985300
vt 0.07854000 1.44532100
vt 0.15708000 1.44532100
vt 0.23561900 1.44532100
vt 0.31415900 1.44532100
vt 0.39269900 1.73438500
vt 0.31415900 1.73438500
vt 0.23561900 1.73438500
vt 0.15708000 1.73438500
vt 0.07854000 1.73438500
vt 0.39269900 1.87891800
vt 0.31415900 1.87891800
vt 0.23561900 1.87891800
vt 0.15708000 1.87891800
vt 0.07854000 1.87891800
vt 0.39269900 2.02345000
vt 0.31415900 2.02345000
vt 0.23561900 2.02345000
vt 0.15708000 2.02345000
vt 0.07854000 2.02345000
vt 0.31415900 2.16798200
vt 0.23561900 2.16798200
vt 0.15708000 2.16798200
vt 0.07854000 2.16798200
vt 0.39269900 2.45704600
vt 0.31415900 2.45704600
vt 0.23561900 2.45704600
vt 0.15708000 2.45704600
vt 0.07854000 2.45704600
vt 0.07854000 2.31251400
vt 0.15708000 2.31251400
vt 0.23561900 2.31251400
vt 0.31415900 2.31251400
vt 0.39269900 2.31251400
vt 0.39269900 2.60157800
vt 0.31415900 2.60157800
vt 0.23561900 2.60157800
vt 0.15708000 2.60157800
vt 0.07854000 2.60157800
vt 0.39269900 2.74611000
vt 0.31415900 2.74611000
vt 0.23561900 2.74611000
vt 0.15708000 2.74611000
vt 0.07854000 2.74611000
vt 0.39269900 2.89064200
vt 0.31415900 2.89064200
vt 0.23561900 2.89064200
vt 0.15708000 2.89064200
vt 0.07854000 2.89064200
vt 0.39269900 3.03517400
vt 0.31415900 3.03517400
vt 0.23561900 3.03517400
vt 0.15708000 3.03517400
vt 0.07854000 3.03517400
vt -0.07854000 -3.17970700
vt -0.00000000 3.03517400
vt -0.00000000 2.89064200
vt -0.00000000 2.74611000
vt -0.00000000 2.60157800
vt -0.00000000 2.45704600
vt -0.00000000 2.31251400
vt -0.00000000 2.16798200
vt -0.00000000 2.02345000
vt -0.00000000 1.87891800
vt -0.00000000 1.73438500
vt -0.00000000 1.58985300
vt -0.00000000 1.44532100
vt -0.00000000 1.30078900
vt -0.00000000 1.15625700
vt -0.00000000 1.01172500
vt -0.00000000 0.86719300
vt -0.00000000 0.72266100
vt -0.00000000 0.57812800
vt -0.00000000 0.43359600
vt -0.00000000 0.28906400
vt -0.00000000 0.14453200
vt -0.00000000 0.00000000
vt -0.00000000 -0.14453200
vt -0.00000000 -0.28906400
vt -0.00000000 -0.43359600
vt -0.00000000 -0.57812800
vt -0.00000000 -0.72266100
vt -0.00000000 -0.86719300
vt -0.00000000 -1.01172500
vt -0.00000000 -1.15625700
vt -0.00000000 -1.30078900
vt -0.00000000 -1.44532100
vt -0.00000000 -1.58985300
vt -0.00000000 -1.73438500
vt -0.00000000 -1.87891800
vt -0.00000000 -2.02345000
vt -0.00000000 -2.16798200
vt -0.00000000 -2.31251400
vt -0.00000000 -2.45704600
vt -0.00000000 -2.60157800
vt -0.00000000 -2.74611000
vt -0.00000000 -2.89064200
vt -0.00000000 -3.03517400
vt -5.23333300 3.45575200
vt -0.30000000 3.45575200
vt -5.23333300 3.29867200
vt -2.76666700 3.29867200
vt -5.23333300 3.14159300
vt -2.76666700 3.14159300
vt -5.23333300 2.98451300
vt -2.76666700 2.98451300
vt -5.23333300 2.82743300
vt -2.76666700 2.82743300
vt -5.23333300 2.67035400
vt -2.76666700 2.67035400
vt -5.23333300 2.51327400
vt -2.76666700 2.51327400
vt -5.23333300 2.35619400
vt -2.76666700 2.35619400
vt -5.23333300 2.19911500
vt -2.76666700 2.19911500
vt -5.23333300 2.04203500
vt -2.76666700 2.04203500
vt -5.23333300 1.88495600
vt -2.76666700 1.88495600
vt -5.23333300 1.72787600
vt -2.76666700 1.72787600
vt -5.23333300 1.57079600
vt -2.76666700 1.57079600
vt -5.23333300 1.41371700
vt -2.76666700 1.41371700
vt -5.23333300 1.25663700
vt -2.76666700 1.25663700
vt -5.23333300 1.09955700
vt -2.76666700 1.09955700
vt -5.23333300 0.94247800
vt -2.76666700 0.94247800
vt -5.23333300 0.78539800
vt -2.76666700 0.78539800
vt -5.23333300 0.62831900
vt -2.76666700 0.62831900
vt -5.23333300 0.47123900
vt -2.76666700 0.47123900
vt -5.23333300 0.31415900
vt -2.76666700 0.31415900
vt -5.23333300 0.15708000
vt -2.76666700 0.15708000
vt -5.23333300 0.00000000
vt -2.76666700 0.00000000
vt -5.23333300 -0.15708000
vt -2.76666700 -0.15708000
vt -5.23333300 -0.31415900
vt -2.76666700 -0.31415900
vt -5.23333300 -0.47123900
vt -2.76666700 -0.47123900
vt -5.23333300 -0.62831900
vt -2.76666700 -0.62831900
vt -5.23333300 -0.78539800
vt -2.76666700 -0.78539800
vt -5.23333300 -0.94247800
vt -2.76666700 -0.94247800
vt -5.23333300 -1.09955700
vt -2.76666700 -1.09955700
vt -5.23333300 -1.25663700
vt -2.76666700 -1.25663700
vt -5.23333300 -1.41371700
vt -2.76666700 -1.41371700
vt -5.23333300 -1.57079600
vt -2.76666700 -1.57079600
vt -5.23333300 -1.72787600
vt -2.76666700 -1.72787600
vt -5.23333300 -1.88495600
vt -2.76666700 -1.88495600
vt -5.23333300 -2.04203500
vt -2.76666700 -2.04203500
vt -5.23333300 -2.19911500
vt -2.76666700 -2.19911500
vt -5.23333300 -2.35619400
vt -2.76666700 -2.35619400
vt -5.23333300 -2.51327400
vt -2.76666700 -2.51327400
vt -5.23333300 -2.67035400
vt -2.76666700 -2.67035400
vt -5.23333300 -2.82743300
vt -2.76666700 -2.82743300
vt -5.23333300 -2.98451300
vt -2.76666700 -2.98451300
vt -5.23333300 -3.14159300
vt -2.76666700 -3.14159300
vt -5.23333300 -3.29867200
vt -2.76666700 -3.29867200
vt -0.80000000 0.00000000
vt -0.78849300 0.13520100
vt -0.75430200 0.26651200
vt -0.69841100 0.39015600
vt -0.62242900 0.50257600
vt -0.52854000 0.60053800
vt -0.41944600 0.68122300
vt -0.29828500 0.74231100
vt -0.16854300 0.78204400
vt -0.03395300 0.79927900
vt 0.10161400 0.79352000
vt 0.23425800 0.76493300
vt 0.36016300 0.71434100
vt 0.47570700 0.64319800
vt 0.57756500 0.55355100
vt 0.66280800 0.44798000
vt 0.72898300 0.32952100
vt 0.77418600 0.20158200
vt 0.79711800 0.06784500
vt 0.79711800 -0.06784500
vt 0.77418600 -0.20158200
vt 0.72898300 -0.32952100
vt 0.66280800 -0.44798000
vt 0.57756500 -0.55355100
vt 0.47570700 -0.64319800
vt 0.36016300 -0.71434100
vt 0.23425800 -0.76493300
vt 0.10161400 -0.79352000
vt -0.03395300 -0.79927900
vt -0.16854300 -0.78204400
vt -0.29828500 -0.74231100
vt -0.41944600 -0.68122300
vt -0.52854000 -0.60053800
vt -0.62242900 -0.50257600
vt -0.69841100 -0.39015600
vt -0.75430200 -0.26651200
vt -0.78849300 -0.13520100
vt -0.07854000 -3.17970700
vt -0.15708000 3.17970700
vt -0.23561900 3.17970700
vt -0.31415900 3.17970700
vt -0.39269900 3.17970700
vt -0.39269900 -2.16798200
vt -0.39269900 -1.44532100
vt -0.39269900 -0.57812800
vt -0.39269900 0.57812800
vt -0.39269900 1.44532100
vt -0.39269900 2.16798200
vt -0.07854000 -3.03517400
vt -0.15708000 -3.03517400
vt -0.23561900 -3.03517400
vt -0.31415900 -3.03517400
vt -0.39269900 -3.03517400
vt -0.07854000 -2.89064200
vt -0.15708000 -2.89064200
vt -0.23561900 -2.89064200
vt -0.31415900 -2.89064200
vt -0.39269900 -2.89064200
vt -0.07854000 -2.74611000
vt -0.15708000 -2.74611000
vt -0.23561900 -2.74611000
vt -0.31415900 -2.74611000
vt -0.39269900 -2.74611000
vt -0.07854000 -2.60157800
vt -0.15708000 -2.60157800
vt -0.23561900 -2.60157800
vt -0.31415900 -2.60157800
vt -0.39269900 -2.60157800
vt -0.07854000 -2.45704600
vt -0.15708000 -2.45704600
vt -0.23561900 -2.45704600
vt -0.31415900 -2.45704600
vt -0.39269900 -2.45704600
vt -0.07854000 -2.31251400
vt -0.15708000 -2.31251400
vt -0.23561900 -2.31251400
vt -0.31415900 -2.31251400
vt -0.39269900 -2.31251400
vt -0.07854000 -2.16798200
vt -0.15708000 -2.16798200
vt -0.23561900 -2.16798200
vt -0.31415900 -2.16798200
vt -0.07854000 -2.02345000
vt -0.15708000 -2.02345000
vt -0.23561900 -2.02345000
vt -0.31415900 -2.02345000
vt -0.39269900 -2.02345000
vt -0.07854000 -1.87891800
vt -0.15708000 -1.87891800
vt -0.23561900 -1.87891800
vt -0.31415900 -1.87891800
vt -0.39269900 -1.87891800
vt -0.07854000 -1.73438500
vt -0.15708000 -1.73438500
vt -0.23561900 -1.73438500
vt -0.31415900 -1.73438500
vt -0.39269900 -1.73438500
vt -0.07854000 -1.58985300
vt -0.15708000 -1.58985300
vt -0.23561900 -1.58985300
vt -0.31415900 -1.58985300
vt -0.39269900 -1.58985300
vt -0.07854000 -1.44532100
vt -0.15708000 -1.44532100
vt -0.23561900 -1.44532100
vt -0.31415900 -1.44532100
vt -0.07854000 -1.30078900
vt -0.15708000 -1.30078900
vt -0.23561900 -1.30078900
vt -0.31415900 -1.30078900
vt -0.39269900 -1.30078900
vt -0.07854000 -1.15625700
vt -0.15708000 -1.15625700
vt -0.23561900 -1.15625700
vt -0.31415900 -1.15625700
vt -0.39269900 -1.15625700
vt -0.07854000 -1.01172500
vt -0.15708000 -1.01172500
vt -0.23561900 -1.01172500
vt -0.31415900 -1.01172500
vt -0.39269900 -1.01172500
vt -0.07854000 -0.86719300
vt -0.15708000 -0.86719300
vt -0.23561900 -0.86719300
vt -0.31415900 -0.86719300
vt -0.39269900 -0.86719300
vt -0.07854000 -0.72266100
vt -0.15708000 -0.72266100
vt -0.23561900 -0.72266100
vt -0.31415900 -0.72266100
vt -0.39269900 -0.72266100
vt -0.07854000 -0.57812800
vt -0.15708000 -0.57812800
vt -0.23561900 -0.57812800
vt -0.31415900 -0.57812800
vt -0.07854000 -0.43359600
vt -0.15708000 -0.43359600
vt -0.23561900 -0.43359600
vt -0.31415900 -0.43359600
vt -0.39269900 -0.43359600
vt -0.07854000 -0.28906400
vt -0.15708000 -0.28906400
vt -0.23561900 -0.28906400
vt -0.31415900 -0.28906400
vt -0.39269900 -0.28906400
vt -0.07854000 -0.14453200
vt -0.15708000 -0.14453200
vt -0.23561900 -0.14453200
vt -0.31415900 -0.14453200
vt -0.39269900 -0.14453200
vt -0.07854000 0.00000000
vt -0.15708000 0.00000000
vt -0.23561900 0.00000000
vt -0.31415900 0.00000000
vt -0.39269900 0.00000000
vt -0.07854000 0.14453200
vt -0.15708000 0.14453200
vt -0.23561900 0.14453200
vt -0.31415900 0.14453200
vt -0.39269900 0.14453200
vt -0.07854000 0.28906400
vt -0.15708000 0.28906400
vt -0.23561900 0.28906400
vt -0.31415900 0.28906400
vt -0.39269900 0.28906400
vt -0.07854000 0.43359600
vt -0.15708000 0.43359600
vt -0.23561900 0.43359600
vt -0.31415900 0.43359600
vt -0.39269900 0.43359600
vt -0.07854000 0.57812800
vt -0.15708000 0.57812800
vt -0.23561900 0.57812800
vt -0.31415900 0.57812800
vt -0.07854000 0.72266100
vt -0.15708000 0.72266100
vt -0.23561900 0.72266100
vt -0.31415900 0.72266100
vt -0.39269900 0.72266100
vt -0.07854000 0.86719300
vt -0.15708000 0.86719300
vt -0.23561900 0.86719300
vt -0.31415900 0.86719300
vt -0.39269900 0.86719300
vt -0.07854000 1.01172500
vt -0.15708000 1.01172500
vt -0.23561900 1.01172500
vt -0.31415900 1.01172500
vt -0.39269900 1.01172500
vt -0.07854000 1.15625700
vt -0.15708000 1.15625700
vt -0.23561900 1.15625700
vt -0.31415900 1.15625700
vt -0.39269900 1.15625700
vt -0.07854000 1.30078900
vt -0.15708000 1.30078900
vt -0.23561900 1.30078900
vt -0.31415900 1.30078900
vt -0.39269900 1.30078900
vt -0.07854000 1.44532100
vt -0.15708000 1.44532100
vt -0.23561900 1.44532100
vt -0.31415900 1.44532100
vt -0.07854000 1.58985300
vt -0.15708000 1.58985300
vt -0.23561900 1.58985300
vt -0.31415900 1.58985300
vt -0.39269900 1.58985300
vt -0.07854000 1.73438500
vt -0.15708000 1.73438500
vt -0.23561900 1.73438500
vt -0.31415900 1.73438500
vt -0.39269900 1.73438500
vt -0.07854000 1.87891800
vt -0.15708000 1.87891800
vt -0.23561900 1.87891800
vt -0.31415900 1.87891800
vt -0.39269900 1.87891800
vt -0.07854000 2.02345000
vt -0.15708000 2.02345000
vt -0.23561900 2.02345000
vt -0.31415900 2.02345000
vt -0.39269900 2.02345000
vt -0.07854000 2.16798200
vt -0.15708000 2.16798200
vt -0.23561900 2.16798200
vt -0.31415900 2.16798200
vt -0.07854000 2.31251400
vt -0.15708000 2.31251400
vt -0.23561900 2.31251400
vt -0.31415900 2.31251400
vt -0.39269900 2.31251400
vt -0.07854000 2.45704600
vt -0.15708000 2.45704600
vt -0.23561900 2.45704600
vt -0.31415900 2.45704600
vt -0.39269900 2.45704600
vt -0.07854000 2.60157800
vt -0.15708000 2.60157800
vt -0.23561900 2.60157800
vt -0.31415900 2.60157800
vt -0.39269900 2.60157800
vt -0.07854000 2.74611000
vt -0.15708000 2.74611000
vt -0.23561900 2.74611000
vt -0.31415900 2.74611000
vt -0.39269900 2.74611000
vt -0.07854000 2.89064200
vt -0.15708000 2.89064200
vt -0.23561900 2.89064200
vt -0.31415900 2.89064200
vt -0.39269900 2.89064200
vt -0.07854000 3.03517400
vt -0.15708000 3.03517400
vt -0.23561900 3.03517400
vt -0.31415900 3.03517400
vt -0.39269900 3.03517400
vt -0.85000000 -0.47123900
vt -0.00000000 0.43196900
vt -0.00000000 0.39269900
vt -0.00000000 0.35342900
vt -0.00000000 0.31415900
vt -0.00000000 0.27488900
vt -0.00000000 0.23561900
vt -0.00000000 0.19635000
vt -0.00000000 0.15708000
vt -0.00000000 0.11781000
vt -0.00000000 0.07854000
vt -0.00000000 0.03927000
vt -0.00000000 0.00000000
vt -0.00000000 -0.03927000
vt -0.00000000 -0.07854000
vt -0.00000000 -0.11781000
vt -0.00000000 -0.15708000
vt -0.00000000 -0.19635000
vt -0.00000000 -0.23561900
vt -0.00000000 -0.27488900
vt -0.00000000 -0.31415900
vt -0.00000000 -0.35342900
vt -0.00000000 -0.39269900
vt -0.00000000 -0.43196900
vt -1.03192500 0.00000000
vt -1.03192500 0.10552000
vt -1.03192500 0.21103900
vt -1.03192500 0.31655900
vt -1.03192500 0.42207800
vt -1.03192500 0.52759800
vt -1.03192500 0.63311800
vt -1.03192500 0.73863700
vt -1.03192500 0.84415700
vt -1.03192500 0.94967600
vt -1.03192500 1.05519600
vt -1.03192500 1.16071600
vt -1.03192500 1.26623500
vt -1.03192500 1.37175500
vt -1.03192500 1.47727500
vt -1.03192500 -1.47727500
vt -1.03192500 -1.37175500
vt -1.03192500 -1.26623500
vt -1.03192500 -1.16071600
vt -1.03192500 -1.05519600
vt -1.03192500 -0.94967600
vt -1.03192500 -0.84415700
vt -1.03192500 -0.73863700
vt -1.03192500 -0.63311800
vt -1.03192500 -0.52759800
vt -1.03192500 -0.42207800
vt -1.03192500 -0.31655900
vt -1.03192500 -0.21103900
vt -1.03192500 -0.10552000
vt -0.17346100 0.00000000
vt 0.21213200 0.87515800
vt 0.21213200 0.80783800
vt 0.21213200 0.74051800
vt 0.21213200 0.67319800
vt 0.21213200 0.60587900
vt 0.21213200 0.53855900
vt 0.21213200 0.47123900
vt 0.21213200 0.40391900
vt 0.21213200 0.33659900
vt 0.21213200 0.26927900
vt 0.21213200 0.20196000
vt 0.21213200 0.13464000
vt 0.21213200 0.06732000
vt 0.21213200 0.00000000
vt 0.21213200 -0.06732000
vt 0.21213200 -0.13464000
vt 0.21213200 -0.20196000
vt 0.21213200 -0.26927900
vt 0.21213200 -0.33659900
vt 0.21213200 -0.40391900
vt 0.21213200 -0.47123900
vt 0.21213200 -0.53855900
vt 0.21213200 -0.60587900
vt 0.21213200 -0.67319800
vt 0.21213200 -0.74051800
vt 0.21213200 -0.80783800
vt 0.21213200 -0.87515800
vt 0.00000000 1.50061000
vt -0.08673000 -1.39712000
vt -0.08673000 -1.29363000
vt -0.08673000 -1.19013900
vt -0.08673000 -1.08664900
vt -0.08673000 -0.98315900
vt -0.08673000 -0.87966800
vt -0.08673000 -0.77617800
vt -0.08673000 -0.67268700
vt -0.08673000 -0.56919700
vt -0.08673000 -0.46570700
vt -0.08673000 -0.36221600
vt -0.08673000 -0.25872600
vt -0.08673000 -0.15523600
vt -0.08673000 -0.05174500
vt -0.08673000 0.05174500
vt -0.08673000 0.15523600
vt -0.08673000 0.25872600
vt -0.08673000 0.36221600
vt -0.08673000 0.46570700
vt -0.08673000 0.56919700
vt -0.08673000 0.67268700
vt -0.08673000 0.77617800
vt -0.08673000 0.87966800
vt -0.08673000 0.98315900
vt -0.08673000 1.08664900
vt -0.08673000 1.19013900
vt -0.08673000 1.29363000
vt -0.08673000 1.39712000
vt -0.48702500 -0.00000000
vt -0.47563900 0.10469600
vt -0.44201200 0.20449700
vt -0.38771700 0.29473500
vt -0.00000000 -1.10795600
vt -0.22812700 0.43029200
vt -0.13029300 0.46927300
vt -0.02636700 0.48631100
vt 0.07879200 0.48060900
vt 0.00000000 -0.58035800
vt 0.27331200 0.40310500
vt 0.35357800 0.33492700
vt 0.41731100 0.25108800
vt 0.46153100 0.15550800
vt 0.00000000 -0.05276000
vt 0.48417000 -0.05265700
vt 0.46153100 -0.15550800
vt 0.41731100 -0.25108800
vt 0.35357800 -0.33492700
vt -0.00000000 0.47483800
vt 0.18026700 -0.45243500
vt 0.07879200 -0.48060900
vt -0.02636700 -0.48631100
vt -0.13029300 -0.46927300
vt -0.00000000 1.00243600
vt -0.31529300 -0.37119200
vt -0.38771700 -0.29473500
vt -0.44201200 -0.20449700
vt -0.00000000 1.42451500
vt -7.65000000 0.47123900
vt -8.50000000 -0.43196900
vt -8.50000000 -0.39269900
vt -8.50000000 -0.35342900
vt -8.50000000 -0.31415900
vt -8.50000000 -0.27488900
vt -8.50000000 -0.23561900
vt -8.50000000 -0.19635000
vt -8.50000000 -0.15708000
vt -8.50000000 -0.11781000
vt -8.50000000 -0.07854000
vt -8.50000000 -0.03927000
vt -8.50000000 0.00000000
vt -8.50000000 0.03927000
vt -8.50000000 0.07854000
vt -8.50000000 0.11781000
vt -8.50000000 0.15708000
vt -8.50000000 0.19635000
vt -8.50000000 0.23561900
vt -8.50000000 0.27488900
vt -8.50000000 0.31415900
vt -8.50000000 0.35342900
vt -8.50000000 0.39269900
vt -8.50000000 0.43196900
vt -0.85000000 -0.47123900
vt -1.70000000 -0.47123900
vt -2.55000000 -0.47123900
vt -3.40000000 -0.47123900
vt -4.25000000 -0.47123900
vt -5.10000000 -0.47123900
vt -5.95000000 -0.47123900
vt -6.80000000 -0.47123900
vt -8.50000000 -0.47123900
vt -0.85000000 -0.43196900
vt -1.70000000 -0.43196900
vt -2.55000000 -0.43196900
vt -3.40000000 -0.43196900
vt -4.25000000 -0.43196900
vt -5.10000000 -0.43196900
vt -5.95000000 -0.43196900
vt -6.80000000 -0.43196900
vt -7.65000000 -0.43196900
vt -0.85000000 -0.39269900
vt -1.70000000 -0.39269900
vt -2.55000000 -0.39269900
vt -3.40000000 -0.39269900
vt -4.25000000 -0.39269900
vt -5.10000000 -0.39269900
vt -5.95000000 -0.39269900
vt -6.80000000 -0.39269900
vt -7.65000000 -0.39269900
vt -0.85000000 -0.35342900
vt -1.70000000 -0.35342900
vt -2.55000000 -0.35342900
vt -3.40000000 -0.35342900
vt -4.25000000 -0.35342900
vt -5.10000000 -0.35342900
vt -5.95000000 -0.35342900
vt -6.80000000 -0.35342900
vt -7.65000000 -0.35342900
vt -0.85000000 -0.31415900
vt -1.70000000 -0.31415900
vt -2.55000000 -0.31415900
vt -3.40000000 -0.31415900
vt -4.25000000 -0.31415900
vt -5.10000000 -0.31415900
vt -5.95000000 -0.31415900
vt -6.80000000 -0.31415900
vt -7.65000000 -0.31415900
vt -0.85000000 -0.27488900
vt -1.70000000 -0.27488900
vt -2.55000000 -0.27488900
vt -3.40000000 -0.27488900
vt -4.25000000 -0.27488900
vt -5.10000000 -0.27488900
vt -5.95000000 -0.27488900
vt -6.80000000 -0.27488900
vt -7.65000000 -0.27488900
vt -0.85000000 -0.23561900
vt -1.70000000 -0.23561900
vt -2.55000000 -0.23561900
vt -3.40000000 -0.23561900
vt -4.25000000 -0.23561900
vt -5.10000000 -0.23561900
vt -5.95000000 -0.23561900
vt -6.80000000 -0.23561900
vt -7.65000000 -0.23561900
vt -0.85000000 -0.19635000
vt -1.70000000 -0.19635000
vt -2.55000000 -0.19635000
vt -3.40000000 -0.19635000
vt -4.25000000 -0.19635000
vt -5.10000000 -0.19635000
vt -5.95000000 -0.19635000
vt -6.80000000 -0.19635000
vt -7.65000000 -0.19635000
vt -0.85000000 -0.15708000
vt -1.70000000 -0.15708000
vt -2.55000000 -0.15708000
vt -3.40000000 -0.15708000
vt -4.25000000 -0.15708000
vt -5.10000000 -0.15708000
vt -5.95000000 -0.15708000
vt -6.80000000 -0.15708000
vt -7.65000000 -0.15708000
vt -0.85000000 -0.11781000
vt -1.70000000 -0.11781000
vt -2.55000000 -0.11781000
vt -3.40000000 -0.11781000
vt -4.25000000 -0.11781000
vt -5.10000000 -0.11781000
vt -5.95000000 -0.11781000
vt -6.80000000 -0.11781000
vt -7.65000000 -0.11781000
vt -0.85000000 -0.07854000
vt -1.70000000 -0.07854000
vt -2.55000000 -0.07854000
vt -3.40000000 -0.07854000
vt -4.25000000 -0.07854000
vt -5.10000000 -0.07854000
vt -5.95000000 -0.07854000
vt -6.80000000 -0.07854000
vt -7.65000000 -0.07854000
vt -0.85000000 -0.03927000
vt -1.70000000 -0.03927000
vt -2.55000000 -0.03927000
vt -3.40000000 -0.03927000
vt -4.25000000 -0.03927000
vt -5.10000000 -0.03927000
vt -5.95000000 -0.03927000
vt -6.80000000 -0.03927000
vt -7.65000000 -0.03927000
vt -0.85000000 0.00000000
vt -1.70000000 0.00000000
vt -2.55000000 0.00000000
vt -3.40000000 0.00000000
vt -4.25000000 0.00000000
vt -5.10000000 0.00000000
vt -5.95000000 0.00000000
vt -6.80000000 0.00000000
vt -7.65000000 0.00000000
vt -0.85000000 0.03927000
vt -1.70000000 0.03927000
vt -2.55000000 0.03927000
vt -3.40000000 0.03927000
vt -4.25000000 0.03927000
vt -5.10000000 0.03927000
vt -5.95000000 0.03927000
vt -6.80000000 0.03927000
vt -7.65000000 0.03927000
vt -0.85000000 0.07854000
vt -1.70000000 0.07854000
vt -2.55000000 0.07854000
vt -3.40000000 0.07854000
vt -4.25000000 0.07854000
vt -5.10000000 0.07854000
vt -5.95000000 0.07854000
vt -6.80000000 0.07854000
vt -7.65000000 0.07854000
vt -0.85000000 0.11781000
vt -1.70000000 0.11781000
vt -2.55000000 0.11781000
vt -3.40000000 0.11781000
vt -4.25000000 0.11781000
vt -5.10000000 0.11781000
vt -5.95000000 0.11781000
vt -6.80000000 0.11781000
vt -7.65000000 0.11781000
vt -0.85000000 0.15708000
vt -1.70000000 0.15708000
vt -2.55000000 0.15708000
vt -3.40000000 0.15708000
vt -4.25000000 0.15708000
vt -5.10000000 0.15708000
vt -5.95000000 0.15708000
vt -6.80000000 0.15708000
vt -7.65000000 0.15708000
vt -0.85000000 0.19635000
vt -1.70000000 0.19635000
vt -2.55000000 0.19635000
vt -3.40000000 0.19635000
vt -4.25000000 0.19635000
vt -5.10000000 0.19635000
vt -5.95000000 0.19635000
vt -6.80000000 0.19635000
vt -7.65000000 0.19635000
vt -0.85000000 0.23561900
vt -1.70000000 0.23561900
vt -2.55000000 0.23561900
vt -3.40000000 0.23561900
vt -4.25000000 0.23561900
vt -5.10000000 0.23561900
vt -5.95000000 0.23561900
vt -6.80000000 0.23561900
vt -7.65000000 0.23561900
vt -0.85000000 0.27488900
vt -1.70000000 0.27488900
vt -2.55000000 0.27488900
vt -3.40000000 0.27488900
vt -4.25000000 0.27488900
vt -5.10000000 0.27488900
vt -5.95000000 0.27488900
vt -6.80000000 0.27488900
vt -7.65000000 0.27488900
vt -0.85000000 0.31415900
vt -1.70000000 0.31415900
vt -2.55000000 0.31415900
vt -3.40000000 0.31415900
vt -4.25000000 0.31415900
vt -5.10000000 0.31415900
vt -5.95000000 0.31415900
vt -6.80000000 0.31415900
vt -7.65000000 0.31415900
vt -0.85000000 0.35342900
vt -1.70000000 0.35342900
vt -2.55000000 0.35342900
vt -3.40000000 0.35342900
vt -4.25000000 0.35342900
vt -5.10000000 0.35342900
vt -5.95000000 0.35342900
vt -6.80000000 0.35342900
vt -7.65000000 0.35342900
vt -0.85000000 0.39269900
vt -1.70000000 0.39269900
vt -2.55000000 0.39269900
vt -3.40000000 0.39269900
vt -4.25000000 0.39269900
vt -5.10000000 0.39269900
vt -5.95000000 0.39269900
vt -6.80000000 0.39269900
vt -7.65000000 0.39269900
vt -0.85000000 0.43196900
vt -1.70000000 0.43196900
vt -2.55000000 0.43196900
vt -3.40000000 0.43196900
vt -4.25000000 0.43196900
vt -5.10000000 0.43196900
vt -5.95000000 0.43196900
vt -6.80000000 0.43196900
vt -7.65000000 0.43196900
vt -0.18577700 -0.32177600
vt 0.18577700 -0.32177600
vt -0.37155500 1.00000000
vt -0.00000000 1.00000000
vt 0.37155500 0.00000000
vt -0.37155500 -0.00000000
vt 0.18577700 0.32177600
vt -0.00000000 0.00000000
vt -0.18577700 0.32177600
vt 0.18577700 -0.32177600
vt -0.37155500 0.00000000
vt 0.37155500 -0.00000000
f 2/2 93/93 1/1
f 1/1 93/93 82/82
f 1/1 82/82 297/297
f 297/297 82/82 83/83
f 297/297 83/83 298/298
f 298/298 83/83 84/84
f 298/298 84/84 299/299
f 299/299 84/84 85/85
f 299/299 85/85 300/300
f 300/300 85/85 86/86
f 300/300 86/86 301/301
f 301/301 86/86 38/38
f 301/301 38/38 39/39
f 93/93 2/2 98/98
f 98/98 2/2 3/3
f 98/98 3/3 103/103
f 103/103 3/3 4/4
f 103/103 4/4 108/108
f 108/108 4/4 5/5
f 108/108 5/5 113/113
f 113/113 5/5 6/6
f 113/113 6/6 118/118
f 118/118 6/6 87/87
f 118/118 87/87 131/131
f 131/131 87/87 124/124
f 131/131 124/124 125/125
f 125/125 124/124 134/134
f 125/125 134/134 135/135
f 135/135 134/134 140/140
f 135/135 140/140 141/141
f 141/141 140/140 146/146
f 141/141 146/146 71/71
f 71/71 146/146 70/70
f 70/70 146/146 150/150
f 70/70 150/150 69/69
f 69/69 150/150 156/156
f 69/69 156/156 68/68
f 68/68 156/156 155/155
f 68/68 155/155 67/67
f 67/67 155/155 165/165
f 67/67 165/165 66/66
f 66/66 165/165 170/170
f 66/66 170/170 65/65
f 65/65 170/170 175/175
f 65/65 175/175 64/64
f 64/64 175/175 179/179
f 64/64 179/179 63/63
f 63/63 179/179 185/185
f 63/63 185/185 62/62
f 62/62 185/185 184/184
f 62/62 184/184 61/61
f 61/61 184/184 194/194
f 61/61 194/194 60/60
f 60/60 194/194 199/199
f 60/60 199/199 59/59
f 59/59 199/199 204/204
f 59/59 204/204 58/58
f 58/58 204/204 209/209
f 58/58 209/209 57/57
f 57/57 209/209 214/214
f 57/57 214/214 56/56
f 56/56 214/214 220/220
f 56/56 220/220 55/55
f 55/55 220/220 219/219
f 55/55 219/219 54/54
f 54/54 219/219 228/228
f 54/54 228/228 53/53
f 53/53 228/228 233/233
f 53/53 233/233 52/52
f 52/52 233/233 238/238
f 52/52 238/238 51/51
f 51/51 238/238 243/243
f 51/51 243/243 50/50
f 50/50 243/243 249/249
f 50/50 249/249 49/49
f 49/49 249/249 248/248
f 49/49 248/248 48/48
f 48/48 248/248 257/257
f 48/48 257/257 47/47
f 47/47 257/257 262/262
f 47/47 262/262 46/46
f 46/46 262/262 267/267
f 46/46 267/267 45/45
f 45/45 267/267 271/271
f 45/45 271/271 44/44
f 44/44 271/271 277/277
f 44/44 277/277 43/43
f 43/43 277/277 276/276
f 43/43 276/276 42/42
f 42/42 276/276 286/286
f 42/42 286/286 41/41
f 41/41 286/286 291/291
f 41/41 291/291 40/40
f 40/40 291/291 296/296
f 40/40 296/296 39/39
f 39/39 296/296 301/301
f 6/6 7/7 87/87
f 87/87 7/7 123/123
f 87/87 123/123 124/124
f 124/124 123/123 133/133
f 124/124 133/133 134/134
f 134/134 133/133 139/139
f 134/134 139/139 140/140
f 140/140 139/139 145/145
f 140/140 145/145 146/146
f 146/146 145/145 150/150
f 7/7 8/8 123/123
f 123/123 8/8 132/132
f 123/123 132/132 133/133
f 133/133 132/132 138/138
f 133/133 138/138 139/139
f 139/139 138/138 144/144
f 139/139 144/144 145/145
f 145/145 144/144 149/149
f 145/145 149/149 150/150
f 150/150 149/149 156/156
f 8/8 9/9 132/132
f 132/132 9/9 137/137
f 132/132 137/137 138/138
f 138/138 137/137 143/143
f 138/138 143/143 144/144
f 144/144 143/143 148/148
f 144/144 148/148 149/149
f 149/149 148/148 157/157
f 149/149 157/157 156/156
f 156/156 157/157 155/155
f 9/9 10/10 137/137
f 137/137 10/10 142/142
f 137/137 142/142 143/143
f 143/143 142/142 147/147
f 143/143 147/147 148/148
f 148/148 147/147 158/158
f 148/148 158/158 157/157
f 157/157 158/158 154/154
f 157/157 154/154 155/155
f 155/155 154/154 165/165
f 10/10 11/11 142/142
f 142/142 11/11 88/88
f 142/142 88/88 147/147
f 147/147 88/88 159/159
f 147/147 159/159 158/158
f 158/158 159/159 153/153
f 158/158 153/153 154/154
f 154/154 153/153 164/164
f 154/154 164/164 165/165
f 165/165 164/164 170/170
f 11/11 12/12 88/88
f 88/88 12/12 160/160
f 88/88 160/160 159/159
f 159/159 160/160 152/152
f 159/159 152/152 153/153
f 153/153 152/152 163/163
f 153/153 163/163 164/164
f 164/164 163/163 169/169
f 164/164 169/169 170/170
f 170/170 169/169 175/175
f 160/160 12/12 151/151
f 151/151 12/12 13/13
f 151/151 13/13 161/161
f 161/161 13/13 14/14
f 161/161 14/14 166/166
f 166/166 14/14 15/15
f 166/166 15/15 171/171
f 171/171 15/15 16/16
f 171/171 16/16 89/89
f 89/89 16/16 17/17
f 89/89 17/17 189/189
f 189/189 17/17 180/180
f 189/189 180/180 181/181
f 181/181 180/180 191/191
f 181/181 191/191 192/192
f 192/192 191/191 197/197
f 192/192 197/197 198/198
f 198/198 197/197 203/203
f 198/198 203/203 204/204
f 204/204 203/203 209/209
f 17/17 18/18 180/180
f 180/180 18/18 190/190
f 180/180 190/190 191/191
f 191/191 190/190 196/196
f 191/191 196/196 197/197
f 197/197 196/196 202/202
f 197/197 202/202 203/203
f 203/203 202/202 208/208
f 203/203 208/208 209/209
f 209/209 208/208 214/214
f 18/18 19/19 190/190
f 190/190 19/19 195/195
f 190/190 195/195 196/196
f 196/196 195/195 201/201
f 196/196 201/201 202/202
f 202/202 201/201 207/207
f 202/202 207/207 208/208
f 208/208 207/207 213/213
f 208/208 213/213 214/214
f 214/214 213/213 220/220
f 19/19 20/20 195/195
f 195/195 20/20 200/200
f 195/195 200/200 201/201
f 201/201 200/200 206/206
f 201/201 206/206 207/207
f 207/207 206/206 212/212
f 207/207 212/212 213/213
f 213/213 212/212 221/221
f 213/213 221/221 220/220
f 220/220 221/221 219/219
f 20/20 21/21 200/200
f 200/200 21/21 205/205
f 200/200 205/205 206/206
f 206/206 205/205 211/211
f 206/206 211/211 212/212
f 212/212 211/211 222/222
f 212/212 222/222 221/221
f 221/221 222/222 218/218
f 221/221 218/218 219/219
f 219/219 218/218 228/228
f 21/21 22/22 205/205
f 205/205 22/22 210/210
f 205/205 210/210 211/211
f 211/211 210/210 223/223
f 211/211 223/223 222/222
f 222/222 223/223 217/217
f 222/222 217/217 218/218
f 218/218 217/217 227/227
f 218/218 227/227 228/228
f 228/228 227/227 233/233
f 210/210 22/22 90/90
f 90/90 22/22 23/23
f 90/90 23/23 215/215
f 215/215 23/23 24/24
f 215/215 24/24 224/224
f 224/224 24/24 25/25
f 224/224 25/25 229/229
f 229/229 25/25 26/26
f 229/229 26/26 234/234
f 234/234 26/26 27/27
f 234/234 27/27 239/239
f 239/239 27/27 91/91
f 239/239 91/91 252/252
f 252/252 91/91 245/245
f 252/252 245/245 246/246
f 246/246 245/245 255/255
f 246/246 255/255 256/256
f 256/256 255/255 261/261
f 256/256 261/261 262/262
f 262/262 261/261 267/267
f 27/27 28/28 91/91
f 91/91 28/28 244/244
f 91/91 244/244 245/245
f 245/245 244/244 254/254
f 245/245 254/254 255/255
f 255/255 254/254 260/260
f 255/255 260/260 261/261
f 261/261 260/260 266/266
f 261/261 266/266 267/267
f 267/267 266/266 271/271
f 28/28 29/29 244/244
f 244/244 29/29 253/253
f 244/244 253/253 254/254
f 254/254 253/253 259/259
f 254/254 259/259 260/260
f 260/260 259/259 265/265
f 260/260 265/265 266/266
f 266/266 265/265 270/270
f 266/266 270/270 271/271
f 271/271 270/270 277/277
f 29/29 30/30 253/253
f 253/253 30/30 258/258
f 253/253 258/258 259/259
f 259/259 258/258 264/264
f 259/259 264/264 265/265
f 265/265 264/264 269/269
f 265/265 269/269 270/270
f 270/270 269/269 278/278
f 270/270 278/278 277/277
f 277/277 278/278 276/276
f 30/30 31/31 258/258
f 258/258 31/31 263/263
f 258/258 263/263 264/264
f 264/264 263/263 268/268
f 264/264 268/268 269/269
f 269/269 268/268 279/279
f 269/269 279/279 278/278
f 278/278 279/279 275/275
f 278/278 275/275 276/276
f 276/276 275/275 286/286
f 31/31 32/32 263/263
f 263/263 32/32 92/92
f 263/263 92/92 268/268
f 268/268 92/92 280/280
f 268/268 280/280 279/279
f 279/279 280/280 274/274
f 279/279 274/274 275/275
f 275/275 274/274 285/285
f 275/275 285/285 286/286
f 286/286 285/285 291/291
f 32/32 33/33 92/92
f 92/92 33/33 281/281
f 92/92 281/281 280/280
f 280/280 281/281 273/273
f 280/280 273/273 274/274
f 274/274 273/273 284/284
f 274/274 284/284 285/285
f 285/285 284/284 290/290
f 285/285 290/290 291/291
f 291/291 290/290 296/296
f 281/281 33/33 272/272
f 272/272 33/33 34/34
f 272/272 34/34 282/282
f 282/282 34/34 35/35
f 282/282 35/35 287/287
f 287/287 35/35 36/36
f 287/287 36/36 292/292
f 292/292 36/36 37/37
f 292/292 37/37 297/297
f 297/297 37/37 1/1
f 71/71 72/72 141/141
f 141/141 72/72 136/136
f 141/141 136/136 135/135
f 135/135 136/136 126/126
f 135/135 126/126 125/125
f 125/125 126/126 130/130
f 125/125 130/130 131/131
f 131/131 130/130 119/119
f 131/131 119/119 118/118
f 118/118 119/119 113/113
f 72/72 73/73 136/136
f 136/136 73/73 127/127
f 136/136 127/127 126/126
f 126/126 127/127 129/129
f 126/126 129/129 130/130
f 130/130 129/129 120/120
f 130/130 120/120 119/119
f 119/119 120/120 114/114
f 119/119 114/114 113/113
f 113/113 114/114 108/108
f 73/73 74/74 127/127
f 127/127 74/74 128/128
f 127/127 128/128 129/129
f 129/129 128/128 121/121
f 129/129 121/121 120/120
f 120/120 121/121 115/115
f 120/120 115/115 114/114
f 114/114 115/115 109/109
f 114/114 109/109 108/108
f 108/108 109/109 103/103
f 74/74 75/75 128/128
f 128/128 75/75 122/122
f 128/128 122/122 121/121
f 121/121 122/122 116/116
f 121/121 116/116 115/115
f 115/115 116/116 110/110
f 115/115 110/110 109/109
f 109/109 110/110 104/104
f 109/109 104/104 103/103
f 103/103 104/104 98/98
f 75/75 76/76 122/122
f 122/122 76/76 117/117
f 122/122 117/117 116/116
f 116/116 117/117 111/111
f 116/116 111/111 110/110
f 110/110 111/111 105/105
f 110/110 105/105 104/104
f 104/104 105/105 99/99
f 104/104 99/99 98/98
f 98/98 99/99 93/93
f 76/76 77/77 117/117
f 117/117 77/77 112/112
f 117/117 112/112 111/111
f 111/111 112/112 106/106
f 111/111 106/106 105/105
f 105/105 106/106 100/100
f 105/105 100/100 99/99
f 99/99 100/100 94/94
f 99/99 94/94 93/93
f 93/93 94/94 82/82
f 77/77 78/78 112/112
f 112/112 78/78 107/107
f 112/112 107/107 106/106
f 106/106 107/107 101/101
f 106/106 101/101 100/100
f 100/100 101/101 95/95
f 100/100 95/95 94/94
f 94/94 95/95 83/83
f 94/94 83/83 82/82
f 78/78 79/79 107/107
f 107/107 79/79 102/102
f 107/107 102/102 101/101
f 101/101 102/102 96/96
f 101/101 96/96 95/95
f 95/95 96/96 84/84
f 95/95 84/84 83/83
f 79/79 80/80 102/102
f 102/102 80/80 97/97
f 102/102 97/97 96/96
f 96/96 97/97 85/85
f 96/96 85/85 84/84
f 80/80 81/81 97/97
f 97/97 81/81 86/86
f 97/97 86/86 85/85
f 81/81 38/38 86/86
f 160/160 151/151 152/152
f 152/152 151/151 162/162
f 152/152 162/162 163/163
f 163/163 162/162 168/168
f 163/163 168/168 169/169
f 169/169 168/168 174/174
f 169/169 174/174 175/175
f 175/175 174/174 179/179
f 151/151 161/161 162/162
f 162/162 161/161 167/167
f 162/162 167/167 168/168
f 168/168 167/167 173/173
f 168/168 173/173 174/174
f 174/174 173/173 178/178
f 174/174 178/178 179/179
f 179/179 178/178 185/185
f 161/161 166/166 167/167
f 167/167 166/166 172/172
f 167/167 172/172 173/173
f 173/173 172/172 177/177
f 173/173 177/177 178/178
f 178/178 177/177 186/186
f 178/178 186/186 185/185
f 185/185 186/186 184/184
f 166/166 171/171 172/172
f 172/172 171/171 176/176
f 172/172 176/176 177/177
f 177/177 176/176 187/187
f 177/177 187/187 186/186
f 186/186 187/187 183/183
f 186/186 183/183 184/184
f 184/184 183/183 194/194
f 171/171 89/89 176/176
f 176/176 89/89 188/188
f 176/176 188/188 187/187
f 187/187 188/188 182/182
f 187/187 182/182 183/183
f 183/183 182/182 193/193
f 183/183 193/193 194/194
f 194/194 193/193 199/199
f 189/189 181/181 188/188
f 188/188 181/181 182/182
f 193/193 182/182 192/192
f 192/192 182/182 181/181
f 89/89 189/189 188/188
f 199/199 193/193 198/198
f 198/198 193/193 192/192
f 204/204 199/199 198/198
f 215/215 216/216 90/90
f 90/90 216/216 223/223
f 90/90 223/223 210/210
f 223/223 216/216 217/217
f 217/217 216/216 226/226
f 217/217 226/226 227/227
f 227/227 226/226 232/232
f 227/227 232/232 233/233
f 233/233 232/232 238/238
f 216/216 215/215 225/225
f 225/225 215/215 224/224
f 225/225 224/224 230/230
f 230/230 224/224 229/229
f 230/230 229/229 235/235
f 235/235 229/229 234/234
f 235/235 234/234 240/240
f 240/240 234/234 239/239
f 240/240 239/239 252/252
f 216/216 225/225 226/226
f 226/226 225/225 231/231
f 226/226 231/231 232/232
f 232/232 231/231 237/237
f 232/232 237/237 238/238
f 238/238 237/237 243/243
f 231/231 225/225 230/230
f 231/231 230/230 236/236
f 236/236 230/230 235/235
f 236/236 235/235 241/241
f 241/241 235/235 240/240
f 241/241 240/240 251/251
f 251/251 240/240 252/252
f 251/251 252/252 246/246
f 231/231 236/236 237/237
f 237/237 236/236 242/242
f 237/237 242/242 243/243
f 243/243 242/242 249/249
f 242/242 236/236 241/241
f 242/242 241/241 250/250
f 250/250 241/241 251/251
f 250/250 251/251 247/247
f 247/247 251/251 246/246
f 247/247 246/246 256/256
f 247/247 248/248 250/250
f 250/250 248/248 249/249
f 250/250 249/249 242/242
f 248/248 247/247 257/257
f 257/257 247/247 256/256
f 257/257 256/256 262/262
f 281/281 272/272 273/273
f 273/273 272/272 283/283
f 273/273 283/283 284/284
f 284/284 283/283 289/289
f 284/284 289/289 290/290
f 290/290 289/289 295/295
f 290/290 295/295 296/296
f 296/296 295/295 301/301
f 272/272 282/282 283/283
f 283/283 282/282 288/288
f 283/283 288/288 289/289
f 289/289 288/288 294/294
f 289/289 294/294 295/295
f 295/295 294/294 300/300
f 295/295 300/300 301/301
f 282/282 287/287 288/288
f 288/288 287/287 293/293
f 288/288 293/293 294/294
f 294/294 293/293 299/299
f 294/294 299/299 300/300
f 287/287 292/292 293/293
f 293/293 292/292 298/298
f 293/293 298/298 299/299
f 297/297 298/298 292/292
f 303/303 348/348 302/302
f 302/302 348/348 346/346
f 302/302 346/346 345/345
f 345/345 346/346 432/432
f 345/345 432/432 344/344
f 344/344 432/432 430/430
f 344/344 430/430 343/343
f 343/343 430/430 428/428
f 343/343 428/428 342/342
f 342/342 428/428 426/426
f 342/342 426/426 341/341
f 341/341 426/426 424/424
f 341/341 424/424 340/340
f 340/340 424/424 422/422
f 340/340 422/422 339/339
f 339/339 422/422 420/420
f 339/339 420/420 338/338
f 338/338 420/420 418/418
f 338/338 418/418 337/337
f 337/337 418/418 416/416
f 337/337 416/416 336/336
f 336/336 416/416 414/414
f 336/336 414/414 335/335
f 335/335 414/414 412/412
f 335/335 412/412 334/334
f 334/334 412/412 410/410
f 334/334 410/410 333/333
f 333/333 410/410 408/408
f 333/333 408/408 332/332
f 332/332 408/408 406/406
f 332/332 406/406 331/331
f 331/331 406/406 404/404
f 331/331 404/404 330/330
f 330/330 404/404 402/402
f 330/330 402/402 329/329
f 329/329 402/402 400/400
f 329/329 400/400 328/328
f 328/328 400/400 398/398
f 328/328 398/398 327/327
f 327/327 398/398 396/396
f 327/327 396/396 326/326
f 326/326 396/396 394/394
f 326/326 394/394 325/325
f 325/325 394/394 392/392
f 325/325 392/392 324/324
f 324/324 392/392 390/390
f 324/324 390/390 323/323
f 323/323 390/390 388/388
f 323/323 388/388 322/322
f 322/322 388/388 386/386
f 322/322 386/386 321/321
f 321/321 386/386 384/384
f 321/321 384/384 320/320
f 320/320 384/384 382/382
f 320/320 382/382 319/319
f 319/319 382/382 380/380
f 319/319 380/380 318/318
f 318/318 380/380 378/378
f 318/318 378/378 317/317
f 317/317 378/378 376/376
f 317/317 376/376 316/316
f 316/316 376/376 374/374
f 316/316 374/374 315/315
f 315/315 374/374 372/372
f 315/315 372/372 314/314
f 314/314 372/372 370/370
f 314/314 370/370 313/313
f 313/313 370/370 368/368
f 313/313 368/368 312/312
f 312/312 368/368 366/366
f 312/312 366/366 311/311
f 311/311 366/366 364/364
f 311/311 364/364 310/310
f 310/310 364/364 362/362
f 310/310 362/362 309/309
f 309/309 362/362 360/360
f 309/309 360/360 308/308
f 308/308 360/360 358/358
f 308/308 358/358 307/307
f 307/307 358/358 356/356
f 307/307 356/356 306/306
f 306/306 356/356 354/354
f 306/306 354/354 305/305
f 305/305 354/354 352/352
f 305/305 352/352 304/304
f 304/304 352/352 350/350
f 304/304 350/350 303/303
f 303/303 350/350 348/348
f 81/81 433/433 38/38
f 38/38 433/433 347/347
f 38/38 347/347 39/39
f 39/39 347/347 349/349
f 39/39 349/349 40/40
f 40/40 349/349 351/351
f 40/40 351/351 41/41
f 41/41 351/351 353/353
f 41/41 353/353 42/42
f 42/42 353/353 355/355
f 42/42 355/355 43/43
f 43/43 355/355 357/357
f 43/43 357/357 44/44
f 44/44 357/357 359/359
f 44/44 359/359 45/45
f 45/45 359/359 361/361
f 45/45 361/361 46/46
f 46/46 361/361 363/363
f 46/46 363/363 47/47
f 47/47 363/363 365/365
f 47/47 365/365 48/48
f 48/48 365/365 367/367
f 48/48 367/367 49/49
f 49/49 367/367 369/369
f 49/49 369/369 50/50
f 50/50 369/369 371/371
f 50/50 371/371 51/51
f 51/51 371/371 373/373
f 51/51 373/373 52/52
f 52/52 373/373 375/375
f 52/52 375/375 53/53
f 53/53 375/375 377/377
f 53/53 377/377 54/54
f 54/54 377/377 379/379
f 54/54 379/379 55/55
f 55/55 379/379 381/381
f 55/55 381/381 56/56
f 56/56 381/381 383/383
f 56/56 383/383 57/57
f 57/57 383/383 385/385
f 57/57 385/385 58/58
f 58/58 385/385 387/387
f 58/58 387/387 59/59
f 59/59 387/387 389/389
f 59/59 389/389 60/60
f 60/60 389/389 391/391
f 60/60 391/391 61/61
f 61/61 391/391 393/393
f 61/61 393/393 62/62
f 62/62 393/393 395/395
f 62/62 395/395 63/63
f 63/63 395/395 397/397
f 63/63 397/397 64/64
f 64/64 397/397 399/399
f 64/64 399/399 65/65
f 65/65 399/399 401/401
f 65/65 401/401 66/66
f 66/66 401/401 403/403
f 66/66 403/403 67/67
f 67/67 403/403 405/405
f 67/67 405/405 68/68
f 68/68 405/405 407/407
f 68/68 407/407 69/69
f 69/69 407/407 409/409
f 69/69 409/409 70/70
f 70/70 409/409 411/411
f 70/70 411/411 71/71
f 71/71 411/411 413/413
f 71/71 413/413 72/72
f 72/72 413/413 415/415
f 72/72 415/415 73/73
f 73/73 415/415 417/417
f 73/73 417/417 74/74
f 74/74 417/417 419/419
f 74/74 419/419 75/75
f 75/75 419/419 421/421
f 75/75 421/421 76/76
f 76/76 421/421 423/423
f 76/76 423/423 77/77
f 77/77 423/423 425/425
f 77/77 425/425 78/78
f 78/78 425/425 427/427
f 78/78 427/427 79/79
f 79/79 427/427 429/429
f 79/79 429/429 80/80
f 80/80 429/429 431/431
f 80/80 431/431 81/81
f 81/81 431/431 433/433
f 346/346 347/347 432/432
f 432/432 347/347 433/433
f 432/432 433/433 430/430
f 430/430 433/433 431/431
f 430/430 431/431 428/428
f 428/428 431/431 429/429
f 428/428 429/429 426/426
f 426/426 429/429 427/427
f 426/426 427/427 424/424
f 424/424 427/427 425/425
f 424/424 425/425 422/422
f 422/422 425/425 423/423
f 422/422 423/423 420/420
f 420/420 423/423 421/421
f 420/420 421/421 418/418
f 418/418 421/421 419/419
f 418/418 419/419 416/416
f 416/416 419/419 417/417
f 416/416 417/417 414/414
f 414/414 417/417 415/415
f 414/414 415/415 412/412
f 412/412 415/415 413/413
f 412/412 413/413 410/410
f 410/410 413/413 411/411
f 410/410 411/411 408/408
f 408/408 411/411 409/409
f 408/408 409/409 406/406
f 406/406 409/409 407/407
f 406/406 407/407 404/404
f 404/404 407/407 405/405
f 404/404 405/405 402/402
f 402/402 405/405 403/403
f 402/402 403/403 400/400
f 400/400 403/403 401/401
f 400/400 401/401 398/398
f 398/398 401/401 399/399
f 398/398 399/399 396/396
f 396/396 399/399 397/397
f 396/396 397/397 394/394
f 394/394 397/397 395/395
f 394/394 395/395 392/392
f 392/392 395/395 393/393
f 392/392 393/393 390/390
f 390/390 393/393 391/391
f 390/390 391/391 388/388
f 388/388 391/391 389/389
f 388/388 389/389 386/386
f 386/386 389/389 387/387
f 386/386 387/387 384/384
f 384/384 387/387 385/385
f 384/384 385/385 382/382
f 382/382 385/385 383/383
f 382/382 383/383 380/380
f 380/380 383/383 381/381
f 380/380 381/381 378/378
f 378/378 381/381 379/379
f 378/378 379/379 376/376
f 376/376 379/379 377/377
f 376/376 377/377 374/374
f 374/374 377/377 375/375
f 374/374 375/375 372/372
f 372/372 375/375 373/373
f 372/372 373/373 370/370
f 370/370 373/373 371/371
f 370/370 371/371 368/368
f 368/368 371/371 369/369
f 368/368 369/369 366/366
f 366/366 369/369 367/367
f 366/366 367/367 364/364
f 364/364 367/367 365/365
f 364/364 365/365 362/362
f 362/362 365/365 363/363
f 362/362 363/363 360/360
f 360/360 363/363 361/361
f 360/360 361/361 358/358
f 358/358 361/361 359/359
f 358/358 359/359 356/356
f 356/356 359/359 357/357
f 356/356 357/357 354/354
f 354/354 357/357 355/355
f 354/354 355/355 352/352
f 352/352 355/355 353/353
f 352/352 353/353 350/350
f 350/350 353/353 351/351
f 350/350 351/351 348/348
f 348/348 351/351 349/349
f 348/348 349/349 346/346
f 346/346 349/349 347/347
f 2/2 1/1 16/16
f 16/16 1/1 37/37
f 16/16 37/37 36/36
f 36/36 35/35 16/16
f 16/16 35/35 34/34
f 16/16 34/34 33/33
f 33/33 32/32 16/16
f 16/16 32/32 31/31
f 16/16 31/31 30/30
f 30/30 29/29 16/16
f 16/16 29/29 28/28
f 16/16 28/28 27/27
f 27/27 26/26 16/16
f 16/16 26/26 25/25
f 16/16 25/25 24/24
f 24/24 23/23 16/16
f 16/16 23/23 17/17
f 17/17 23/23 22/22
f 17/17 22/22 18/18
f 18/18 22/22 21/21
f 18/18 21/21 19/19
f 19/19 21/21 20/20
f 15/15 5/5 16/16
f 16/16 5/5 4/4
f 16/16 4/4 3/3
f 5/5 15/15 6/6
f 6/6 15/15 14/14
f 6/6 14/14 7/7
f 7/7 14/14 13/13
f 7/7 13/13 8/8
f 8/8 13/13 12/12
f 8/8 12/12 9/9
f 9/9 12/12 11/11
f 9/9 11/11 10/10
f 3/3 2/2 16/16
f 345/345 482/482 302/302
f 302/302 482/482 471/471
f 302/302 471/471 303/303
f 303/303 471/471 686/686
f 303/303 686/686 304/304
f 304/304 686/686 681/681
f 304/304 681/681 305/305
f 305/305 681/681 676/676
f 305/305 676/676 306/306
f 306/306 676/676 671/671
f 306/306 671/671 307/307
f 307/307 671/671 666/666
f 307/307 666/666 308/308
f 308/308 666/666 661/661
f 308/308 661/661 309/309
f 309/309 661/661 657/657
f 309/309 657/657 310/310
f 310/310 657/657 652/652
f 310/310 652/652 311/311
f 311/311 652/652 647/647
f 311/311 647/647 312/312
f 312/312 647/647 642/642
f 312/312 642/642 313/313
f 313/313 642/642 637/637
f 313/313 637/637 314/314
f 314/314 637/637 633/633
f 314/314 633/633 315/315
f 315/315 633/633 628/628
f 315/315 628/628 316/316
f 316/316 628/628 623/623
f 316/316 623/623 317/317
f 317/317 623/623 618/618
f 317/317 618/618 318/318
f 318/318 618/618 613/613
f 318/318 613/613 319/319
f 319/319 613/613 608/608
f 319/319 608/608 320/320
f 320/320 608/608 604/604
f 320/320 604/604 321/321
f 321/321 604/604 599/599
f 321/321 599/599 322/322
f 322/322 599/599 594/594
f 322/322 594/594 323/323
f 323/323 594/594 589/589
f 323/323 589/589 324/324
f 324/324 589/589 584/584
f 324/324 584/584 325/325
f 325/325 584/584 579/579
f 325/325 579/579 326/326
f 326/326 579/579 574/574
f 326/326 574/574 327/327
f 327/327 574/574 569/569
f 327/327 569/569 328/328
f 328/328 569/569 565/565
f 328/328 565/565 329/329
f 329/329 565/565 560/560
f 329/329 560/560 330/330
f 330/330 560/560 555/555
f 330/330 555/555 331/331
f 331/331 555/555 550/550
f 331/331 550/550 332/332
f 332/332 550/550 545/545
f 332/332 545/545 333/333
f 333/333 545/545 540/540
f 333/333 540/540 334/334
f 334/334 540/540 536/536
f 334/334 536/536 335/335
f 335/335 536/536 531/531
f 335/335 531/531 336/336
f 336/336 531/531 526/526
f 336/336 526/526 337/337
f 337/337 526/526 521/521
f 337/337 521/521 338/338
f 338/338 521/521 516/516
f 338/338 516/516 339/339
f 339/339 516/516 512/512
f 339/339 512/512 340/340
f 340/340 512/512 507/507
f 340/340 507/507 341/341
f 341/341 507/507 502/502
f 341/341 502/502 342/342
f 342/342 502/502 497/497
f 342/342 497/497 343/343
f 343/343 497/497 492/492
f 343/343 492/492 344/344
f 344/344 492/492 487/487
f 344/344 487/487 345/345
f 345/345 487/487 482/482
f 435/435 690/690 434/434
f 434/434 690/690 475/475
f 434/434 475/475 486/486
f 486/486 475/475 474/474
f 486/486 474/474 485/485
f 485/485 474/474 473/473
f 485/485 473/473 484/484
f 484/484 473/473 472/472
f 484/484 472/472 483/483
f 483/483 472/472 471/471
f 483/483 471/471 482/482
f 690/690 435/435 685/685
f 685/685 435/435 436/436
f 685/685 436/436 680/680
f 680/680 436/436 437/437
f 680/680 437/437 675/675
f 675/675 437/437 438/438
f 675/675 438/438 670/670
f 670/670 438/438 439/439
f 670/670 439/439 665/665
f 665/665 439/439 481/481
f 665/665 481/481 660/660
f 660/660 481/481 655/655
f 660/660 655/655 654/654
f 654/654 655/655 649/649
f 654/654 649/649 648/648
f 648/648 649/649 643/643
f 648/648 643/643 642/642
f 642/642 643/643 637/637
f 439/439 440/440 481/481
f 481/481 440/440 656/656
f 481/481 656/656 655/655
f 655/655 656/656 650/650
f 655/655 650/650 649/649
f 649/649 650/650 644/644
f 649/649 644/644 643/643
f 643/643 644/644 638/638
f 643/643 638/638 637/637
f 637/637 638/638 633/633
f 440/440 441/441 656/656
f 656/656 441/441 651/651
f 656/656 651/651 650/650
f 650/650 651/651 645/645
f 650/650 645/645 644/644
f 644/644 645/645 639/639
f 644/644 639/639 638/638
f 638/638 639/639 634/634
f 638/638 634/634 633/633
f 633/633 634/634 628/628
f 441/441 442/442 651/651
f 651/651 442/442 646/646
f 651/651 646/646 645/645
f 645/645 646/646 640/640
f 645/645 640/640 639/639
f 639/639 640/640 635/635
f 639/639 635/635 634/634
f 634/634 635/635 629/629
f 634/634 629/629 628/628
f 628/628 629/629 623/623
f 442/442 443/443 646/646
f 646/646 443/443 641/641
f 646/646 641/641 640/640
f 640/640 641/641 636/636
f 640/640 636/636 635/635
f 635/635 636/636 630/630
f 635/635 630/630 629/629
f 629/629 630/630 624/624
f 629/629 624/624 623/623
f 623/623 624/624 618/618
f 443/443 444/444 641/641
f 641/641 444/444 480/480
f 641/641 480/480 636/636
f 636/636 480/480 631/631
f 636/636 631/631 630/630
f 630/630 631/631 625/625
f 630/630 625/625 624/624
f 624/624 625/625 619/619
f 624/624 619/619 618/618
f 618/618 619/619 613/613
f 444/444 445/445 480/480
f 480/480 445/445 632/632
f 480/480 632/632 631/631
f 631/631 632/632 626/626
f 631/631 626/626 625/625
f 625/625 626/626 620/620
f 625/625 620/620 619/619
f 619/619 620/620 614/614
f 619/619 614/614 613/613
f 613/613 614/614 608/608
f 632/632 445/445 627/627
f 627/627 445/445 446/446
f 627/627 446/446 622/622
f 622/622 446/446 447/447
f 622/622 447/447 617/617
f 617/617 447/447 448/448
f 617/617 448/448 612/612
f 612/612 448/448 449/449
f 612/612 449/449 479/479
f 479/479 449/449 450/450
f 479/479 450/450 603/603
f 603/603 450/450 598/598
f 603/603 598/598 597/597
f 597/597 598/598 592/592
f 597/597 592/592 591/591
f 591/591 592/592 586/586
f 591/591 586/586 585/585
f 585/585 586/586 580/580
f 585/585 580/580 579/579
f 579/579 580/580 574/574
f 450/450 451/451 598/598
f 598/598 451/451 593/593
f 598/598 593/593 592/592
f 592/592 593/593 587/587
f 592/592 587/587 586/586
f 586/586 587/587 581/581
f 586/586 581/581 580/580
f 580/580 581/581 575/575
f 580/580 575/575 574/574
f 574/574 575/575 569/569
f 451/451 452/452 593/593
f 593/593 452/452 588/588
f 593/593 588/588 587/587
f 587/587 588/588 582/582
f 587/587 582/582 581/581
f 581/581 582/582 576/576
f 581/581 576/576 575/575
f 575/575 576/576 570/570
f 575/575 570/570 569/569
f 569/569 570/570 565/565
f 452/452 453/453 588/588
f 588/588 453/453 583/583
f 588/588 583/583 582/582
f 582/582 583/583 577/577
f 582/582 577/577 576/576
f 576/576 577/577 571/571
f 576/576 571/571 570/570
f 570/570 571/571 566/566
f 570/570 566/566 565/565
f 565/565 566/566 560/560
f 453/453 454/454 583/583
f 583/583 454/454 578/578
f 583/583 578/578 577/577
f 577/577 578/578 572/572
f 577/577 572/572 571/571
f 571/571 572/572 567/567
f 571/571 567/567 566/566
f 566/566 567/567 561/561
f 566/566 561/561 560/560
f 560/560 561/561 555/555
f 454/454 455/455 578/578
f 578/578 455/455 573/573
f 578/578 573/573 572/572
f 572/572 573/573 568/568
f 572/572 568/568 567/567
f 567/567 568/568 562/562
f 567/567 562/562 561/561
f 561/561 562/562 556/556
f 561/561 556/556 555/555
f 555/555 556/556 550/550
f 573/573 455/455 478/478
f 478/478 455/455 456/456
f 478/478 456/456 564/564
f 564/564 456/456 457/457
f 564/564 457/457 559/559
f 559/559 457/457 458/458
f 559/559 458/458 554/554
f 554/554 458/458 459/459
f 554/554 459/459 549/549
f 549/549 459/459 460/460
f 549/549 460/460 544/544
f 544/544 460/460 477/477
f 544/544 477/477 539/539
f 539/539 477/477 534/534
f 539/539 534/534 533/533
f 533/533 534/534 528/528
f 533/533 528/528 527/527
f 527/527 528/528 522/522
f 527/527 522/522 521/521
f 521/521 522/522 516/516
f 460/460 461/461 477/477
f 477/477 461/461 535/535
f 477/477 535/535 534/534
f 534/534 535/535 529/529
f 534/534 529/529 528/528
f 528/528 529/529 523/523
f 528/528 523/523 522/522
f 522/522 523/523 517/517
f 522/522 517/517 516/516
f 516/516 517/517 512/512
f 461/461 462/462 535/535
f 535/535 462/462 530/530
f 535/535 530/530 529/529
f 529/529 530/530 524/524
f 529/529 524/524 523/523
f 523/523 524/524 518/518
f 523/523 518/518 517/517
f 517/517 518/518 513/513
f 517/517 513/513 512/512
f 512/512 513/513 507/507
f 462/462 463/463 530/530
f 530/530 463/463 525/525
f 530/530 525/525 524/524
f 524/524 525/525 519/519
f 524/524 519/519 518/518
f 518/518 519/519 514/514
f 518/518 514/514 513/513
f 513/513 514/514 508/508
f 513/513 508/508 507/507
f 507/507 508/508 502/502
f 463/463 464/464 525/525
f 525/525 464/464 520/520
f 525/525 520/520 519/519
f 519/519 520/520 515/515
f 519/519 515/515 514/514
f 514/514 515/515 509/509
f 514/514 509/509 508/508
f 508/508 509/509 503/503
f 508/508 503/503 502/502
f 502/502 503/503 497/497
f 464/464 465/465 520/520
f 520/520 465/465 476/476
f 520/520 476/476 515/515
f 515/515 476/476 510/510
f 515/515 510/510 509/509
f 509/509 510/510 504/504
f 509/509 504/504 503/503
f 503/503 504/504 498/498
f 503/503 498/498 497/497
f 497/497 498/498 492/492
f 465/465 466/466 476/476
f 476/476 466/466 511/511
f 476/476 511/511 510/510
f 510/510 511/511 505/505
f 510/510 505/505 504/504
f 504/504 505/505 499/499
f 504/504 499/499 498/498
f 498/498 499/499 493/493
f 498/498 493/493 492/492
f 492/492 493/493 487/487
f 511/511 466/466 506/506
f 506/506 466/466 467/467
f 506/506 467/467 501/501
f 501/501 467/467 468/468
f 501/501 468/468 496/496
f 496/496 468/468 469/469
f 496/496 469/469 491/491
f 491/491 469/469 470/470
f 491/491 470/470 486/486
f 486/486 470/470 434/434
f 471/471 472/472 686/686
f 686/686 472/472 687/687
f 686/686 687/687 681/681
f 681/681 687/687 682/682
f 681/681 682/682 676/676
f 676/676 682/682 677/677
f 676/676 677/677 671/671
f 671/671 677/677 672/672
f 671/671 672/672 666/666
f 666/666 672/672 667/667
f 666/666 667/667 661/661
f 661/661 667/667 662/662
f 661/661 662/662 657/657
f 657/657 662/662 658/658
f 657/657 658/658 652/652
f 652/652 658/658 653/653
f 652/652 653/653 647/647
f 647/647 653/653 648/648
f 647/647 648/648 642/642
f 472/472 473/473 687/687
f 687/687 473/473 688/688
f 687/687 688/688 682/682
f 682/682 688/688 683/683
f 682/682 683/683 677/677
f 677/677 683/683 678/678
f 677/677 678/678 672/672
f 672/672 678/678 673/673
f 672/672 673/673 667/667
f 667/667 673/673 668/668
f 667/667 668/668 662/662
f 662/662 668/668 663/663
f 662/662 663/663 658/658
f 658/658 663/663 659/659
f 658/658 659/659 653/653
f 653/653 659/659 654/654
f 653/653 654/654 648/648
f 473/473 474/474 688/688
f 688/688 474/474 689/689
f 688/688 689/689 683/683
f 683/683 689/689 684/684
f 683/683 684/684 678/678
f 678/678 684/684 679/679
f 678/678 679/679 673/673
f 673/673 679/679 674/674
f 673/673 674/674 668/668
f 668/668 674/674 669/669
f 668/668 669/669 663/663
f 663/663 669/669 664/664
f 663/663 664/664 659/659
f 659/659 664/664 660/660
f 659/659 660/660 654/654
f 474/474 475/475 689/689
f 689/689 475/475 690/690
f 689/689 690/690 684/684
f 684/684 690/690 685/685
f 684/684 685/685 679/679
f 679/679 685/685 680/680
f 679/679 680/680 674/674
f 674/674 680/680 675/675
f 674/674 675/675 669/669
f 669/669 675/675 670/670
f 669/669 670/670 664/664
f 664/664 670/670 665/665
f 664/664 665/665 660/660
f 483/483 482/482 488/488
f 488/488 482/482 487/487
f 488/488 487/487 493/493
f 484/484 483/483 489/489
f 489/489 483/483 488/488
f 489/489 488/488 494/494
f 494/494 488/488 493/493
f 494/494 493/493 499/499
f 491/491 486/486 485/485
f 485/485 484/484 490/490
f 490/490 484/484 489/489
f 490/490 489/489 495/495
f 495/495 489/489 494/494
f 495/495 494/494 500/500
f 500/500 494/494 499/499
f 500/500 499/499 505/505
f 496/496 491/491 490/490
f 490/490 491/491 485/485
f 496/496 490/490 495/495
f 501/501 496/496 495/495
f 501/501 495/495 500/500
f 506/506 501/501 500/500
f 506/506 500/500 505/505
f 511/511 506/506 505/505
f 527/527 521/521 526/526
f 527/527 526/526 532/532
f 532/532 526/526 531/531
f 532/532 531/531 537/537
f 537/537 531/531 536/536
f 537/537 536/536 541/541
f 541/541 536/536 540/540
f 541/541 540/540 546/546
f 546/546 540/540 545/545
f 546/546 545/545 551/551
f 551/551 545/545 550/550
f 551/551 550/550 556/556
f 527/527 532/532 533/533
f 533/533 532/532 538/538
f 533/533 538/538 539/539
f 539/539 538/538 543/543
f 539/539 543/543 544/544
f 544/544 543/543 549/549
f 538/538 532/532 537/537
f 538/538 537/537 542/542
f 542/542 537/537 541/541
f 542/542 541/541 547/547
f 547/547 541/541 546/546
f 547/547 546/546 552/552
f 552/552 546/546 551/551
f 552/552 551/551 557/557
f 557/557 551/551 556/556
f 557/557 556/556 562/562
f 538/538 542/542 543/543
f 543/543 542/542 548/548
f 543/543 548/548 549/549
f 549/549 548/548 554/554
f 548/548 542/542 547/547
f 548/548 547/547 553/553
f 553/553 547/547 552/552
f 553/553 552/552 558/558
f 558/558 552/552 557/557
f 558/558 557/557 563/563
f 563/563 557/557 562/562
f 563/563 562/562 568/568
f 559/559 554/554 553/553
f 553/553 554/554 548/548
f 559/559 553/553 558/558
f 564/564 559/559 558/558
f 564/564 558/558 563/563
f 478/478 564/564 563/563
f 478/478 563/563 568/568
f 573/573 478/478 568/568
f 585/585 579/579 584/584
f 585/585 584/584 590/590
f 590/590 584/584 589/589
f 590/590 589/589 595/595
f 595/595 589/589 594/594
f 595/595 594/594 600/600
f 600/600 594/594 599/599
f 600/600 599/599 605/605
f 605/605 599/599 604/604
f 605/605 604/604 609/609
f 609/609 604/604 608/608
f 609/609 608/608 614/614
f 585/585 590/590 591/591
f 591/591 590/590 596/596
f 591/591 596/596 597/597
f 597/597 596/596 602/602
f 597/597 602/602 603/603
f 603/603 602/602 479/479
f 596/596 590/590 595/595
f 596/596 595/595 601/601
f 601/601 595/595 600/600
f 601/601 600/600 606/606
f 606/606 600/600 605/605
f 606/606 605/605 610/610
f 610/610 605/605 609/609
f 610/610 609/609 615/615
f 615/615 609/609 614/614
f 615/615 614/614 620/620
f 596/596 601/601 602/602
f 602/602 601/601 607/607
f 602/602 607/607 479/479
f 479/479 607/607 612/612
f 607/607 601/601 606/606
f 607/607 606/606 611/611
f 611/611 606/606 610/610
f 611/611 610/610 616/616
f 616/616 610/610 615/615
f 616/616 615/615 621/621
f 621/621 615/615 620/620
f 621/621 620/620 626/626
f 617/617 612/612 611/611
f 611/611 612/612 607/607
f 617/617 611/611 616/616
f 622/622 617/617 616/616
f 622/622 616/616 621/621
f 627/627 622/622 621/621
f 627/627 621/621 626/626
f 632/632 627/627 626/626
f 692/692 453/453 691/691
f 691/691 453/453 452/452
f 691/691 452/452 714/714
f 714/714 452/452 451/451
f 714/714 451/451 450/450
f 693/693 455/455 692/692
f 692/692 455/455 454/454
f 692/692 454/454 453/453
f 455/455 693/693 456/456
f 456/456 693/693 694/694
f 456/456 694/694 457/457
f 457/457 694/694 458/458
f 458/458 694/694 695/695
f 458/458 695/695 459/459
f 459/459 695/695 696/696
f 459/459 696/696 460/460
f 460/460 696/696 461/461
f 461/461 696/696 697/697
f 461/461 697/697 462/462
f 462/462 697/697 463/463
f 463/463 697/697 698/698
f 463/463 698/698 464/464
f 464/464 698/698 699/699
f 464/464 699/699 465/465
f 465/465 699/699 466/466
f 466/466 699/699 700/700
f 466/466 700/700 467/467
f 467/467 700/700 701/701
f 467/467 701/701 468/468
f 468/468 701/701 469/469
f 469/469 701/701 702/702
f 469/469 702/702 470/470
f 470/470 702/702 703/703
f 470/470 703/703 434/434
f 434/434 703/703 435/435
f 435/435 703/703 704/704
f 435/435 704/704 436/436
f 436/436 704/704 705/705
f 436/436 705/705 437/437
f 437/437 705/705 438/438
f 438/438 705/705 706/706
f 438/438 706/706 439/439
f 439/439 706/706 707/707
f 439/439 707/707 440/440
f 440/440 707/707 441/441
f 441/441 707/707 708/708
f 441/441 708/708 442/442
f 442/442 708/708 709/709
f 442/442 709/709 443/443
f 443/443 709/709 444/444
f 444/444 709/709 710/710
f 444/444 710/710 445/445
f 445/445 710/710 446/446
f 446/446 710/710 711/711
f 446/446 711/711 447/447
f 447/447 711/711 712/712
f 447/447 712/712 448/448
f 448/448 712/712 449/449
f 449/449 712/712 713/713
f 449/449 713/713 450/450
f 450/450 713/713 714/714
f 716/716 773/773 715/715
f 715/715 773/773 772/772
f 715/715 772/772 743/743
f 743/743 772/772 800/800
f 743/743 800/800 742/742
f 742/742 800/800 799/799
f 742/742 799/799 741/741
f 741/741 799/799 798/798
f 741/741 798/798 740/740
f 740/740 798/798 797/797
f 740/740 797/797 739/739
f 739/739 797/797 796/796
f 739/739 796/796 738/738
f 738/738 796/796 795/795
f 738/738 795/795 737/737
f 737/737 795/795 794/794
f 737/737 794/794 736/736
f 736/736 794/794 793/793
f 736/736 793/793 735/735
f 735/735 793/793 792/792
f 735/735 792/792 734/734
f 734/734 792/792 791/791
f 734/734 791/791 733/733
f 733/733 791/791 790/790
f 733/733 790/790 732/732
f 732/732 790/790 789/789
f 732/732 789/789 731/731
f 731/731 789/789 788/788
f 731/731 788/788 730/730
f 730/730 788/788 787/787
f 730/730 787/787 729/729
f 729/729 787/787 786/786
f 729/729 786/786 728/728
f 728/728 786/786 785/785
f 728/728 785/785 727/727
f 727/727 785/785 784/784
f 727/727 784/784 726/726
f 726/726 784/784 783/783
f 726/726 783/783 725/725
f 725/725 783/783 782/782
f 725/725 782/782 724/724
f 724/724 782/782 781/781
f 724/724 781/781 723/723
f 723/723 781/781 780/780
f 723/723 780/780 722/722
f 722/722 780/780 779/779
f 722/722 779/779 721/721
f 721/721 779/779 778/778
f 721/721 778/778 720/720
f 720/720 778/778 777/777
f 720/720 777/777 719/719
f 719/719 777/777 776/776
f 719/719 776/776 718/718
f 718/718 776/776 775/775
f 718/718 775/775 717/717
f 717/717 775/775 774/774
f 717/717 774/774 716/716
f 716/716 774/774 773/773
f 745/745 786/786 744/744
f 744/744 786/786 787/787
f 744/744 787/787 771/771
f 771/771 787/787 788/788
f 771/771 788/788 770/770
f 770/770 788/788 789/789
f 770/770 789/789 769/769
f 769/769 789/789 790/790
f 769/769 790/790 768/768
f 768/768 790/790 791/791
f 768/768 791/791 767/767
f 767/767 791/791 792/792
f 767/767 792/792 766/766
f 766/766 792/792 793/793
f 766/766 793/793 765/765
f 765/765 793/793 794/794
f 765/765 794/794 764/764
f 764/764 794/794 795/795
f 764/764 795/795 763/763
f 763/763 795/795 796/796
f 763/763 796/796 762/762
f 762/762 796/796 797/797
f 762/762 797/797 761/761
f 761/761 797/797 798/798
f 761/761 798/798 760/760
f 760/760 798/798 799/799
f 760/760 799/799 759/759
f 759/759 799/799 800/800
f 759/759 800/800 758/758
f 758/758 800/800 772/772
f 758/758 772/772 773/773
f 786/786 745/745 785/785
f 785/785 745/745 746/746
f 785/785 746/746 784/784
f 784/784 746/746 747/747
f 784/784 747/747 783/783
f 783/783 747/747 748/748
f 783/783 748/748 782/782
f 782/782 748/748 749/749
f 782/782 749/749 781/781
f 781/781 749/749 750/750
f 781/781 750/750 780/780
f 780/780 750/750 751/751
f 780/780 751/751 779/779
f 779/779 751/751 752/752
f 779/779 752/752 778/778
f 778/778 752/752 753/753
f 778/778 753/753 777/777
f 777/777 753/753 754/754
f 777/777 754/754 776/776
f 776/776 754/754 755/755
f 776/776 755/755 775/775
f 775/775 755/755 756/756
f 775/775 756/756 774/774
f 774/774 756/756 757/757
f 774/774 757/757 773/773
f 773/773 757/757 758/758
f 802/802 730/730 801/801
f 801/801 730/730 729/729
f 801/801 729/729 829/829
f 829/829 729/729 728/728
f 829/829 728/728 828/828
f 828/828 728/728 727/727
f 828/828 727/727 827/827
f 827/827 727/727 726/726
f 827/827 726/726 826/826
f 826/826 726/726 725/725
f 826/826 725/725 825/825
f 825/825 725/725 724/724
f 825/825 724/724 824/824
f 824/824 724/724 723/723
f 824/824 723/723 823/823
f 823/823 723/723 722/722
f 823/823 722/722 822/822
f 822/822 722/722 721/721
f 822/822 721/721 821/821
f 821/821 721/721 720/720
f 821/821 720/720 820/820
f 820/820 720/720 719/719
f 820/820 719/719 819/819
f 819/819 719/719 718/718
f 819/819 718/718 818/818
f 818/818 718/718 717/717
f 818/818 717/717 817/817
f 817/817 717/717 716/716
f 817/817 716/716 816/816
f 816/816 716/716 715/715
f 816/816 715/715 815/815
f 815/815 715/715 743/743
f 815/815 743/743 814/814
f 814/814 743/743 742/742
f 814/814 742/742 813/813
f 813/813 742/742 741/741
f 813/813 741/741 812/812
f 812/812 741/741 740/740
f 812/812 740/740 811/811
f 811/811 740/740 739/739
f 811/811 739/739 810/810
f 810/810 739/739 738/738
f 810/810 738/738 809/809
f 809/809 738/738 737/737
f 809/809 737/737 808/808
f 808/808 737/737 736/736
f 808/808 736/736 807/807
f 807/807 736/736 735/735
f 807/807 735/735 806/806
f 806/806 735/735 734/734
f 806/806 734/734 805/805
f 805/805 734/734 733/733
f 805/805 733/733 804/804
f 804/804 733/733 732/732
f 804/804 732/732 803/803
f 803/803 732/732 731/731
f 803/803 731/731 802/802
f 802/802 731/731 730/730
f 745/745 744/744 830/830
f 830/830 744/744 771/771
f 830/830 771/771 853/853
f 853/853 771/771 770/770
f 853/853 770/770 852/852
f 852/852 770/770 769/769
f 852/852 769/769 851/851
f 851/851 769/769 768/768
f 851/851 768/768 850/850
f 850/850 768/768 767/767
f 850/850 767/767 849/849
f 849/849 767/767 766/766
f 849/849 766/766 848/848
f 848/848 766/766 765/765
f 848/848 765/765 764/764
f 848/848 764/764 847/847
f 847/847 764/764 763/763
f 847/847 763/763 846/846
f 846/846 763/763 762/762
f 846/846 762/762 845/845
f 845/845 762/762 761/761
f 845/845 761/761 844/844
f 844/844 761/761 760/760
f 844/844 760/760 843/843
f 843/843 760/760 759/759
f 843/843 759/759 842/842
f 842/842 759/759 758/758
f 842/842 758/758 757/757
f 842/842 757/757 841/841
f 841/841 757/757 756/756
f 841/841 756/756 840/840
f 840/840 756/756 755/755
f 840/840 755/755 839/839
f 839/839 755/755 754/754
f 839/839 754/754 838/838
f 838/838 754/754 753/753
f 838/838 753/753 837/837
f 837/837 753/753 752/752
f 837/837 752/752 836/836
f 836/836 752/752 751/751
f 836/836 751/751 750/750
f 836/836 750/750 835/835
f 835/835 750/750 749/749
f 835/835 749/749 834/834
f 834/834 749/749 748/748
f 834/834 748/748 833/833
f 833/833 748/748 747/747
f 833/833 747/747 832/832
f 832/832 747/747 746/746
f 832/832 746/746 831/831
f 831/831 746/746 745/745
f 831/831 745/745 830/830
f 714/714 863/863 691/691
f 691/691 863/863 854/854
f 691/691 854/854 692/692
f 692/692 854/854 1061/1061
f 692/692 1061/1061 693/693
f 693/693 1061/1061 1052/1052
f 693/693 1052/1052 694/694
f 694/694 1052/1052 1043/1043
f 694/694 1043/1043 695/695
f 695/695 1043/1043 1034/1034
f 695/695 1034/1034 696/696
f 696/696 1034/1034 1025/1025
f 696/696 1025/1025 697/697
f 697/697 1025/1025 1016/1016
f 697/697 1016/1016 698/698
f 698/698 1016/1016 1007/1007
f 698/698 1007/1007 699/699
f 699/699 1007/1007 998/998
f 699/699 998/998 700/700
f 700/700 998/998 989/989
f 700/700 989/989 701/701
f 701/701 989/989 980/980
f 701/701 980/980 702/702
f 702/702 980/980 971/971
f 702/702 971/971 703/703
f 703/703 971/971 962/962
f 703/703 962/962 704/704
f 704/704 962/962 953/953
f 704/704 953/953 705/705
f 705/705 953/953 944/944
f 705/705 944/944 706/706
f 706/706 944/944 935/935
f 706/706 935/935 707/707
f 707/707 935/935 926/926
f 707/707 926/926 708/708
f 708/708 926/926 917/917
f 708/708 917/917 709/709
f 709/709 917/917 908/908
f 709/709 908/908 710/710
f 710/710 908/908 899/899
f 710/710 899/899 711/711
f 711/711 899/899 890/890
f 711/711 890/890 712/712
f 712/712 890/890 881/881
f 712/712 881/881 713/713
f 713/713 881/881 872/872
f 713/713 872/872 714/714
f 714/714 872/872 863/863
f 853/853 1069/1069 830/830
f 830/830 1069/1069 862/862
f 830/830 862/862 831/831
f 831/831 862/862 871/871
f 831/831 871/871 832/832
f 832/832 871/871 880/880
f 832/832 880/880 833/833
f 833/833 880/880 889/889
f 833/833 889/889 834/834
f 834/834 889/889 898/898
f 834/834 898/898 835/835
f 835/835 898/898 907/907
f 835/835 907/907 836/836
f 836/836 907/907 916/916
f 836/836 916/916 837/837
f 837/837 916/916 925/925
f 837/837 925/925 838/838
f 838/838 925/925 934/934
f 838/838 934/934 839/839
f 839/839 934/934 943/943
f 839/839 943/943 840/840
f 840/840 943/943 952/952
f 840/840 952/952 841/841
f 841/841 952/952 961/961
f 841/841 961/961 842/842
f 842/842 961/961 970/970
f 842/842 970/970 843/843
f 843/843 970/970 979/979
f 843/843 979/979 844/844
f 844/844 979/979 988/988
f 844/844 988/988 845/845
f 845/845 988/988 997/997
f 845/845 997/997 846/846
f 846/846 997/997 1006/1006
f 846/846 1006/1006 847/847
f 847/847 1006/1006 1015/1015
f 847/847 1015/1015 848/848
f 848/848 1015/1015 1024/1024
f 848/848 1024/1024 849/849
f 849/849 1024/1024 1033/1033
f 849/849 1033/1033 850/850
f 850/850 1033/1033 1042/1042
f 850/850 1042/1042 851/851
f 851/851 1042/1042 1051/1051
f 851/851 1051/1051 852/852
f 852/852 1051/1051 1060/1060
f 852/852 1060/1060 853/853
f 853/853 1060/1060 1069/1069
f 854/854 855/855 1061/1061
f 1061/1061 855/855 1062/1062
f 1061/1061 1062/1062 1052/1052
f 1052/1052 1062/1062 1053/1053
f 1052/1052 1053/1053 1043/1043
f 1043/1043 1053/1053 1044/1044
f 1043/1043 1044/1044 1034/1034
f 1034/1034 1044/1044 1035/1035
f 1034/1034 1035/1035 1025/1025
f 1025/1025 1035/1035 1026/1026
f 1025/1025 1026/1026 1016/1016
f 1016/1016 1026/1026 1017/1017
f 1016/1016 1017/1017 1007/1007
f 1007/1007 1017/1017 1008/1008
f 1007/1007 1008/1008 998/998
f 998/998 1008/1008 999/999
f 998/998 999/999 989/989
f 989/989 999/999 990/990
f 989/989 990/990 980/980
f 980/980 990/990 981/981
f 980/980 981/981 971/971
f 971/971 981/981 972/972
f 971/971 972/972 962/962
f 962/962 972/972 963/963
f 962/962 963/963 953/953
f 953/953 963/963 954/954
f 953/953 954/954 944/944
f 944/944 954/954 945/945
f 944/944 945/945 935/935
f 935/935 945/945 936/936
f 935/935 936/936 926/926
f 926/926 936/936 927/927
f 926/926 927/927 917/917
f 917/917 927/927 918/918
f 917/917 918/918 908/908
f 908/908 918/918 909/909
f 908/908 909/909 899/899
f 899/899 909/909 900/900
f 899/899 900/900 890/890
f 890/890 900/900 891/891
f 890/890 891/891 881/881
f 881/881 891/891 882/882
f 881/881 882/882 872/872
f 872/872 882/882 873/873
f 872/872 873/873 863/863
f 863/863 873/873 864/864
f 863/863 864/864 854/854
f 854/854 864/864 855/855
f 855/855 856/856 1062/1062
f 1062/1062 856/856 1063/1063
f 1062/1062 1063/1063 1053/1053
f 1053/1053 1063/1063 1054/1054
f 1053/1053 1054/1054 1044/1044
f 1044/1044 1054/1054 1045/1045
f 1044/1044 1045/1045 1035/1035
f 1035/1035 1045/1045 1036/1036
f 1035/1035 1036/1036 1026/1026
f 1026/1026 1036/1036 1027/1027
f 1026/1026 1027/1027 1017/1017
f 1017/1017 1027/1027 1018/1018
f 1017/1017 1018/1018 1008/1008
f 1008/1008 1018/1018 1009/1009
f 1008/1008 1009/1009 999/999
f 999/999 1009/1009 1000/1000
f 999/999 1000/1000 990/990
f 990/990 1000/1000 991/991
f 990/990 991/991 981/981
f 981/981 991/991 982/982
f 981/981 982/982 972/972
f 972/972 982/982 973/973
f 972/972 973/973 963/963
f 963/963 973/973 964/964
f 963/963 964/964 954/954
f 954/954 964/964 955/955
f 954/954 955/955 945/945
f 945/945 955/955 946/946
f 945/945 946/946 936/936
f 936/936 946/946 937/937
f 936/936 937/937 927/927
f 927/927 937/937 928/928
f 927/927 928/928 918/918
f 918/918 928/928 919/919
f 918/918 919/919 909/909
f 909/909 919/919 910/910
f 909/909 910/910 900/900
f 900/900 910/910 901/901
f 900/900 901/901 891/891
f 891/891 901/901 892/892
f 891/891 892/892 882/882
f 882/882 892/892 883/883
f 882/882 883/883 873/873
f 873/873 883/883 874/874
f 873/873 874/874 864/864
f 864/864 874/874 865/865
f 864/864 865/865 855/855
f 855/855 865/865 856/856
f 856/856 857/857 1063/1063
f 1063/1063 857/857 1064/1064
f 1063/1063 1064/1064 1054/1054
f 1054/1054 1064/1064 1055/1055
f 1054/1054 1055/1055 1045/1045
f 1045/1045 1055/1055 1046/1046
f 1045/1045 1046/1046 1036/1036
f 1036/1036 1046/1046 1037/1037
f 1036/1036 1037/1037 1027/1027
f 1027/1027 1037/1037 1028/1028
f 1027/1027 1028/1028 1018/1018
f 1018/1018 1028/1028 1019/1019
f 1018/1018 1019/1019 1009/1009
f 1009/1009 1019/1019 1010/1010
f 1009/1009 1010/1010 1000/1000
f 1000/1000 1010/1010 1001/1001
f 1000/1000 1001/1001 991/991
f 991/991 1001/1001 992/992
f 991/991 992/992 982/982
f 982/982 992/992 983/983
f 982/982 983/983 973/973
f 973/973 983/983 974/974
f 973/973 974/974 964/964
f 964/964 974/974 965/965
f 964/964 965/965 955/955
f 955/955 965/965 956/956
f 955/955 956/956 946/946
f 946/946 956/956 947/947
f 946/946 947/947 937/937
f 937/937 947/947 938/938
f 937/937 938/938 928/928
f 928/928 938/938 929/929
f 928/928 929/929 919/919
f 919/919 929/929 920/920
f 919/919 920/920 910/910
f 910/910 920/920 911/911
f 910/910 911/911 901/901
f 901/901 911/911 902/902
f 901/901 902/902 892/892
f 892/892 902/902 893/893
f 892/892 893/893 883/883
f 883/883 893/893 884/884
f 883/883 884/884 874/874
f 874/874 884/884 875/875
f 874/874 875/875 865/865
f 865/865 875/875 866/866
f 865/865 866/866 856/856
f 856/856 866/866 857/857
f 857/857 858/858 1064/1064
f 1064/1064 858/858 1065/1065
f 1064/1064 1065/1065 1055/1055
f 1055/1055 1065/1065 1056/1056
f 1055/1055 1056/1056 1046/1046
f 1046/1046 1056/1056 1047/1047
f 1046/1046 1047/1047 1037/1037
f 1037/1037 1047/1047 1038/1038
f 1037/1037 1038/1038 1028/1028
f 1028/1028 1038/1038 1029/1029
f 1028/1028 1029/1029 1019/1019
f 1019/1019 1029/1029 1020/1020
f 1019/1019 1020/1020 1010/1010
f 1010/1010 1020/1020 1011/1011
f 1010/1010 1011/1011 1001/1001
f 1001/1001 1011/1011 1002/1002
f 1001/1001 1002/1002 992/992
f 992/992 1002/1002 993/993
f 992/992 993/993 983/983
f 983/983 993/993 984/984
f 983/983 984/984 974/974
f 974/974 984/984 975/975
f 974/974 975/975 965/965
f 965/965 975/975 966/966
f 965/965 966/966 956/956
f 956/956 966/966 957/957
f 956/956 957/957 947/947
f 947/947 957/957 948/948
f 947/947 948/948 938/938
f 938/938 948/948 939/939
f 938/938 939/939 929/929
f 929/929 939/939 930/930
f 929/929 930/930 920/920
f 920/920 930/930 921/921
f 920/920 921/921 911/911
f 911/911 921/921 912/912
f 911/911 912/912 902/902
f 902/902 912/912 903/903
f 902/902 903/903 893/893
f 893/893 903/903 894/894
f 893/893 894/894 884/884
f 884/884 894/894 885/885
f 884/884 885/885 875/875
f 875/875 885/885 876/876
f 875/875 876/876 866/866
f 866/866 876/876 867/867
f 866/866 867/867 857/857
f 857/857 867/867 858/858
f 858/858 859/859 1065/1065
f 1065/1065 859/859 1066/1066
f 1065/1065 1066/1066 1056/1056
f 1056/1056 1066/1066 1057/1057
f 1056/1056 1057/1057 1047/1047
f 1047/1047 1057/1057 1048/1048
f 1047/1047 1048/1048 1038/1038
f 1038/1038 1048/1048 1039/1039
f 1038/1038 1039/1039 1029/1029
f 1029/1029 1039/1039 1030/1030
f 1029/1029 1030/1030 1020/1020
f 1020/1020 1030/1030 1021/1021
f 1020/1020 1021/1021 1011/1011
f 1011/1011 1021/1021 1012/1012
f 1011/1011 1012/1012 1002/1002
f 1002/1002 1012/1012 1003/1003
f 1002/1002 1003/1003 993/993
f 993/993 1003/1003 994/994
f 993/993 994/994 984/984
f 984/984 994/994 985/985
f 984/984 985/985 975/975
f 975/975 985/985 976/976
f 975/975 976/976 966/966
f 966/966 976/976 967/967
f 966/966 967/967 957/957
f 957/957 967/967 958/958
f 957/957 958/958 948/948
f 948/948 958/958 949/949
f 948/948 949/949 939/939
f 939/939 949/949 940/940
f 939/939 940/940 930/930
f 930/930 940/940 931/931
f 930/930 931/931 921/921
f 921/921 931/931 922/922
f 921/921 922/922 912/912
f 912/912 922/922 913/913
f 912/912 913/913 903/903
f 903/903 913/913 904/904
f 903/903 904/904 894/894
f 894/894 904/904 895/895
f 894/894 895/895 885/885
f 885/885 895/895 886/886
f 885/885 886/886 876/876
f 876/876 886/886 877/877
f 876/876 877/877 867/867
f 867/867 877/877 868/868
f 867/867 868/868 858/858
f 858/858 868/868 859/859
f 859/859 860/860 1066/1066
f 1066/1066 860/860 1067/1067
f 1066/1066 1067/1067 1057/1057
f 1057/1057 1067/1067 1058/1058
f 1057/1057 1058/1058 1048/1048
f 1048/1048 1058/1058 1049/1049
f 1048/1048 1049/1049 1039/1039
f 1039/1039 1049/1049 1040/1040
f 1039/1039 1040/1040 1030/1030
f 1030/1030 1040/1040 1031/1031
f 1030/1030 1031/1031 1021/1021
f 1021/1021 1031/1031 1022/1022
f 1021/1021 1022/1022 1012/1012
f 1012/1012 1022/1022 1013/1013
f 1012/1012 1013/1013 1003/1003
f 1003/1003 1013/1013 1004/1004
f 1003/1003 1004/1004 994/994
f 994/994 1004/1004 995/995
f 994/994 995/995 985/985
f 985/985 995/995 986/986
f 985/985 986/986 976/976
f 976/976 986/986 977/977
f 976/976 977/977 967/967
f 967/967 977/977 968/968
f 967/967 968/968 958/958
f 958/958 968/968 959/959
f 958/958 959/959 949/949
f 949/949 959/959 950/950
f 949/949 950/950 940/940
f 940/940 950/950 941/941
f 940/940 941/941 931/931
f 931/931 941/941 932/932
f 931/931 932/932 922/922
f 922/922 932/932 923/923
f 922/922 923/923 913/913
f 913/913 923/923 914/914
f 913/913 914/914 904/904
f 904/904 914/914 905/905
f 904/904 905/905 895/895
f 895/895 905/905 896/896
f 895/895 896/896 886/886
f 886/886 896/896 887/887
f 886/886 887/887 877/877
f 877/877 887/887 878/878
f 877/877 878/878 868/868
f 868/868 878/878 869/869
f 868/868 869/869 859/859
f 859/859 869/869 860/860
f 860/860 861/861 1067/1067
f 1067/1067 861/861 1068/1068
f 1067/1067 1068/1068 1058/1058
f 1058/1058 1068/1068 1059/1059
f 1058/1058 1059/1059 1049/1049
f 1049/1049 1059/1059 1050/1050
f 1049/1049 1050/1050 1040/1040
f 1040/1040 1050/1050 1041/1041
f 1040/1040 1041/1041 1031/1031
f 1031/1031 1041/1041 1032/1032
f 1031/1031 1032/1032 1022/1022
f 1022/1022 1032/1032 1023/1023
f 1022/1022 1023/1023 1013/1013
f 1013/1013 1023/1023 1014/1014
f 1013/1013 1014/1014 1004/1004
f 1004/1004 1014/1014 1005/1005
f 1004/1004 1005/1005 995/995
f 995/995 1005/1005 996/996
f 995/995 996/996 986/986
f 986/986 996/996 987/987
f 986/986 987/987 977/977
f 977/977 987/987 978/978
f 977/977 978/978 968/968
f 968/968 978/978 969/969
f 968/968 969/969 959/959
f 959/959 969/969 960/960
f 959/959 960/960 950/950
f 950/950 960/960 951/951
f 950/950 951/951 941/941
f 941/941 951/951 942/942
f 941/941 942/942 932/932
f 932/932 942/942 933/933
f 932/932 933/933 923/923
f 923/923 933/933 924/924
f 923/923 924/924 914/914
f 914/914 924/924 915/915
f 914/914 915/915 905/905
f 905/905 915/915 906/906
f 905/905 906/906 896/896
f 896/896 906/906 897/897
f 896/896 897/897 887/887
f 887/887 897/897 888/888
f 887/887 888/888 878/878
f 878/878 888/888 879/879
f 878/878 879/879 869/869
f 869/869 879/879 870/870
f 869/869 870/870 860/860
f 860/860 870/870 861/861
f 861/861 862/862 1068/1068
f 1068/1068 862/862 1069/1069
f 1068/1068 1069/1069 1059/1059
f 1059/1059 1069/1069 1060/1060
f 1059/1059 1060/1060 1050/1050
f 1050/1050 1060/1060 1051/1051
f 1050/1050 1051/1051 1041/1041
f 1041/1041 1051/1051 1042/1042
f 1041/1041 1042/1042 1032/1032
f 1032/1032 1042/1042 1033/1033
f 1032/1032 1033/1033 1023/1023
f 1023/1023 1033/1033 1024/1024
f 1023/1023 1024/1024 1014/1014
f 1014/1014 1024/1024 1015/1015
f 1014/1014 1015/1015 1005/1005
f 1005/1005 1015/1015 1006/1006
f 1005/1005 1006/1006 996/996
f 996/996 1006/1006 997/997
f 996/996 997/997 987/987
f 987/987 997/997 988/988
f 987/987 988/988 978/978
f 978/978 988/988 979/979
f 978/978 979/979 969/969
f 969/969 979/979 970/970
f 969/969 970/970 960/960
f 960/960 970/970 961/961
f 960/960 961/961 951/951
f 951/951 961/961 952/952
f 951/951 952/952 942/942
f 942/942 952/952 943/943
f 942/942 943/943 933/933
f 933/933 943/943 934/934
f 933/933 934/934 924/924
f 924/924 934/934 925/925
f 924/924 925/925 915/915
f 915/915 925/925 916/916
f 915/915 916/916 906/906
f 906/906 916/916 907/907
f 906/906 907/907 897/897
f 897/897 907/907 898/898
f 897/897 898/898 888/888
f 888/888 898/898 889/889
f 888/888 889/889 879/879
f 879/879 889/889 880/880
f 879/879 880/880 870/870
f 870/870 880/880 871/871
f 870/870 871/871 861/861
f 861/861 871/871 862/862
f 1070/1070 1071/1071 1073/1073
f 1073/1073 1071/1071 1072/1072
f 1071/1071 1074/1074 1072/1072
f 1072/1072 1074/1074 1075/1075
f 1074/1074 1076/1076 1075/1075
f 1075/1075 1076/1076 1077/1077
f 1076/1076 1078/1078 1077/1077
f 1077/1077 1078/1078 1079/1079
f 1078/1078 1080/1080 1079/1079
f 1079/1079 1080/1080 1081/1081
f 1080/1080 1070/1070 1081/1081
f 1081/1081 1070/1070 1073/1073
f 1073/1073 1072/1072 1081/1081
f 1081/1081 1072/1072 1075/1075
f 1081/1081 1075/1075 1079/1079
f 1079/1079 1075/1075 1077/1077
f 1070/1070 823/823 1071/1071
f 1071/1071 823/823 822/822
f 1071/1071 822/822 821/821
f 1080/1080 828/828 1070/1070
f 1070/1070 828/828 827/827
f 1070/1070 827/827 826/826
f 1078/1078 803/803 1080/1080
f 1080/1080 803/803 802/802
f 1080/1080 802/802 801/801
f 1076/1076 808/808 1078/1078
f 1078/1078 808/808 807/807
f 1078/1078 807/807 806/806
f 1074/1074 813/813 1076/1076
f 1076/1076 813/813 812/812
f 1076/1076 812/812 811/811
f 1071/1071 818/818 1074/1074
f 1074/1074 818/818 817/817
f 1074/1074 817/817 816/816
f 801/801 829/829 1080/1080
f 1080/1080 829/829 828/828
f 826/826 825/825 1070/1070
f 1070/1070 825/825 824/824
f 1070/1070 824/824 823/823
f 821/821 820/820 1071/1071
f 1071/1071 820/820 819/819
f 1071/1071 819/819 818/818
f 816/816 815/815 1074/1074
f 1074/1074 815/815 814/814
f 1074/1074 814/814 813/813
f 811/811 810/810 1076/1076
f 1076/1076 810/810 809/809
f 1076/1076 809/809 808/808
f 806/806 805/805 1078/1078
f 1078/1078 805/805 804/804
f 1078/1078 804/804 803/803

