
o 0.obj
v 1.76491102 -0.41666667 1.75000000
v 1.75653760 -0.41666667 1.78125000
v 1.73366102 -0.41666667 1.80412658
v 1.70241102 -0.41666667 1.81250000
v 1.67116102 -0.41666667 1.80412658
v 1.64828443 -0.41666667 1.78125000
v 1.63991102 -0.41666667 1.75000000
v 1.64828443 -0.41666667 1.71875000
v 1.67116102 -0.41666667 1.69587341
v 1.70241102 -0.41666667 1.68750000
v 1.73366102 -0.41666667 1.69587341
v 1.75653760 -0.41666667 1.71875000
v 1.76491102 -0.12500000 1.75000000
v 1.75653760 -0.12500000 1.71875000
v 1.73366102 -0.12500000 1.69587341
v 1.70241102 -0.12500000 1.68750000
v 1.67116102 -0.12500000 1.69587341
v 1.64828443 -0.12500000 1.71875000
v 1.63991102 -0.12500000 1.75000000
v 1.64828443 -0.12500000 1.78125000
v 1.67116102 -0.12500000 1.80412658
v 1.70241102 -0.12500000 1.81250000
v 1.73366102 -0.12500000 1.80412658
v 1.75653760 -0.12500000 1.78125000
v 1.76491102 0.12500000 1.75000000
v 1.75653760 0.12500000 1.78125000
v 1.73366102 0.12500000 1.80412658
v 1.70241102 0.12500000 1.81250000
v 1.67116102 0.12500000 1.80412658
v 1.64828443 0.12500000 1.78125000
v 1.63991102 0.12500000 1.75000000
v 1.64828443 0.12500000 1.71875000
v 1.67116102 0.12500000 1.69587341
v 1.70241102 0.12500000 1.68750000
v 1.73366102 0.12500000 1.69587341
v 1.75653760 0.12500000 1.71875000
v 1.76491102 0.41666667 1.75000000
v 1.75653760 0.41666667 1.71875000
v 1.73366102 0.41666667 1.69587341
v 1.70241102 0.41666667 1.68750000
v 1.67116102 0.41666667 1.69587341
v 1.64828443 0.41666667 1.71875000
v 1.63991102 0.41666667 1.75000000
v 1.64828443 0.41666667 1.78125000
v 1.67116102 0.41666667 1.80412658
v 1.70241102 0.41666667 1.81250000
v 1.73366102 0.41666667 1.80412658
v 1.75653760 0.41666667 1.78125000
v 2.50000000 0.41666667 1.33333333
v 2.50000000 -0.41666667 1.33333333
v 2.33333333 -0.41666667 1.50000000
v 2.33333333 -0.12500000 1.50000000
v 1.83333333 -0.12500000 2.00000000
v 1.83333333 0.12500000 2.00000000
v 2.33333333 0.12500000 1.50000000
v 2.33333333 0.41666667 1.50000000
v 1.32148870 0.12500000 2.00000000
v 1.32148870 0.12500000 1.50000000
v 1.32148870 -0.12500000 2.00000000
v 1.32148870 -0.12500000 1.50000000
v 1.32148870 0.41666667 1.50000000
v 1.32148870 -0.41666667 1.50000000
v 1.32148870 0.41666667 1.33333333
v 1.32148870 -0.41666667 1.33333333
v -1.32148870 -0.41666667 1.33333333
v -1.32148870 0.41666667 1.33333333
v -1.32148870 0.41666667 1.50000000
v -2.33333333 0.41666667 1.50000000
v -2.50000000 0.41666667 1.33333333
v -3.50000000 0.41666667 1.33333333
v -3.50000000 0.41666667 1.50000000
v -4.33333333 0.41666667 1.50000000
v -4.33333333 0.41666667 1.33333333
v -4.95833333 0.41666667 1.33333333
v -4.95833333 0.41666667 2.50000000
v 4.95833333 0.41666667 2.50000000
v 4.95833333 0.41666667 1.33333333
v 4.33333333 0.41666667 1.33333333
v 4.33333333 0.41666667 1.50000000
v 3.50000000 0.41666667 1.50000000
v 3.50000000 0.41666667 1.33333333
v 3.97916667 0.41666667 1.83333333
v 3.97079325 0.41666667 1.86458333
v 3.94791667 0.41666667 1.88745992
v 3.91666667 0.41666667 1.89583333
v 3.88541667 0.41666667 1.88745992
v 3.86254008 0.41666667 1.86458333
v 3.85416667 0.41666667 1.83333333
v 3.86254008 0.41666667 1.80208333
v 3.88541667 0.41666667 1.77920674
v 3.91666667 0.41666667 1.77083333
v 3.94791667 0.41666667 1.77920674
v 3.97079325 0.41666667 1.80208333
v -3.97916667 0.41666667 1.83333333
v -3.97079325 0.41666667 1.80208333
v -3.94791667 0.41666667 1.77920674
v -3.91666667 0.41666667 1.77083333
v -3.88541667 0.41666667 1.77920674
v -3.86254008 0.41666667 1.80208333
v -3.85416667 0.41666667 1.83333333
v -3.86254008 0.41666667 1.86458333
v -3.88541667 0.41666667 1.88745992
v -3.91666667 0.41666667 1.89583333
v -3.94791667 0.41666667 1.88745992
v -3.97079325 0.41666667 1.86458333
v -1.76491102 0.41666667 1.75000000
v -1.75653760 0.41666667 1.71875000
v -1.73366102 0.41666667 1.69587341
v -1.70241102 0.41666667 1.68750000
v -1.67116102 0.41666667 1.69587341
v -1.64828443 0.41666667 1.71875000
v -1.63991102 0.41666667 1.75000000
v -1.64828443 0.41666667 1.78125000
v -1.67116102 0.41666667 1.80412658
v -1.70241102 0.41666667 1.81250000
v -1.73366102 0.41666667 1.80412658
v -1.75653760 0.41666667 1.78125000
v -3.97916667 -0.41666667 1.83333333
v -3.97079325 -0.41666667 1.86458333
v -3.94791667 -0.41666667 1.88745992
v -3.91666667 -0.41666667 1.89583333
v -3.88541667 -0.41666667 1.88745992
v -3.86254008 -0.41666667 1.86458333
v -3.85416667 -0.41666667 1.83333333
v -3.86254008 -0.41666667 1.80208333
v -3.88541667 -0.41666667 1.77920674
v -3.91666667 -0.41666667 1.77083333
v -3.94791667 -0.41666667 1.77920674
v -3.97079325 -0.41666667 1.80208333
v -1.76491102 -0.41666667 1.75000000
v -1.75653760 -0.41666667 1.78125000
v -1.73366102 -0.41666667 1.80412658
v -1.70241102 -0.41666667 1.81250000
v -1.67116102 -0.41666667 1.80412658
v -1.64828443 -0.41666667 1.78125000
v -1.63991102 -0.41666667 1.75000000
v -1.64828443 -0.41666667 1.71875000
v -1.67116102 -0.41666667 1.69587341
v -1.70241102 -0.41666667 1.68750000
v -1.73366102 -0.41666667 1.69587341
v -1.75653760 -0.41666667 1.71875000
v 3.97916667 -0.41666667 1.83333333
v 3.97079325 -0.41666667 1.80208333
v 3.94791667 -0.41666667 1.77920674
v 3.91666667 -0.41666667 1.77083333
v 3.88541667 -0.41666667 1.77920674
v 3.86254008 -0.41666667 1.80208333
v 3.85416667 -0.41666667 1.83333333
v 3.86254008 -0.41666667 1.86458333
v 3.88541667 -0.41666667 1.88745992
v 3.91666667 -0.41666667 1.89583333
v 3.94791667 -0.41666667 1.88745992
v 3.97079325 -0.41666667 1.86458333
v 3.50000000 -0.41666667 1.33333333
v 3.50000000 -0.41666667 1.50000000
v 4.33333333 -0.41666667 1.50000000
v 4.33333333 -0.41666667 1.33333333
v 4.95833333 -0.41666667 1.33333333
v 4.95833333 -0.41666667 2.50000000
v -4.95833333 -0.41666667 2.50000000
v -4.95833333 -0.41666667 1.33333333
v -4.33333333 -0.41666667 1.33333333
v -4.33333333 -0.41666667 1.50000000
v -3.50000000 -0.41666667 1.50000000
v -3.50000000 -0.41666667 1.33333333
v -2.50000000 -0.41666667 1.33333333
v -2.33333333 -0.41666667 1.50000000
v -1.32148870 -0.41666667 1.50000000
v 5.00000000 -0.37500000 1.37500000
v 5.00000000 -0.37500000 2.45833333
v 5.00000000 0.37500000 1.37500000
v 5.00000000 0.37500000 2.45833333
v 3.97916667 -0.12500000 1.83333333
v 3.97079325 -0.12500000 1.80208333
v 3.94791667 -0.12500000 1.77920674
v 3.91666667 -0.12500000 1.77083333
v 3.88541667 -0.12500000 1.77920674
v 3.86254008 -0.12500000 1.80208333
v 3.85416667 -0.12500000 1.83333333
v 3.86254008 -0.12500000 1.86458333
v 3.88541667 -0.12500000 1.88745992
v 3.91666667 -0.12500000 1.89583333
v 3.94791667 -0.12500000 1.88745992
v 3.97079325 -0.12500000 1.86458333
v 3.97916667 0.12500000 1.83333333
v 3.97079325 0.12500000 1.86458333
v 3.94791667 0.12500000 1.88745992
v 3.91666667 0.12500000 1.89583333
v 3.88541667 0.12500000 1.88745992
v 3.86254008 0.12500000 1.86458333
v 3.85416667 0.12500000 1.83333333
v 3.86254008 0.12500000 1.80208333
v 3.88541667 0.12500000 1.77920674
v 3.91666667 0.12500000 1.77083333
v 3.94791667 0.12500000 1.77920674
v 3.97079325 0.12500000 1.80208333
v 4.33333333 -0.12500000 1.50000000
v 4.33333333 -0.12500000 2.16666666
v 4.33333333 0.12500000 2.16666666
v 4.33333333 0.12500000 1.50000000
v 3.50000000 0.12500000 1.50000000
v 3.50000000 0.12500000 2.16666666
v 3.50000000 -0.12500000 2.16666666
v 3.50000000 -0.12500000 1.50000000
v -5.00000000 -0.37500000 2.45833333
v -5.00000000 -0.37500000 1.37500000
v -5.00000000 0.37500000 1.37500000
v -5.00000000 0.37500000 2.45833333
v -1.76491102 -0.12500000 1.75000000
v -1.75653760 -0.12500000 1.78125000
v -1.73366102 -0.12500000 1.80412658
v -1.70241102 -0.12500000 1.81250000
v -1.67116102 -0.12500000 1.80412658
v -1.64828443 -0.12500000 1.78125000
v -1.63991102 -0.12500000 1.75000000
v -1.64828443 -0.12500000 1.71875000
v -1.67116102 -0.12500000 1.69587341
v -1.70241102 -0.12500000 1.68750000
v -1.73366102 -0.12500000 1.69587341
v -1.75653760 -0.12500000 1.71875000
v -1.76491102 0.12500000 1.75000000
v -1.75653760 0.12500000 1.71875000
v -1.73366102 0.12500000 1.69587341
v -1.70241102 0.12500000 1.68750000
v -1.67116102 0.12500000 1.69587341
v -1.64828443 0.12500000 1.71875000
v -1.63991102 0.12500000 1.75000000
v -1.64828443 0.12500000 1.78125000
v -1.67116102 0.12500000 1.80412658
v -1.70241102 0.12500000 1.81250000
v -1.73366102 0.12500000 1.80412658
v -1.75653760 0.12500000 1.78125000
v -2.33333333 0.12500000 1.50000000
v -1.83333333 0.12500000 2.00000000
v -1.83333333 -0.12500000 2.00000000
v -2.33333333 -0.12500000 1.50000000
v -1.32148870 0.12500000 1.50000000
v -1.32148870 0.12500000 2.00000000
v -1.32148870 -0.12500000 2.00000000
v -1.32148870 -0.12500000 1.50000000
v -3.97916667 -0.12500000 1.83333333
v -3.97079325 -0.12500000 1.86458333
v -3.94791667 -0.12500000 1.88745992
v -3.91666667 -0.12500000 1.89583333
v -3.88541667 -0.12500000 1.88745992
v -3.86254008 -0.12500000 1.86458333
v -3.85416667 -0.12500000 1.83333333
v -3.86254008 -0.12500000 1.80208333
v -3.88541667 -0.12500000 1.77920674
v -3.91666667 -0.12500000 1.77083333
v -3.94791667 -0.12500000 1.77920674
v -3.97079325 -0.12500000 1.80208333
v -3.97916667 0.12500000 1.83333333
v -3.97079325 0.12500000 1.80208333
v -3.94791667 0.12500000 1.77920674
v -3.91666667 0.12500000 1.77083333
v -3.88541667 0.12500000 1.77920674
v -3.86254008 0.12500000 1.80208333
v -3.85416667 0.12500000 1.83333333
v -3.86254008 0.12500000 1.86458333
v -3.88541667 0.12500000 1.88745992
v -3.91666667 0.12500000 1.89583333
v -3.94791667 0.12500000 1.88745992
v -3.97079325 0.12500000 1.86458333
v -4.33333333 0.12500000 1.50000000
v -4.33333333 0.12500000 2.16666666
v -4.33333333 -0.12500000 2.16666666
v -4.33333333 -0.12500000 1.50000000
v -3.50000000 -0.12500000 1.50000000
v -3.50000000 -0.12500000 2.16666666
v -3.50000000 0.12500000 2.16666666
v -3.50000000 0.12500000 1.50000000
v 0.00000000 0.00000000 2.50000000
v 0.00000000 -0.41666667 2.50000000
v 0.00000000 0.41666667 2.50000000
v -1.62796116 0.41666667 2.15625000
v -1.62796116 -0.41666667 2.15625000
v 2.47916667 0.20833334 2.50000000
v 2.47916667 -0.20833334 2.50000000
v -2.47916667 0.20833334 2.50000000
v -2.47916667 -0.20833334 2.50000000
v -2.47916667 -0.41666667 2.50000000
v -2.47916667 0.41666667 2.50000000
v 2.47916667 -0.41666667 2.50000000
v 2.47916667 0.41666667 2.50000000
v 0.00000000 -0.41666667 1.81250000
v 0.00000000 0.41666667 1.81250000
v -0.01562500 0.41666667 1.80831329
v -0.01562500 -0.41666667 1.80831329
v 0.03722493 0.41666667 1.98437500
v 0.03722493 -0.41666667 1.98437500
v -3.29314724 0.41666667 2.32812500
v -3.29314724 -0.41666667 2.32812500
v 0.00000000 -0.41666667 1.80412658
v 0.00000000 0.41666667 1.80412658
v 0.00000000 -0.41666667 1.69587341
v 0.00000000 0.41666667 1.69587341
v -3.33037217 -0.41666667 2.15625000
v -3.33037217 0.41666667 2.15625000
v 3.33037217 0.41666667 2.15625000
v 3.33037217 -0.41666667 2.15625000
v -0.01143830 0.41666667 1.70731170
v -0.01143830 -0.41666667 1.70731170
v -0.01143830 0.41666667 1.79268829
v -0.01143830 -0.41666667 1.79268829
v 0.00000000 -0.41666667 1.78125000
v 0.00000000 0.41666667 1.78125000
v 0.00000000 -0.41666667 1.71875000
v 0.00000000 0.41666667 1.71875000
v -0.00418670 0.41666667 1.73437500
v -0.00418670 -0.41666667 1.73437500
v -0.00418670 0.41666667 1.76562500
v -0.00418670 -0.41666667 1.76562500
v 0.00000000 -0.41666667 1.75000000
v 0.00000000 0.41666667 1.75000000
v 0.17483616 0.41666667 1.59793671
v 0.17483616 -0.41666667 1.59793671
v 0.00000000 0.00000000 1.33333333
v 0.00000000 -0.41666667 1.41666667
v 0.00000000 0.41666667 1.41666667
v 0.00000000 0.41666667 1.50000000
v 0.00000000 0.41666667 1.33333333
v 0.00000000 -0.41666667 1.50000000
v 0.00000000 -0.41666667 1.33333333
v -3.71875000 -0.10416667 2.50000000
v 3.71875000 -0.10416667 2.50000000
v 3.71875000 0.31250000 2.50000000
v 3.71875000 -0.31250000 2.50000000
v -3.71875000 0.31250000 2.50000000
v -3.71875000 -0.31250000 2.50000000
v 1.23958333 0.31250000 2.50000000
v 1.23958333 0.10416667 2.50000000
v 1.23958333 -0.10416667 2.50000000
v 1.23958333 -0.31250000 2.50000000
v -1.23958333 0.31250000 2.50000000
v -1.23958333 0.10416667 2.50000000
v -1.23958333 -0.10416667 2.50000000
v -1.23958333 -0.31250000 2.50000000
v -1.23958333 -0.41666667 2.50000000
v -1.23958333 0.41666667 2.50000000
v 1.23958333 -0.41666667 2.50000000
v 1.23958333 0.41666667 2.50000000
v -3.71875000 -0.41666667 2.50000000
v -3.71875000 0.41666667 2.50000000
v 3.71875000 -0.41666667 2.50000000
v 3.71875000 0.41666667 2.50000000
v 2.80953885 -0.41666667 1.85416666
v 2.80953885 0.41666667 1.85416666
v -2.80953885 0.41666667 1.85416666
v -2.80953885 -0.41666667 1.85416666
v -2.79391385 -0.41666667 1.84997996
v -2.79391385 0.41666667 1.84997996
v 2.79391385 0.41666667 1.84997996
v 2.79391385 -0.41666667 1.84997996
v 2.82516385 -0.41666667 1.73335337
v -2.82516385 -0.41666667 1.73335337
v -2.82516385 0.41666667 1.73335337
v 2.82516385 0.41666667 1.73335337
v 2.83660214 0.41666667 1.74479167
v -2.83660214 0.41666667 1.74479167
v -2.83660214 -0.41666667 1.74479167
v 2.83660214 -0.41666667 1.74479167
v 2.78247555 -0.41666667 1.83854166
v 2.78247555 0.41666667 1.83854166
v -2.78247555 0.41666667 1.83854166
v -2.78247555 -0.41666667 1.83854166
v 2.82097714 -0.41666667 1.74897837
v -2.82097714 -0.41666667 1.74897837
v -2.82097714 0.41666667 1.74897837
v 2.82097714 0.41666667 1.74897837
v -2.79810055 -0.41666667 1.83435495
v -2.79810055 0.41666667 1.83435495
v 2.79810055 0.41666667 1.83435495
v 2.79810055 -0.41666667 1.83435495
v 2.82097714 -0.41666667 1.78022837
v -2.82097714 -0.41666667 1.78022837
v -2.82097714 0.41666667 1.78022837
v 2.82097714 0.41666667 1.78022837
v 2.79810055 -0.41666667 1.80310495
v -2.79810055 -0.41666667 1.80310495
v -2.79810055 0.41666667 1.80310495
v 2.79810055 0.41666667 1.80310495
v 2.79391385 0.41666667 1.81872995
v -2.79391385 0.41666667 1.81872995
v -2.79391385 -0.41666667 1.81872995
v 2.79391385 -0.41666667 1.81872995
v 2.82516385 0.41666667 1.76460337
v -2.82516385 0.41666667 1.76460337
v -2.82516385 -0.41666667 1.76460337
v 2.82516385 -0.41666667 1.76460337
v 2.80953884 0.41666667 1.79166667
v -2.80953884 0.41666667 1.79166667
v -2.80953884 -0.41666667 1.79166667
v 2.80953884 -0.41666667 1.79166667
v 0.85120551 0.41666667 2.15625000
v 0.85120551 -0.41666667 2.15625000
v 2.61683051 0.41666667 1.59793671
v -2.61683051 0.41666667 1.59793671
v -2.61683051 -0.41666667 1.59793671
v 2.61683051 -0.41666667 1.59793671
v 0.85120551 -0.41666667 1.81250000
v 0.85120551 0.41666667 1.81250000
v -0.85120551 -0.41666667 1.81250000
v -0.85120551 0.41666667 1.81250000
v -0.85901801 0.41666667 1.81040664
v -0.85901801 -0.41666667 1.81040664
v 0.82776801 0.41666667 1.80621993
v 0.82776801 -0.41666667 1.80621993
v -2.46055420 -0.41666667 2.24218750
v -2.46055420 0.41666667 2.24218750
v 0.86981798 0.41666667 1.89843750
v 0.86981798 -0.41666667 1.89843750
v -4.12574029 0.41666667 2.41406250
v -4.12574029 -0.41666667 2.41406250
v -0.79536811 -0.41666667 2.07031250
v -0.79536811 0.41666667 2.07031250
v -2.49777913 0.41666667 2.07031250
v -2.49777913 -0.41666667 2.07031250
v 0.83558051 -0.41666667 1.80831329
v 0.83558051 0.41666667 1.80831329
v 0.83558051 -0.41666667 1.80412658
v 0.83558051 0.41666667 1.80412658
v 0.83558051 -0.41666667 1.69587341
v 0.83558051 0.41666667 1.69587341
v -0.83558051 -0.41666667 1.80412658
v -0.83558051 0.41666667 1.80412658
v -0.83558051 -0.41666667 1.69587341
v -0.83558051 0.41666667 1.69587341
v -4.14435275 -0.41666667 2.32812500
v -4.14435275 0.41666667 2.32812500
v 4.14435275 0.41666667 2.32812500
v 4.14435275 -0.41666667 2.32812500
v -0.81398058 0.41666667 1.98437500
v -0.81398058 0.41666667 2.32812500
v -0.81398058 -0.41666667 1.98437500
v -0.81398058 -0.41666667 2.32812500
v -2.51639160 -0.41666667 1.98437500
v -2.51639160 0.41666667 1.98437500
v 2.51639160 0.41666667 1.98437500
v 2.51639160 -0.41666667 1.98437500
v -0.84129966 0.41666667 1.70159256
v -0.84129966 -0.41666667 1.70159256
v 0.81842307 0.41666667 1.71303085
v 0.81842307 -0.41666667 1.71303085
v -0.84129966 0.41666667 1.79840743
v -0.84129966 -0.41666667 1.79840743
v 0.81842307 0.41666667 1.78696914
v 0.81842307 -0.41666667 1.78696914
v -0.84339301 0.41666667 1.80621993
v -0.84339301 -0.41666667 1.80621993
v 0.82414221 -0.41666667 1.70731170
v 0.82414221 0.41666667 1.70731170
v 0.82414221 -0.41666667 1.79268829
v 0.82414221 0.41666667 1.79268829
v 0.82414221 -0.41666667 1.78125000
v 0.82414221 0.41666667 1.78125000
v 0.82414221 -0.41666667 1.71875000
v 0.82414221 0.41666667 1.71875000
v -0.82414221 -0.41666667 1.78125000
v -0.82414221 0.41666667 1.78125000
v -0.82414221 -0.41666667 1.71875000
v -0.82414221 0.41666667 1.71875000
v -0.82623557 0.41666667 1.72656250
v -0.82623557 -0.41666667 1.72656250
v -0.82623557 0.41666667 1.77343750
v -0.82623557 -0.41666667 1.77343750
v 0.81786216 0.41666667 1.74218750
v 0.81786216 0.41666667 1.75781250
v 0.81786216 -0.41666667 1.74218750
v 0.81786216 -0.41666667 1.75781250
v 0.81995551 -0.41666667 1.76562500
v 0.81995551 -0.41666667 1.73437500
v 0.81995551 0.41666667 1.76562500
v 0.81995551 0.41666667 1.73437500
v 0.81995551 -0.41666667 1.75000000
v 0.81995551 0.41666667 1.75000000
v -0.81995551 0.41666667 1.75000000
v -0.81995551 -0.41666667 1.75000000
v -0.82986136 0.41666667 1.71303085
v -0.82986136 -0.41666667 1.71303085
v -0.82986136 0.41666667 1.78696914
v -0.82986136 -0.41666667 1.78696914
v -0.82204886 -0.41666667 1.75781250
v -0.82204886 -0.41666667 1.74218750
v -0.82204886 0.41666667 1.75781250
v -0.82204886 0.41666667 1.74218750
v 0.92299859 0.41666667 1.64690506
v 0.92299859 -0.41666667 1.64690506
v -0.57332627 -0.41666667 1.54896835
v -0.57332627 0.41666667 1.54896835
v -0.66074435 -0.20833334 1.33333333
v -0.66074435 0.20833334 1.33333333
v 0.66074435 -0.20833334 1.33333333
v 0.66074435 0.20833334 1.33333333
v -4.33854166 0.15625000 2.50000000
v 4.33854166 0.15625000 2.50000000
v -0.66074435 0.41666667 1.59793671
v -0.66074435 -0.41666667 1.59793671
v -0.66074435 -0.41666667 1.37500000
v -0.66074435 -0.41666667 1.45833333
v 0.66074435 -0.41666667 1.37500000
v 0.66074435 -0.41666667 1.45833333
v 0.66074435 0.41666667 1.37500000
v 0.66074435 0.41666667 1.45833333
v -0.66074435 0.41666667 1.37500000
v -0.66074435 0.41666667 1.45833333
v -0.66074435 0.41666667 1.50000000
v -0.66074435 0.41666667 1.33333333
v 0.66074435 0.41666667 1.50000000
v 0.66074435 0.41666667 1.33333333
v 0.66074435 -0.41666667 1.50000000
v 0.66074435 -0.41666667 1.33333333
v -0.66074435 -0.41666667 1.50000000
v -0.66074435 -0.41666667 1.33333333
v -5.00000000 0.00000000 1.91666667
v 5.00000000 0.00000000 1.91666667
v 3.00000000 0.00000000 1.33333333
v -3.00000000 0.00000000 1.33333333
v 4.33854166 -0.26041667 2.50000000
v -4.33854166 -0.26041667 2.50000000
v -0.61979167 -0.26041667 2.50000000
v -1.85937500 -0.05208333 2.50000000
v -0.61979167 0.15625000 2.50000000
v 0.61979167 -0.26041667 2.50000000
v 1.85937500 -0.05208333 2.50000000
v 0.61979167 0.15625000 2.50000000
v -3.09895833 0.05208333 2.50000000
v 3.09895833 0.05208333 2.50000000
v 3.09895833 -0.15625000 2.50000000
v 3.09895833 -0.26041667 2.50000000
v 3.09895833 -0.36458334 2.50000000
v 3.09895833 0.26041667 2.50000000
v 3.09895833 0.36458334 2.50000000
v -3.09895833 -0.15625000 2.50000000
v -3.09895833 -0.26041667 2.50000000
v -3.09895833 -0.36458334 2.50000000
v -3.09895833 0.26041667 2.50000000
v -3.09895833 0.36458334 2.50000000
v 0.61979167 0.36458334 2.50000000
v 0.61979167 0.05208333 2.50000000
v 0.61979167 -0.05208333 2.50000000
v 1.85937500 0.15625000 2.50000000
v 1.85937500 0.26041667 2.50000000
v 1.85937500 0.36458334 2.50000000
v 1.85937500 -0.15625000 2.50000000
v 1.85937500 -0.26041667 2.50000000
v 1.85937500 -0.36458334 2.50000000
v 0.61979167 -0.36458334 2.50000000
v -0.61979167 0.36458334 2.50000000
v -0.61979167 0.05208333 2.50000000
v -0.61979167 -0.05208333 2.50000000
v -1.85937500 0.15625000 2.50000000
v -1.85937500 0.26041667 2.50000000
v -1.85937500 0.36458334 2.50000000
v -1.85937500 -0.15625000 2.50000000
v -1.85937500 -0.26041667 2.50000000
v -1.85937500 -0.36458334 2.50000000
v -0.61979167 -0.36458334 2.50000000
v -4.33854166 -0.36458334 2.50000000
v 4.33854166 -0.36458334 2.50000000
v 4.33854166 0.36458334 2.50000000
v -4.33854166 0.36458334 2.50000000
v -4.33854166 0.41666667 2.50000000
v 4.33854166 0.41666667 2.50000000
v 4.33854166 -0.41666667 2.50000000
v -4.33854166 -0.41666667 2.50000000
v -0.61979167 -0.41666667 2.50000000
v -1.85937500 -0.41666667 2.50000000
v -1.85937500 0.41666667 2.50000000
v -0.61979167 0.41666667 2.50000000
v 0.61979167 -0.41666667 2.50000000
v 1.85937500 -0.41666667 2.50000000
v 1.85937500 0.41666667 2.50000000
v 0.61979167 0.41666667 2.50000000
v -3.09895833 0.41666667 2.50000000
v -3.09895833 -0.41666667 2.50000000
v 3.09895833 0.41666667 2.50000000
v 3.09895833 -0.41666667 2.50000000
v 4.43750000 -0.41666667 2.19791666
v 4.43750000 0.41666667 2.19791666
v -4.43750000 0.41666667 2.19791666
v -4.43750000 -0.41666667 2.19791666
v -4.45312500 -0.41666667 2.19372996
v -4.45312500 0.41666667 2.19372996
v 4.45312500 0.41666667 2.19372996
v 4.45312500 -0.41666667 2.19372996
v 4.46456329 -0.41666667 2.18229166
v 4.46456329 0.41666667 2.18229166
v -4.46456329 0.41666667 2.18229166
v -4.46456329 -0.41666667 2.18229166
v 2.91666667 -0.41666667 1.50000000
v -2.91666667 -0.41666667 1.50000000
v -2.91666667 0.41666667 1.50000000
v 2.91666667 0.41666667 1.50000000
v -4.95833333 -0.41666667 1.91666667
v -4.95833333 0.41666667 1.91666667
v 4.95833333 0.41666667 1.91666667
v 4.95833333 -0.41666667 1.91666667
v 0.74816243 -0.41666667 1.54896835
v 0.74816243 0.41666667 1.54896835
v 4.97916667 -0.39583334 1.89583333
v 4.97916667 0.39583334 1.93750000
v -4.97916667 0.39583334 1.89583333
v -4.97916667 -0.39583334 1.93750000
v -4.46456329 -0.41666667 1.59895833
v -4.46456329 0.41666667 1.59895833
v 4.46456329 0.41666667 1.59895833
v 4.46456329 -0.41666667 1.59895833
v 2.25597493 -0.41666667 1.83333333
v 2.25597493 0.41666667 1.83333333
v -2.25597493 0.41666667 1.83333333
v -2.25597493 -0.41666667 1.83333333
v -3.36310276 -0.41666667 1.87500000
v -3.36310276 0.41666667 1.87500000
v 3.36310276 0.41666667 1.87500000
v 3.36310276 -0.41666667 1.87500000
v 4.46875000 -0.41666667 1.58333333
v 4.46875000 0.41666667 1.58333333
v -4.46875000 0.41666667 1.58333333
v -4.46875000 -0.41666667 1.58333333
v -4.46456329 -0.41666667 1.56770833
v -4.46456329 0.41666667 1.56770833
v 4.46456329 0.41666667 1.56770833
v 4.46456329 -0.41666667 1.56770833
v -2.24816243 -0.41666667 1.83123998
v -2.24816243 0.41666667 1.83123998
v 2.24816243 0.41666667 1.83123998
v 2.24816243 -0.41666667 1.83123998
v 2.27941243 -0.41666667 1.71461339
v -2.27941243 -0.41666667 1.71461339
v -2.27941243 0.41666667 1.71461339
v 2.27941243 0.41666667 1.71461339
v 3.37091526 -0.41666667 1.75209335
v -3.37091526 -0.41666667 1.75209335
v -3.37091526 0.41666667 1.75209335
v 3.37091526 0.41666667 1.75209335
v 3.33966526 -0.41666667 1.86871994
v 3.33966526 0.41666667 1.86871994
v -3.33966526 0.41666667 1.86871994
v -3.33966526 -0.41666667 1.86871994
v -5.00000000 -0.37500000 1.91666667
v -5.00000000 0.37500000 1.91666667
v 5.00000000 0.37500000 1.91666667
v 5.00000000 -0.37500000 1.91666667
v 2.29656987 0.41666667 1.73177083
v -2.29656987 0.41666667 1.73177083
v -2.29656987 -0.41666667 1.73177083
v 2.29656987 -0.41666667 1.73177083
v 3.37663440 0.41666667 1.75781250
v -3.37663440 0.41666667 1.75781250
v -3.37663440 -0.41666667 1.75781250
v 3.37663440 -0.41666667 1.75781250
v 2.24244329 -0.41666667 1.82552083
v 2.24244329 0.41666667 1.82552083
v -2.24244329 0.41666667 1.82552083
v -2.24244329 -0.41666667 1.82552083
v 3.32250781 -0.41666667 1.85156250
v 3.32250781 0.41666667 1.85156250
v -3.32250781 0.41666667 1.85156250
v -3.32250781 -0.41666667 1.85156250
v -3.34747776 -0.41666667 1.87081329
v -3.34747776 0.41666667 1.87081329
v 3.34747776 0.41666667 1.87081329
v 3.34747776 -0.41666667 1.87081329
v 2.29085072 -0.41666667 1.72605168
v -2.29085072 -0.41666667 1.72605168
v -2.29085072 0.41666667 1.72605168
v 2.29085072 0.41666667 1.72605168
v -3.32822696 -0.41666667 1.85728164
v -3.32822696 0.41666667 1.85728164
v 3.32822696 0.41666667 1.85728164
v 3.32822696 -0.41666667 1.85728164
v 2.28875737 -0.41666667 1.73386418
v -2.28875737 -0.41666667 1.73386418
v -2.28875737 0.41666667 1.73386418
v 2.28875737 0.41666667 1.73386418
v 3.35319690 -0.41666667 1.76409255
v -3.35319690 -0.41666667 1.76409255
v -3.35319690 0.41666667 1.76409255
v 3.35319690 0.41666667 1.76409255
v -3.33032031 -0.41666667 1.84946914
v -3.33032031 0.41666667 1.84946914
v 3.33032031 0.41666667 1.84946914
v 3.33032031 -0.41666667 1.84946914
v 2.26588079 -0.41666667 1.81924077
v -2.26588079 -0.41666667 1.81924077
v -2.26588079 0.41666667 1.81924077
v 2.26588079 0.41666667 1.81924077
v 2.28875737 -0.41666667 1.78073918
v -2.28875737 -0.41666667 1.78073918
v -2.28875737 0.41666667 1.78073918
v 2.28875737 0.41666667 1.78073918
v 3.35319690 -0.41666667 1.77971755
v -3.35319690 -0.41666667 1.77971755
v -3.35319690 0.41666667 1.77971755
v 3.35319690 0.41666667 1.77971755
v 3.33032031 -0.41666667 1.80259414
v -3.33032031 -0.41666667 1.80259414
v -3.33032031 0.41666667 1.80259414
v 3.33032031 0.41666667 1.80259414
v 2.26588079 -0.41666667 1.80361577
v -2.26588079 -0.41666667 1.80361577
v -2.26588079 0.41666667 1.80361577
v 2.26588079 0.41666667 1.80361577
v 2.26378743 0.41666667 1.81142827
v -2.26378743 0.41666667 1.81142827
v -2.26378743 -0.41666667 1.81142827
v 2.26378743 -0.41666667 1.81142827
v 3.32404026 -0.41666667 1.82603164
v -3.32404026 -0.41666667 1.82603164
v -3.32404026 0.41666667 1.82603164
v 3.32404026 0.41666667 1.82603164
v 3.35529026 0.41666667 1.77190505
v -3.35529026 0.41666667 1.77190505
v -3.35529026 -0.41666667 1.77190505
v 3.35529026 -0.41666667 1.77190505
v 2.29503743 -0.41666667 1.75730168
v -2.29503743 -0.41666667 1.75730168
v -2.29503743 0.41666667 1.75730168
v 2.29503743 0.41666667 1.75730168
v 3.32613361 0.41666667 1.81821914
v -3.32613361 0.41666667 1.81821914
v -3.32613361 -0.41666667 1.81821914
v 3.32613361 -0.41666667 1.81821914
v 2.29294408 0.41666667 1.76511418
v -2.29294408 0.41666667 1.76511418
v -2.29294408 -0.41666667 1.76511418
v 2.29294408 -0.41666667 1.76511418
v 3.32613361 0.41666667 1.83384414
v -3.32613361 0.41666667 1.83384414
v -3.32613361 -0.41666667 1.83384414
v 3.32613361 -0.41666667 1.83384414
v 2.29294408 0.41666667 1.74948918
v -2.29294408 0.41666667 1.74948918
v -2.29294408 -0.41666667 1.74948918
v 2.29294408 -0.41666667 1.74948918
v 2.28303822 0.41666667 1.78645833
v -2.28303822 0.41666667 1.78645833
v -2.28303822 -0.41666667 1.78645833
v 2.28303822 -0.41666667 1.78645833
v 3.33603946 0.41666667 1.79687500
v -3.33603946 0.41666667 1.79687500
v -3.33603946 -0.41666667 1.79687500
v 3.33603946 -0.41666667 1.79687500
v -1.82741102 -0.27083334 1.50000000
v -1.82741102 0.27083334 1.50000000
v 1.82741102 -0.27083334 1.50000000
v 1.82741102 0.27083334 1.50000000
v 3.36100940 0.41666667 1.76199920
v -3.36100940 0.41666667 1.76199920
v -3.36100940 -0.41666667 1.76199920
v 3.36100940 -0.41666667 1.76199920
v 2.25806829 0.41666667 1.82133412
v -2.25806829 0.41666667 1.82133412
v -2.25806829 -0.41666667 1.82133412
v 2.25806829 -0.41666667 1.82133412
v 2.27731907 -0.41666667 1.79217748
v -2.27731907 -0.41666667 1.79217748
v -2.27731907 0.41666667 1.79217748
v 2.27731907 0.41666667 1.79217748
v 3.34175861 -0.41666667 1.79115585
v -3.34175861 -0.41666667 1.79115585
v -3.34175861 0.41666667 1.79115585
v 3.34175861 0.41666667 1.79115585
v -4.64583333 0.00000000 1.33333333
v 4.64583333 0.00000000 1.33333333
v 2.09078884 0.41666667 2.15625000
v 2.09078884 -0.41666667 2.15625000
v 3.00000000 0.41666667 1.41666667
v -3.00000000 0.41666667 1.41666667
v -3.00000000 -0.41666667 1.41666667
v 3.00000000 -0.41666667 1.41666667
v 1.82741102 0.12500000 1.50000000
v 1.82741102 0.41666667 1.50000000
v 1.82741102 -0.12500000 1.50000000
v 1.82741102 -0.41666667 1.50000000
v -1.82741102 0.12500000 1.50000000
v -1.82741102 0.41666667 1.50000000
v -1.82741102 -0.12500000 1.50000000
v -1.82741102 -0.41666667 1.50000000
v 3.00000000 -0.41666667 1.33333333
v -3.00000000 -0.41666667 1.33333333
v -3.00000000 0.41666667 1.33333333
v 3.00000000 0.41666667 1.33333333
v 4.71144831 -0.41666667 1.75781250
v 4.71144831 0.41666667 1.75781250
v -4.71144831 0.41666667 1.75781250
v -4.71144831 -0.41666667 1.75781250
v 0.42560275 0.41666667 2.32812500
v 0.42560275 -0.41666667 2.32812500
v -2.05356391 0.41666667 2.32812500
v -2.05356391 -0.41666667 2.32812500
v 1.27680827 -0.41666667 1.98437500
v 1.27680827 0.41666667 1.98437500
v 2.90476942 -0.41666667 2.32812500
v 2.90476942 0.41666667 2.32812500
v 0.99111653 0.10416667 1.33333333
v -0.99111653 0.10416667 1.33333333
v -0.39768406 -0.41666667 2.28515625
v -0.39768406 0.41666667 2.28515625
v 3.05841525 0.41666667 1.54896835
v -3.05841525 0.41666667 1.54896835
v -3.05841525 -0.41666667 1.54896835
v 3.05841525 -0.41666667 1.54896835
v 2.17524576 0.41666667 1.64690506
v -2.17524576 0.41666667 1.64690506
v -2.17524576 -0.41666667 1.64690506
v 2.17524576 -0.41666667 1.64690506
v -3.91666667 -0.27083334 1.50000000
v -3.91666667 0.27083334 1.50000000
v 3.91666667 -0.27083334 1.50000000
v 3.91666667 0.27083334 1.50000000
v -2.08148261 -0.41666667 2.02734375
v -2.08148261 0.41666667 2.02734375
v -3.91666667 0.00000000 2.16666666
v 3.91666667 0.00000000 2.16666666
v -0.42560275 -0.41666667 1.81250000
v -0.42560275 0.41666667 1.81250000
v 0.42560275 0.41666667 1.81250000
v 0.42560275 -0.41666667 1.81250000
v 1.27680827 -0.41666667 1.81250000
v 1.27680827 0.41666667 1.81250000
v -1.27680827 -0.41666667 1.81250000
v -1.27680827 0.41666667 1.81250000
v -1.23958333 0.41666667 1.98437500
v -1.23958333 -0.41666667 1.98437500
v -4.64843750 -0.13020833 2.50000000
v 4.64843750 -0.13020833 2.50000000
v -1.28071452 0.41666667 1.81145332
v -1.28071452 -0.41666667 1.81145332
v -0.43732150 -0.41666667 1.80935997
v -0.43732150 0.41666667 1.80935997
v 1.24946452 0.41666667 1.80517326
v 1.24946452 -0.41666667 1.80517326
v 0.40607150 -0.41666667 1.80726661
v 0.40607150 0.41666667 1.80726661
v -4.54203681 -0.41666667 2.45703125
v -4.54203681 0.41666667 2.45703125
v -2.87685072 -0.41666667 2.28515625
v -2.87685072 0.41666667 2.28515625
v -0.37907159 0.41666667 2.02734375
v -0.37907159 -0.41666667 2.02734375
v 0.45352145 -0.41666667 1.94140625
v 0.45352145 0.41666667 1.94140625
v 1.28611450 0.41666667 1.85546875
v 1.28611450 -0.41666667 1.85546875
v -2.04425768 0.41666667 2.19921875
v -2.04425768 -0.41666667 2.19921875
v -1.21166463 -0.41666667 2.11328125
v -1.21166463 0.41666667 2.11328125
v -2.91407565 0.41666667 2.11328125
v -2.91407565 -0.41666667 2.11328125
v -3.70944376 -0.41666667 2.37109375
v -3.70944376 0.41666667 2.37109375
v -3.72805623 0.41666667 2.28515625
v -3.72805623 -0.41666667 2.28515625
v -2.89546319 -0.41666667 2.19921875
v -2.89546319 0.41666667 2.19921875
v -0.39768406 -0.41666667 1.94140625
v -0.39768406 0.41666667 1.94140625
v -2.10009508 0.41666667 1.94140625
v -2.10009508 -0.41666667 1.94140625
v 1.25337077 -0.41666667 1.80621993
v 1.25337077 0.41666667 1.80621993
v -0.43341525 0.41666667 1.81040664
v -0.43341525 -0.41666667 1.81040664
v 0.41779025 -0.41666667 1.81040664
v 0.41779025 0.41666667 1.81040664
v 1.25337077 -0.41666667 1.80412658
v 1.25337077 0.41666667 1.80412658
v -0.41779025 -0.41666667 1.69587341
v -0.41779025 0.41666667 1.69587341
v 1.25337077 -0.41666667 1.69587341
v 1.25337077 0.41666667 1.69587341
v 0.41779025 0.41666667 1.80412658
v 0.41779025 -0.41666667 1.80412658
v 0.41779025 0.41666667 1.69587341
v 0.41779025 -0.41666667 1.69587341
v -1.25337077 -0.41666667 1.80412658
v -1.25337077 0.41666667 1.80412658
v -1.25337077 -0.41666667 1.69587341
v -1.25337077 0.41666667 1.69587341
v -0.41779025 0.41666667 1.80412658
v -0.41779025 -0.41666667 1.80412658
v 4.95833333 0.00000000 2.50000000
v -4.95833333 0.00000000 2.50000000
v -1.32148870 0.00000000 1.33333333
v 1.32148870 0.00000000 1.33333333
v 4.95833333 0.00000000 1.33333333
v 4.33333333 0.00000000 1.33333333
v -4.95833333 0.00000000 1.33333333
v -4.33333333 0.00000000 1.33333333
v -2.50000000 0.00000000 1.33333333
v -3.50000000 0.00000000 1.33333333
v 2.50000000 0.00000000 1.33333333
v 3.50000000 0.00000000 1.33333333
v 3.91666667 -0.12500000 2.16666666
v 3.91666667 0.12500000 2.16666666
v -3.91666667 0.12500000 2.16666666
v -3.91666667 -0.12500000 2.16666666
v 3.91666667 0.41666667 1.50000000
v 3.91666667 0.12500000 1.50000000
v 3.91666667 -0.41666667 1.50000000
v 3.91666667 -0.12500000 1.50000000
v -3.91666667 0.41666667 1.50000000
v -3.91666667 0.12500000 1.50000000
v -3.91666667 -0.41666667 1.50000000
v -3.91666667 -0.12500000 1.50000000
v -4.55134304 0.41666667 2.41406250
v -4.55134304 -0.41666667 2.41406250
v 4.55134304 0.41666667 2.41406250
v 4.55134304 -0.41666667 2.41406250
v -2.10940131 -0.41666667 1.89843750
v -2.10940131 0.41666667 1.89843750
v -2.88615695 0.41666667 2.41406250
v -2.88615695 -0.41666667 2.41406250
v 2.10940131 -0.41666667 1.89843750
v 2.10940131 0.41666667 1.89843750
v -0.40699029 0.41666667 1.89843750
v -0.40699029 -0.41666667 1.89843750
v -1.22097087 0.41666667 2.07031250
v -1.22097087 0.41666667 2.24218750
v -1.22097087 -0.41666667 2.07031250
v -1.22097087 -0.41666667 2.24218750
v 0.44421522 0.41666667 1.89843750
v 0.44421522 0.41666667 2.07031250
v 0.44421522 -0.41666667 1.89843750
v 0.44421522 -0.41666667 2.07031250
v -0.40699029 0.41666667 2.41406250
v -0.40699029 -0.41666667 2.41406250
v -3.73736246 -0.41666667 2.24218750
v -3.73736246 0.41666667 2.24218750
v -2.92338189 -0.41666667 2.07031250
v -2.92338189 0.41666667 2.07031250
v 2.92338189 0.41666667 2.07031250
v 2.92338189 -0.41666667 2.07031250
v 3.73736246 -0.41666667 2.24218750
v 3.73736246 0.41666667 2.24218750
v -1.25623034 0.41666667 1.69873298
v -1.25623034 -0.41666667 1.69873298
v -0.42636898 -0.41666667 1.70445213
v -0.42636898 0.41666667 1.70445213
v 1.23335375 0.41666667 1.71589043
v 1.23335375 -0.41666667 1.71589043
v 0.40349239 -0.41666667 1.71017128
v 0.40349239 0.41666667 1.71017128
v -1.25623034 0.41666667 1.80126701
v -1.25623034 -0.41666667 1.80126701
v -0.42636898 -0.41666667 1.79554786
v -0.42636898 0.41666667 1.79554786
v 1.23335375 0.41666667 1.78410957
v 1.23335375 -0.41666667 1.78410957
v 0.40349239 -0.41666667 1.78982872
v 0.40349239 0.41666667 1.78982872
v 1.47099718 0.41666667 2.15625000
v 1.47099718 -0.41666667 2.15625000
v 0.41388400 0.41666667 1.80935997
v 0.41388400 -0.41666667 1.80935997
v -1.25727702 0.41666667 1.80517326
v -1.25727702 -0.41666667 1.80517326
v 0.41388400 -0.41666667 1.80517326
v 0.41388400 0.41666667 1.80517326
v -0.42950900 0.41666667 1.80726661
v -0.42950900 -0.41666667 1.80726661
v 1.23621332 -0.41666667 1.71303085
v 1.23621332 0.41666667 1.71303085
v -0.42350940 0.41666667 1.70159256
v -0.42350940 -0.41666667 1.70159256
v 0.41207111 -0.41666667 1.70159256
v 0.41207111 0.41666667 1.70159256
v 1.23621332 -0.41666667 1.78696914
v 1.23621332 0.41666667 1.78696914
v -0.42350940 0.41666667 1.79840743
v -0.42350940 -0.41666667 1.79840743
v 0.41207111 -0.41666667 1.79840743
v 0.41207111 0.41666667 1.79840743
v 1.23621332 -0.41666667 1.78125000
v 1.23621332 0.41666667 1.78125000
v 1.23621332 -0.41666667 1.71875000
v 1.23621332 0.41666667 1.71875000
v -1.23621332 -0.41666667 1.78125000
v -1.23621332 0.41666667 1.78125000
v -1.23621332 -0.41666667 1.71875000
v -1.23621332 0.41666667 1.71875000
v 0.41207111 0.41666667 1.71875000
v 0.41207111 0.41666667 1.78125000
v 0.41207111 -0.41666667 1.71875000
v 0.41207111 -0.41666667 1.78125000
v -0.41207111 0.41666667 1.71875000
v -0.41207111 -0.41666667 1.71875000
v -0.41207111 0.41666667 1.78125000
v -0.41207111 -0.41666667 1.78125000
v -1.23726000 0.41666667 1.72265625
v -1.23726000 -0.41666667 1.72265625
v -1.23726000 0.41666667 1.77734375
v -1.23726000 -0.41666667 1.77734375
v -0.41521114 0.41666667 1.73046875
v -0.41521114 0.41666667 1.76953125
v -0.41521114 -0.41666667 1.73046875
v -0.41521114 -0.41666667 1.76953125
v 1.22888659 0.41666667 1.74609375
v 1.22888659 0.41666667 1.75390625
v 1.22888659 -0.41666667 1.74609375
v 1.22888659 -0.41666667 1.75390625
v 0.40683773 -0.41666667 1.76171875
v 0.40683773 -0.41666667 1.73828125
v 0.40683773 0.41666667 1.76171875
v 0.40683773 0.41666667 1.73828125
v 1.22993327 -0.41666667 1.75781250
v 1.22993327 -0.41666667 1.74218750
v 1.22993327 0.41666667 1.75781250
v 1.22993327 0.41666667 1.74218750
v -0.41416446 -0.41666667 1.77343750
v -0.41416446 -0.41666667 1.72656250
v -0.41416446 0.41666667 1.77343750
v -0.41416446 0.41666667 1.72656250
v 0.40997775 -0.41666667 1.77343750
v 0.40997775 -0.41666667 1.72656250
v 0.40997775 0.41666667 1.77343750
v 0.40997775 0.41666667 1.72656250
v 1.26118327 0.41666667 1.80831329
v 1.26118327 -0.41666667 1.80831329
v -0.42560275 -0.41666667 1.80621993
v -0.42560275 0.41666667 1.80621993
v 1.22993327 -0.41666667 1.75000000
v 1.22993327 0.41666667 1.75000000
v -1.22993327 0.41666667 1.75000000
v -1.22993327 -0.41666667 1.75000000
v -0.40997775 -0.41666667 1.75000000
v -0.40997775 0.41666667 1.75000000
v 0.40997775 0.41666667 1.75000000
v 0.40997775 -0.41666667 1.75000000
v 0.40921153 0.41666667 1.70445213
v 0.40921153 -0.41666667 1.70445213
v 0.40921153 0.41666667 1.79554786
v 0.40921153 -0.41666667 1.79554786
v 0.40921153 -0.41666667 1.71589043
v 0.40921153 0.41666667 1.71589043
v -1.23907290 0.41666667 1.71589043
v -1.23907290 -0.41666667 1.71589043
v -0.42064983 0.41666667 1.71017128
v -0.42064983 -0.41666667 1.71017128
v 0.40921153 -0.41666667 1.78410957
v 0.40921153 0.41666667 1.78410957
v -1.23907290 0.41666667 1.78410957
v -1.23907290 -0.41666667 1.78410957
v -0.42064983 0.41666667 1.78982872
v -0.42064983 -0.41666667 1.78982872
v 0.40893108 0.41666667 1.73046875
v 0.40893108 0.41666667 1.76953125
v 0.40893108 -0.41666667 1.73046875
v 0.40893108 -0.41666667 1.76953125
v 0.40893108 -0.41666667 1.75390625
v 0.40893108 -0.41666667 1.74609375
v 0.40893108 0.41666667 1.75390625
v 0.40893108 0.41666667 1.74609375
v -1.23097994 -0.41666667 1.75390625
v -1.23097994 -0.41666667 1.74609375
v -1.23097994 0.41666667 1.75390625
v -1.23097994 0.41666667 1.74609375
v -0.41311778 -0.41666667 1.76171875
v -0.41311778 -0.41666667 1.73828125
v -0.41311778 0.41666667 1.76171875
v -0.41311778 0.41666667 1.73828125
v 1.23202662 0.41666667 1.73437500
v 1.23202662 0.41666667 1.76562500
v 1.23202662 -0.41666667 1.73437500
v 1.23202662 -0.41666667 1.76562500
v -0.41207111 0.41666667 1.74218750
v -0.41207111 0.41666667 1.75781250
v -0.41207111 -0.41666667 1.74218750
v -0.41207111 -0.41666667 1.75781250
v -1.23307329 0.41666667 1.73828125
v -1.23307329 0.41666667 1.76171875
v -1.23307329 -0.41666667 1.73828125
v -1.23307329 -0.41666667 1.76171875
v 1.24193247 0.41666667 1.70731170
v 1.24193247 -0.41666667 1.70731170
v 1.24193247 0.41666667 1.79268829
v 1.24193247 -0.41666667 1.79268829
v -0.41779025 -0.41666667 1.71303085
v -0.41779025 0.41666667 1.71303085
v -0.41779025 -0.41666667 1.78696914
v -0.41779025 0.41666667 1.78696914
v -1.26508952 -0.41666667 1.80726661
v -1.26508952 0.41666667 1.80726661
v -1.24479204 -0.41666667 1.71017128
v -1.24479204 0.41666667 1.71017128
v -1.24479204 -0.41666667 1.78982872
v -1.24479204 0.41666667 1.78982872
v -4.97916667 -0.02083334 1.35416667
v 4.97916667 -0.02083334 1.35416667
v -4.97916667 -0.02083334 2.47916667
v 4.97916667 -0.02083334 2.47916667
v 5.00000000 0.00000000 2.45833333
v -5.00000000 0.00000000 2.45833333
v 5.00000000 0.00000000 1.37500000
v -5.00000000 0.00000000 1.37500000
v -2.08333333 0.00000000 1.75000000
v 2.08333333 0.00000000 1.75000000
v 1.29707981 0.41666667 1.67138923
v 1.29707981 -0.41666667 1.67138923
v -0.94740748 -0.41666667 1.52448418
v -0.94740748 0.41666667 1.52448418
v 0.54891738 0.41666667 1.62242088
v 0.54891738 -0.41666667 1.62242088
v -0.19924505 0.41666667 1.57345253
v -0.19924505 -0.41666667 1.57345253
v 3.16258192 -0.41666667 1.61667669
v -3.16258192 -0.41666667 1.61667669
v -3.16258192 0.41666667 1.61667669
v 3.16258192 0.41666667 1.61667669
v -3.50000000 0.00000000 1.83333333
v -4.33333333 0.00000000 1.83333333
v 3.50000000 0.00000000 1.83333333
v 4.33333333 0.00000000 1.83333333
v 2.08333333 -0.12500000 1.75000000
v 2.08333333 0.12500000 1.75000000
v -2.08333333 0.12500000 1.75000000
v -2.08333333 -0.12500000 1.75000000
v 1.78089301 -0.41666667 2.15625000
v 1.78089301 0.41666667 2.15625000
v -0.99111653 -0.31250000 1.33333333
v -0.99111653 0.31250000 1.33333333
v 0.99111653 -0.31250000 1.33333333
v 0.99111653 0.31250000 1.33333333
v -0.33037217 -0.31250000 1.33333333
v -0.33037217 -0.10416667 1.33333333
v -0.33037217 0.10416667 1.33333333
v -0.33037217 0.31250000 1.33333333
v 0.33037217 -0.31250000 1.33333333
v 0.33037217 -0.10416667 1.33333333
v 0.33037217 0.10416667 1.33333333
v 0.33037217 0.31250000 1.33333333
v -0.99111653 0.41666667 1.43750000
v 0.99111653 0.41666667 1.43750000
v 0.99111653 -0.41666667 1.43750000
v -0.99111653 -0.41666667 1.43750000
v 4.64843750 0.28645834 2.50000000
v -4.64843750 0.28645834 2.50000000
v -2.78906250 -0.07812500 2.50000000
v 2.78906250 -0.07812500 2.50000000
v -2.16927083 0.07812500 2.50000000
v -0.30989583 -0.13020833 2.50000000
v -0.30989583 0.28645834 2.50000000
v 2.16927083 0.07812500 2.50000000
v 0.30989583 -0.13020833 2.50000000
v 0.30989583 0.28645834 2.50000000
v -3.40885416 0.18229167 2.50000000
v 3.40885416 0.18229167 2.50000000
v -4.02864583 0.02604167 2.50000000
v 4.02864583 0.02604167 2.50000000
v -0.99111653 0.41666667 1.54896835
v -0.99111653 -0.41666667 1.54896835
v 0.50520834 -0.41666667 1.64690506
v 0.50520834 0.41666667 1.64690506
v -0.33037217 0.41666667 1.64690506
v -0.33037217 -0.41666667 1.64690506
v 4.33333333 -0.12500000 1.83333333
v 4.33333333 0.12500000 1.83333333
v 3.50000000 0.12500000 1.83333333
v 3.50000000 -0.12500000 1.83333333
v -4.33333333 0.12500000 1.83333333
v -4.33333333 -0.12500000 1.83333333
v -3.50000000 -0.12500000 1.83333333
v -3.50000000 0.12500000 1.83333333
v -0.99111653 -0.41666667 1.35416666
v -0.99111653 -0.41666667 1.47916667
v 0.99111653 -0.41666667 1.35416666
v 0.99111653 -0.41666667 1.47916667
v 0.99111653 0.41666667 1.35416666
v 0.99111653 0.41666667 1.47916667
v -0.99111653 0.41666667 1.35416666
v -0.99111653 0.41666667 1.47916667
v -0.33037217 -0.41666667 1.35416666
v -0.33037217 -0.41666667 1.39583333
v -0.33037217 -0.41666667 1.43750000
v -0.33037217 -0.41666667 1.47916667
v 0.33037217 -0.41666667 1.35416666
v 0.33037217 -0.41666667 1.39583333
v 0.33037217 -0.41666667 1.43750000
v 0.33037217 -0.41666667 1.47916667
v 0.33037217 0.41666667 1.35416666
v 0.33037217 0.41666667 1.39583333
v 0.33037217 0.41666667 1.43750000
v 0.33037217 0.41666667 1.47916667
v -0.33037217 0.41666667 1.35416666
v -0.33037217 0.41666667 1.39583333
v -0.33037217 0.41666667 1.43750000
v -0.33037217 0.41666667 1.47916667
v -0.33037217 0.41666667 1.50000000
v -0.33037217 0.41666667 1.33333333
v 0.33037217 0.41666667 1.50000000
v 0.33037217 0.41666667 1.33333333
v 0.33037217 -0.41666667 1.50000000
v 0.33037217 -0.41666667 1.33333333
v -0.33037217 -0.41666667 1.50000000
v -0.33037217 -0.41666667 1.33333333
v -0.99111653 0.41666667 1.50000000
v -0.99111653 0.41666667 1.33333333
v 0.99111653 0.41666667 1.50000000
v 0.99111653 0.41666667 1.33333333
v 0.99111653 -0.41666667 1.50000000
v 0.99111653 -0.41666667 1.33333333
v -0.99111653 -0.41666667 1.50000000
v -0.99111653 -0.41666667 1.33333333
v -5.00000000 -0.18750000 1.64583333
v -5.00000000 0.18750000 1.64583333
v 5.00000000 0.18750000 1.64583333
v 5.00000000 -0.18750000 1.64583333
v -5.00000000 0.18750000 2.18750000
v -5.00000000 -0.18750000 2.18750000
v 5.00000000 -0.18750000 2.18750000
v 5.00000000 0.18750000 2.18750000
v -2.01787217 -0.41666667 1.59375000
v -2.01787217 -0.12500000 1.59375000
v -2.01787217 0.41666667 1.59375000
v -2.01787217 0.12500000 1.59375000
v 2.01787217 -0.41666667 1.59375000
v 2.01787217 -0.12500000 1.59375000
v 2.01787217 0.41666667 1.59375000
v 2.01787217 0.12500000 1.59375000
v 3.25000000 0.20833334 1.33333333
v 3.25000000 -0.20833334 1.33333333
v 2.75000000 -0.20833334 1.33333333
v 2.75000000 0.20833334 1.33333333
v -3.25000000 -0.20833334 1.33333333
v -3.25000000 0.20833334 1.33333333
v -2.75000000 0.20833334 1.33333333
v -2.75000000 -0.20833334 1.33333333
v 4.64583333 -0.41666667 1.41666667
v 4.64583333 0.41666667 1.41666667
v -4.64583333 0.41666667 1.41666667
v -4.64583333 -0.41666667 1.41666667
v -2.04493547 -0.12500000 1.64062500
v -2.04493547 0.12500000 1.64062500
v 2.04493547 0.12500000 1.64062500
v 2.04493547 -0.12500000 1.64062500
v 3.62351942 0.41666667 2.02604166
v 3.62351942 -0.41666667 2.02604166
v -3.62351942 0.41666667 2.02604166
v -3.62351942 -0.41666667 2.02604166
v 2.78906250 0.13020833 2.50000000
v -2.78906250 0.13020833 2.50000000
v 4.64843750 -0.33854167 2.50000000
v -4.64843750 -0.33854167 2.50000000
v -2.78906250 0.33854167 2.50000000
v -2.78906250 -0.33854167 2.50000000
v 2.78906250 0.33854167 2.50000000
v 2.78906250 -0.33854167 2.50000000
v -0.92968750 -0.18229167 2.50000000
v 0.92968750 -0.18229167 2.50000000
v 0.30989583 0.07812500 2.50000000
v 0.30989583 -0.33854167 2.50000000
v 2.16927083 -0.13020833 2.50000000
v -0.30989583 0.07812500 2.50000000
v -0.30989583 -0.33854167 2.50000000
v -2.16927083 -0.13020833 2.50000000
v -2.16927083 -0.33854167 2.50000000
v -1.54947917 -0.23437500 2.50000000
v -2.16927083 0.33854167 2.50000000
v -1.54947917 0.23437500 2.50000000
v -1.54947917 0.02604167 2.50000000
v -0.92968750 -0.02604167 2.50000000
v -0.92968750 0.23437500 2.50000000
v 2.16927083 -0.33854167 2.50000000
v 1.54947917 -0.23437500 2.50000000
v 2.16927083 0.33854167 2.50000000
v 1.54947917 0.23437500 2.50000000
v 1.54947917 0.02604167 2.50000000
v 0.92968750 -0.02604167 2.50000000
v 0.92968750 0.23437500 2.50000000
v 4.02864583 -0.18229167 2.50000000
v -4.02864583 -0.18229167 2.50000000
v 4.02864583 0.23437500 2.50000000
v -4.02864583 0.23437500 2.50000000
v 3.40885416 -0.02604167 2.50000000
v -3.40885416 -0.02604167 2.50000000
v -3.40885416 -0.23437500 2.50000000
v 3.40885416 -0.23437500 2.50000000
v 2.03349717 0.12500000 1.59793671
v 2.03349717 0.41666667 1.59793671
v 2.03349717 -0.12500000 1.59793671
v 2.03349717 -0.41666667 1.59793671
v -2.03349717 0.12500000 1.59793671
v -2.03349717 0.41666667 1.59793671
v -2.03349717 -0.12500000 1.59793671
v -2.03349717 -0.41666667 1.59793671
v -4.80338541 0.14322917 2.50000000
v 4.80338541 0.14322917 2.50000000
v -4.64583333 -0.41666667 1.33333333
v -4.64583333 0.41666667 1.33333333
v 4.64583333 0.41666667 1.33333333
v 4.64583333 -0.41666667 1.33333333
v 2.78906250 -0.23437500 2.50000000
v 2.78906250 -0.18229167 2.50000000
v 2.78906250 -0.39062500 2.50000000
v 2.78906250 0.23437500 2.50000000
v 2.78906250 0.39062500 2.50000000
v -2.78906250 -0.23437500 2.50000000
v -2.78906250 -0.18229167 2.50000000
v -2.78906250 -0.39062500 2.50000000
v -2.78906250 0.23437500 2.50000000
v -2.78906250 0.39062500 2.50000000
v -4.64843750 -0.39062500 2.50000000
v 4.64843750 -0.39062500 2.50000000
v -4.64843750 0.39062500 2.50000000
v 4.64843750 0.39062500 2.50000000
v 0.92968750 0.13020833 2.50000000
v 0.92968750 0.07812500 2.50000000
v 0.92968750 0.33854167 2.50000000
v 0.92968750 0.39062500 2.50000000
v 0.92968750 -0.07812500 2.50000000
v 1.54947917 -0.07812500 2.50000000
v 1.54947917 -0.13020833 2.50000000
v 1.54947917 0.13020833 2.50000000
v 1.54947917 0.28645834 2.50000000
v 1.54947917 0.33854167 2.50000000
v 1.54947917 0.39062500 2.50000000
v 2.16927083 0.23437500 2.50000000
v 2.16927083 0.18229167 2.50000000
v 2.16927083 0.39062500 2.50000000
v 1.54947917 -0.28645834 2.50000000
v 1.54947917 -0.33854167 2.50000000
v 1.54947917 -0.39062500 2.50000000
v 2.16927083 -0.23437500 2.50000000
v 2.16927083 -0.18229167 2.50000000
v 2.16927083 -0.39062500 2.50000000
v -0.92968750 0.13020833 2.50000000
v -0.92968750 0.07812500 2.50000000
v -0.92968750 0.33854167 2.50000000
v -0.92968750 0.39062500 2.50000000
v -0.92968750 -0.07812500 2.50000000
v -1.54947917 -0.07812500 2.50000000
v -1.54947917 -0.13020833 2.50000000
v -1.54947917 0.13020833 2.50000000
v -1.54947917 0.28645834 2.50000000
v -1.54947917 0.33854167 2.50000000
v -1.54947917 0.39062500 2.50000000
v -2.16927083 0.23437500 2.50000000
v -2.16927083 0.18229167 2.50000000
v -2.16927083 0.39062500 2.50000000
v -1.54947917 -0.28645834 2.50000000
v -1.54947917 -0.33854167 2.50000000
v -1.54947917 -0.39062500 2.50000000
v -2.16927083 -0.23437500 2.50000000
v -2.16927083 -0.18229167 2.50000000
v -2.16927083 -0.39062500 2.50000000
v -0.30989583 -0.39062500 2.50000000
v -0.30989583 0.02604167 2.50000000
v -0.30989583 -0.02604167 2.50000000
v 0.30989583 -0.39062500 2.50000000
v 0.30989583 0.02604167 2.50000000
v 0.30989583 -0.02604167 2.50000000
v 0.92968750 -0.28645834 2.50000000
v 0.92968750 -0.33854167 2.50000000
v 0.92968750 -0.39062500 2.50000000
v -0.92968750 -0.28645834 2.50000000
v -0.92968750 -0.33854167 2.50000000
v -0.92968750 -0.39062500 2.50000000
v 0.30989583 0.39062500 2.50000000
v -0.30989583 0.39062500 2.50000000
v 3.40885416 -0.13020833 2.50000000
v 3.40885416 -0.28645834 2.50000000
v 3.40885416 -0.33854167 2.50000000
v 3.40885416 -0.39062500 2.50000000
v -3.40885416 -0.13020833 2.50000000
v -3.40885416 -0.28645834 2.50000000
v -3.40885416 -0.33854167 2.50000000
v -3.40885416 -0.39062500 2.50000000
v -4.02864583 0.33854167 2.50000000
v -4.02864583 0.39062500 2.50000000
v 4.02864583 0.33854167 2.50000000
v 4.02864583 0.39062500 2.50000000
v -4.02864583 -0.28645834 2.50000000
v -4.02864583 -0.33854167 2.50000000
v -4.02864583 -0.39062500 2.50000000
v 4.02864583 -0.28645834 2.50000000
v 4.02864583 -0.33854167 2.50000000
v 4.02864583 -0.39062500 2.50000000
v 3.40885416 0.28645834 2.50000000
v 3.40885416 0.33854167 2.50000000
v 3.40885416 0.39062500 2.50000000
v -3.40885416 0.28645834 2.50000000
v -3.40885416 0.33854167 2.50000000
v -3.40885416 0.39062500 2.50000000
v 2.04912217 -0.12500000 1.62500000
v 2.04912217 0.12500000 1.62500000
v -2.04912217 0.12500000 1.62500000
v -2.04912217 -0.12500000 1.62500000
v 4.64843750 0.41666667 2.50000000
v -4.64843750 0.41666667 2.50000000
v 4.64843750 -0.41666667 2.50000000
v -4.64843750 -0.41666667 2.50000000
v -2.78906250 0.41666667 2.50000000
v -2.78906250 -0.41666667 2.50000000
v 2.78906250 0.41666667 2.50000000
v 2.78906250 -0.41666667 2.50000000
v -0.30989583 0.41666667 2.50000000
v 0.30989583 0.41666667 2.50000000
v -0.92968750 -0.41666667 2.50000000
v 0.92968750 -0.41666667 2.50000000
v 0.30989583 -0.41666667 2.50000000
v -0.30989583 -0.41666667 2.50000000
v -2.16927083 -0.41666667 2.50000000
v -1.54947917 -0.41666667 2.50000000
v -2.16927083 0.41666667 2.50000000
v -1.54947917 0.41666667 2.50000000
v -0.92968750 0.41666667 2.50000000
v 2.16927083 -0.41666667 2.50000000
v 1.54947917 -0.41666667 2.50000000
v 2.16927083 0.41666667 2.50000000
v 1.54947917 0.41666667 2.50000000
v 0.92968750 0.41666667 2.50000000
v -3.40885416 0.41666667 2.50000000
v 3.40885416 0.41666667 2.50000000
v 4.02864583 -0.41666667 2.50000000
v -4.02864583 -0.41666667 2.50000000
v 4.02864583 0.41666667 2.50000000
v -4.02864583 0.41666667 2.50000000
v -3.40885416 -0.41666667 2.50000000
v 3.40885416 -0.41666667 2.50000000
v -2.04493547 -0.12500000 1.60937500
v -2.04493547 0.12500000 1.60937500
v 2.04493547 0.12500000 1.60937500
v 2.04493547 -0.12500000 1.60937500
v 1.15630261 -0.15625000 1.33333333
v -1.15630261 -0.15625000 1.33333333
v 4.69791667 -0.41666667 2.34895833
v 4.69791667 0.41666667 2.34895833
v -4.69791667 -0.41666667 2.34895833
v -4.69791667 0.41666667 2.34895833
v 3.06995551 -0.41666667 2.00520833
v 3.06995551 0.41666667 2.00520833
v -3.06995551 0.41666667 2.00520833
v -3.06995551 -0.41666667 2.00520833
v -4.17708333 -0.41666667 2.04687500
v -4.17708333 0.41666667 2.04687500
v 4.17708333 0.41666667 2.04687500
v 4.17708333 -0.41666667 2.04687500
v -0.28666313 -0.41666667 1.62242088
v -0.28666313 0.41666667 1.62242088
v -4.70572917 0.41666667 2.34686498
v -4.70572917 -0.41666667 2.34686498
v 4.70572917 0.41666667 2.34686498
v 4.70572917 -0.41666667 2.34686498
v 4.20052083 -0.41666667 2.04059494
v 4.20052083 0.41666667 2.04059494
v -4.20052083 0.41666667 2.04059494
v -4.20052083 -0.41666667 2.04059494
v 2.41666667 -0.14583334 1.41666667
v -2.41666667 0.14583334 1.41666667
v 4.71144831 -0.41666667 2.34114583
v 4.71144831 0.41666667 2.34114583
v -4.71144831 -0.41666667 2.34114583
v -4.71144831 0.41666667 2.34114583
v 4.21767827 -0.41666667 2.02343750
v 4.21767827 0.41666667 2.02343750
v -4.21767827 0.41666667 2.02343750
v -4.21767827 -0.41666667 2.02343750
v -4.21195912 -0.41666667 2.02915664
v -4.21195912 0.41666667 2.02915664
v 4.21195912 0.41666667 2.02915664
v 4.21195912 -0.41666667 2.02915664
v 2.62500000 0.41666667 1.50000000
v -2.62500000 0.41666667 1.50000000
v -2.62500000 -0.41666667 1.50000000
v 2.62500000 -0.41666667 1.50000000
v -4.46456329 -0.41666667 1.89062500
v -4.46456329 0.41666667 1.89062500
v 4.46456329 0.41666667 1.89062500
v 4.46456329 -0.41666667 1.89062500
v -4.95833333 0.41666667 2.20833333
v -4.95833333 -0.41666667 2.20833333
v 4.95833333 0.41666667 2.20833333
v 4.95833333 -0.41666667 2.20833333
v -4.95833333 -0.41666667 1.62500000
v -4.95833333 0.41666667 1.62500000
v 4.95833333 0.41666667 1.62500000
v 4.95833333 -0.41666667 1.62500000
v 3.20833333 -0.41666667 1.50000000
v -3.20833333 -0.41666667 1.50000000
v -3.20833333 0.41666667 1.50000000
v 3.20833333 0.41666667 1.50000000
v -4.19270833 -0.41666667 2.04268829
v -4.19270833 0.41666667 2.04268829
v 4.19270833 0.41666667 2.04268829
v 4.19270833 -0.41666667 2.04268829
v 0.46149930 -0.41666667 1.57345253
v 0.46149930 0.41666667 1.57345253
v 1.03482557 -0.41666667 1.52448418
v 1.03482557 0.41666667 1.52448418
v -0.28666313 -0.41666667 1.52448418
v -0.28666313 0.41666667 1.52448418
v -1.57741102 0.00000000 2.00000000
v 1.57741102 0.00000000 2.00000000
v 3.50000000 0.14583334 1.41666667
v -3.50000000 -0.14583334 1.41666667
v -4.33333333 0.14583334 1.41666667
v 4.33333333 -0.14583334 1.41666667
v 1.32148870 -0.14583334 1.41666667
v -1.32148870 -0.14583334 1.41666667
v 4.96875000 -0.40625000 1.61458333
v -4.96875000 0.40625000 1.61458333
v 4.96875000 0.40625000 2.21875000
v -4.96875000 -0.40625000 2.21875000
v 4.98958333 -0.38541667 2.17708333
v 4.98958333 0.38541667 1.65625000
v -4.98958333 0.38541667 2.17708333
v -4.98958333 -0.38541667 1.65625000
v -4.71144831 0.41666667 2.04947916
v -4.71144831 -0.41666667 2.04947916
v 4.71144831 0.41666667 2.04947916
v 4.71144831 -0.41666667 2.04947916
v -4.71144831 -0.41666667 1.46614583
v -4.71144831 0.41666667 1.46614583
v 4.71144831 0.41666667 1.46614583
v 4.71144831 -0.41666667 1.46614583
v -4.21767827 -0.41666667 1.73177083
v -4.21767827 0.41666667 1.73177083
v 4.21767827 0.41666667 1.73177083
v 4.21767827 -0.41666667 1.73177083
v -1.32148870 0.00000000 1.75000000
v 1.32148870 0.00000000 1.75000000
v -3.08632080 -0.41666667 1.86458333
v -3.08632080 0.41666667 1.86458333
v 3.08632080 0.41666667 1.86458333
v 3.08632080 -0.41666667 1.86458333
v -3.63988471 -0.41666667 1.88541666
v -3.63988471 0.41666667 1.88541666
v 3.63988471 -0.41666667 1.88541666
v 3.63988471 0.41666667 1.88541666
v 1.97919298 0.41666667 1.82291667
v 1.97919298 -0.41666667 1.82291667
v -1.97919298 0.41666667 1.82291667
v -1.97919298 -0.41666667 1.82291667
v -2.53275689 -0.41666667 1.84375000
v -2.53275689 0.41666667 1.84375000
v 2.53275689 0.41666667 1.84375000
v 2.53275689 -0.41666667 1.84375000
v 4.71354167 -0.41666667 1.45833333
v 4.71354167 0.41666667 1.45833333
v -4.71354167 0.41666667 1.45833333
v -4.71354167 -0.41666667 1.45833333
v -4.22395833 -0.41666667 1.70833333
v -4.22395833 0.41666667 1.70833333
v 4.22395833 0.41666667 1.70833333
v 4.22395833 -0.41666667 1.70833333
v -4.71144831 -0.41666667 1.45052083
v -4.71144831 0.41666667 1.45052083
v 4.71144831 0.41666667 1.45052083
v 4.71144831 -0.41666667 1.45052083
v 4.21767827 -0.41666667 1.68489583
v 4.21767827 0.41666667 1.68489583
v -4.21767827 0.41666667 1.68489583
v -4.21767827 -0.41666667 1.68489583
v -1.97528673 -0.41666667 1.82186999
v -1.97528673 0.41666667 1.82186999
v 1.97528673 -0.41666667 1.82186999
v 1.97528673 0.41666667 1.82186999
v 3.09803955 0.41666667 1.74272336
v -3.09803955 0.41666667 1.74272336
v -3.09803955 -0.41666667 1.74272336
v 3.09803955 -0.41666667 1.74272336
v 2.00653673 -0.41666667 1.70524340
v -2.00653673 -0.41666667 1.70524340
v -2.00653673 0.41666667 1.70524340
v 2.00653673 0.41666667 1.70524340
v 3.06678955 -0.41666667 1.85934995
v 3.06678955 0.41666667 1.85934995
v -3.06678955 0.41666667 1.85934995
v -3.06678955 -0.41666667 1.85934995
v 2.55228814 0.41666667 1.72398338
v -2.55228814 0.41666667 1.72398338
v -2.55228814 -0.41666667 1.72398338
v 2.55228814 -0.41666667 1.72398338
v 3.61254096 -0.41666667 1.87808993
v 3.61254096 0.41666667 1.87808993
v -3.61254096 0.41666667 1.87808993
v -3.61254096 -0.41666667 1.87808993
v 3.64379096 -0.41666667 1.76146334
v -3.64379096 -0.41666667 1.76146334
v -3.64379096 0.41666667 1.76146334
v 3.64379096 0.41666667 1.76146334
v 2.52103814 -0.41666667 1.84060997
v 2.52103814 0.41666667 1.84060997
v -2.52103814 0.41666667 1.84060997
v -2.52103814 -0.41666667 1.84060997
v -4.97916667 -0.39583334 1.64583333
v -4.97916667 0.39583334 2.18750000
v 4.97916667 0.39583334 1.64583333
v 4.97916667 -0.39583334 2.18750000
v -4.21977162 -0.41666667 1.69270833
v -4.21977162 0.41666667 1.69270833
v 4.21977162 0.41666667 1.69270833
v 4.21977162 -0.41666667 1.69270833
v -5.00000000 -0.37500000 1.64583333
v -5.00000000 0.37500000 2.18750000
v 5.00000000 0.37500000 1.64583333
v 5.00000000 -0.37500000 2.18750000
v 5.00000000 0.37500000 2.18750000
v 5.00000000 0.00000000 2.18750000
v -5.00000000 -0.37500000 2.18750000
v -5.00000000 0.00000000 2.18750000
v 5.00000000 -0.37500000 1.64583333
v 5.00000000 0.00000000 1.64583333
v -5.00000000 0.37500000 1.64583333
v -5.00000000 0.00000000 1.64583333
v 2.02655373 0.41666667 1.72526042
v -2.02655373 0.41666667 1.72526042
v -2.02655373 -0.41666667 1.72526042
v 2.02655373 -0.41666667 1.72526042
v 3.64665054 0.41666667 1.76432291
v -3.64665054 0.41666667 1.76432291
v -3.64665054 -0.41666667 1.76432291
v 3.64665054 -0.41666667 1.76432291
v 3.10661827 -0.41666667 1.75130208
v -3.10661827 -0.41666667 1.75130208
v -3.10661827 0.41666667 1.75130208
v 3.10661827 0.41666667 1.75130208
v 2.56658600 -0.41666667 1.73828125
v -2.56658600 -0.41666667 1.73828125
v -2.56658600 0.41666667 1.73828125
v 2.56658600 0.41666667 1.73828125
v 1.97242715 0.41666667 1.81901042
v 1.97242715 -0.41666667 1.81901042
v -1.97242715 0.41666667 1.81901042
v -1.97242715 -0.41666667 1.81901042
v 3.59252395 -0.41666667 1.85807291
v 3.59252395 0.41666667 1.85807291
v -3.59252395 0.41666667 1.85807291
v -3.59252395 -0.41666667 1.85807291
v 2.51245942 -0.41666667 1.83203125
v -2.51245942 -0.41666667 1.83203125
v -2.51245942 0.41666667 1.83203125
v 2.51245942 0.41666667 1.83203125
v -3.05249168 -0.41666667 1.84505208
v -3.05249168 0.41666667 1.84505208
v 3.05249168 0.41666667 1.84505208
v 3.05249168 -0.41666667 1.84505208
v 4.22186498 -0.41666667 1.71614583
v 4.22186498 0.41666667 1.71614583
v -4.22186498 0.41666667 1.71614583
v -4.22186498 -0.41666667 1.71614583
v -2.52494439 -0.41666667 1.84165665
v -2.52494439 0.41666667 1.84165665
v 2.52494439 0.41666667 1.84165665
v 2.52494439 -0.41666667 1.84165665
v -3.61644721 -0.41666667 1.87913661
v -3.61644721 0.41666667 1.87913661
v 3.61644721 0.41666667 1.87913661
v 3.61644721 -0.41666667 1.87913661
v 3.07850830 -0.41666667 1.86248998
v 3.07850830 0.41666667 1.86248998
v -3.07850830 0.41666667 1.86248998
v -3.07850830 -0.41666667 1.86248998
v 2.02369416 -0.41666667 1.72240084
v -2.02369416 -0.41666667 1.72240084
v -2.02369416 0.41666667 1.72240084
v 2.02369416 0.41666667 1.72240084
v 3.10375870 0.41666667 1.74844251
v -3.10375870 0.41666667 1.74844251
v -3.10375870 -0.41666667 1.74844251
v 3.10375870 -0.41666667 1.74844251
v 2.55800728 -0.41666667 1.72970253
v -2.55800728 -0.41666667 1.72970253
v -2.55800728 0.41666667 1.72970253
v 2.55800728 0.41666667 1.72970253
v 2.51531899 0.41666667 1.83489082
v -2.51531899 0.41666667 1.83489082
v -2.51531899 -0.41666667 1.83489082
v 2.51531899 -0.41666667 1.83489082
v -3.59538352 -0.41666667 1.86093249
v -3.59538352 0.41666667 1.86093249
v 3.59538352 0.41666667 1.86093249
v 3.59538352 -0.41666667 1.86093249
v -3.06107040 -0.41666667 1.85363080
v -3.06107040 0.41666667 1.85363080
v 3.06107040 0.41666667 1.85363080
v 3.06107040 -0.41666667 1.85363080
v 2.02264748 -0.41666667 1.72630709
v -2.02264748 -0.41666667 1.72630709
v -2.02264748 0.41666667 1.72630709
v 2.02264748 0.41666667 1.72630709
v 3.61930679 -0.41666667 1.77164965
v -3.61930679 -0.41666667 1.77164965
v -3.61930679 0.41666667 1.77164965
v 3.61930679 0.41666667 1.77164965
v 2.55486725 -0.41666667 1.74142128
v -2.55486725 -0.41666667 1.74142128
v -2.55486725 0.41666667 1.74142128
v 2.55486725 0.41666667 1.74142128
v 3.08708702 0.41666667 1.75653546
v -3.08708702 0.41666667 1.75653546
v -3.08708702 -0.41666667 1.75653546
v 3.08708702 -0.41666667 1.75653546
v -3.59643020 -0.41666667 1.85702624
v -3.59643020 0.41666667 1.85702624
v 3.59643020 0.41666667 1.85702624
v 3.59643020 -0.41666667 1.85702624
v 1.99977090 -0.41666667 1.81168367
v -1.99977090 -0.41666667 1.81168367
v -1.99977090 0.41666667 1.81168367
v 1.99977090 0.41666667 1.81168367
v 3.06421043 -0.41666667 1.84191205
v -3.06421043 -0.41666667 1.84191205
v -3.06421043 0.41666667 1.84191205
v 3.06421043 0.41666667 1.84191205
v 2.53199067 0.41666667 1.82679786
v -2.53199067 0.41666667 1.82679786
v -2.53199067 -0.41666667 1.82679786
v 2.53199067 -0.41666667 1.82679786
v 2.02264748 -0.41666667 1.78099459
v -2.02264748 -0.41666667 1.78099459
v -2.02264748 0.41666667 1.78099459
v 2.02264748 0.41666667 1.78099459
v 3.08708702 0.41666667 1.77997296
v -3.08708702 0.41666667 1.77997296
v -3.08708702 -0.41666667 1.77997296
v 3.08708702 -0.41666667 1.77997296
v 2.55486725 -0.41666667 1.78048378
v -2.55486725 -0.41666667 1.78048378
v -2.55486725 0.41666667 1.78048378
v 2.55486725 0.41666667 1.78048378
v 3.61930679 -0.41666667 1.77946215
v -3.61930679 -0.41666667 1.77946215
v -3.61930679 0.41666667 1.77946215
v 3.61930679 0.41666667 1.77946215
v 3.59643020 -0.41666667 1.80233874
v -3.59643020 -0.41666667 1.80233874
v -3.59643020 0.41666667 1.80233874
v 3.59643020 0.41666667 1.80233874
v 1.99977090 -0.41666667 1.80387117
v -1.99977090 -0.41666667 1.80387117
v -1.99977090 0.41666667 1.80387117
v 1.99977090 0.41666667 1.80387117
v 2.53199067 0.41666667 1.80336036
v -2.53199067 0.41666667 1.80336036
v -2.53199067 -0.41666667 1.80336036
v 2.53199067 -0.41666667 1.80336036
v 3.06421043 -0.41666667 1.80284955
v -3.06421043 -0.41666667 1.80284955
v -3.06421043 0.41666667 1.80284955
v 3.06421043 0.41666667 1.80284955
v -3.07460205 -0.41666667 1.86144330
v -3.07460205 0.41666667 1.86144330
v 3.07460205 0.41666667 1.86144330
v 3.07460205 -0.41666667 1.86144330
v 1.99872423 0.41666667 1.80777742
v -1.99872423 0.41666667 1.80777742
v -1.99872423 -0.41666667 1.80777742
v 1.99872423 -0.41666667 1.80777742
v 3.58910346 -0.41666667 1.82968249
v -3.58910346 -0.41666667 1.82968249
v -3.58910346 0.41666667 1.82968249
v 3.58910346 0.41666667 1.82968249
v 3.05897705 0.41666667 1.82238080
v -3.05897705 0.41666667 1.82238080
v -3.05897705 -0.41666667 1.82238080
v 3.05897705 -0.41666667 1.82238080
v 2.52885064 -0.41666667 1.81507911
v -2.52885064 -0.41666667 1.81507911
v -2.52885064 0.41666667 1.81507911
v 2.52885064 0.41666667 1.81507911
v 3.62035346 0.41666667 1.77555590
v -3.62035346 0.41666667 1.77555590
v -3.62035346 -0.41666667 1.77555590
v 3.62035346 -0.41666667 1.77555590
v 2.02997423 -0.41666667 1.75365084
v -2.02997423 -0.41666667 1.75365084
v -2.02997423 0.41666667 1.75365084
v 2.02997423 0.41666667 1.75365084
v 2.56010064 0.41666667 1.76095253
v -2.56010064 0.41666667 1.76095253
v -2.56010064 -0.41666667 1.76095253
v 2.56010064 -0.41666667 1.76095253
v 3.09022705 -0.41666667 1.76825421
v -3.09022705 -0.41666667 1.76825421
v -3.09022705 0.41666667 1.76825421
v 3.09022705 0.41666667 1.76825421
v -0.18022956 -0.41666667 2.13476562
v -0.18022956 0.41666667 2.13476562
v 2.56086686 0.41666667 1.73256210
v -2.56086686 0.41666667 1.73256210
v -2.56086686 -0.41666667 1.73256210
v 2.56086686 -0.41666667 1.73256210
v 3.05821083 -0.41666667 1.85077123
v 3.05821083 0.41666667 1.85077123
v -3.05821083 0.41666667 1.85077123
v -3.05821083 -0.41666667 1.85077123
v 3.06211708 0.41666667 1.81066205
v -3.06211708 0.41666667 1.81066205
v -3.06211708 -0.41666667 1.81066205
v 3.06211708 -0.41666667 1.81066205
v 2.52989732 0.41666667 1.81117286
v -2.52989732 0.41666667 1.81117286
v -2.52989732 -0.41666667 1.81117286
v 2.52989732 -0.41666667 1.81117286
v 3.59015014 0.41666667 1.82577624
v -3.59015014 0.41666667 1.82577624
v -3.59015014 -0.41666667 1.82577624
v 3.59015014 -0.41666667 1.82577624
v 3.08918037 0.41666667 1.77216046
v -3.08918037 0.41666667 1.77216046
v -3.08918037 -0.41666667 1.77216046
v 3.08918037 -0.41666667 1.77216046
v 2.02892755 0.41666667 1.75755709
v -2.02892755 0.41666667 1.75755709
v -2.02892755 -0.41666667 1.75755709
v 2.02892755 -0.41666667 1.75755709
v 2.55696061 0.41666667 1.77267128
v -2.55696061 0.41666667 1.77267128
v -2.55696061 -0.41666667 1.77267128
v 2.55696061 -0.41666667 1.77267128
v 3.06211708 0.41666667 1.83409955
v -3.06211708 0.41666667 1.83409955
v -3.06211708 -0.41666667 1.83409955
v 3.06211708 -0.41666667 1.83409955
v 2.52989732 0.41666667 1.81898536
v -2.52989732 0.41666667 1.81898536
v -2.52989732 -0.41666667 1.81898536
v 2.52989732 -0.41666667 1.81898536
v 3.59015014 0.41666667 1.83358874
v -3.59015014 0.41666667 1.83358874
v -3.59015014 -0.41666667 1.83358874
v 3.59015014 -0.41666667 1.83358874
v 3.08918037 0.41666667 1.76434796
v -3.08918037 0.41666667 1.76434796
v -3.08918037 -0.41666667 1.76434796
v 3.08918037 -0.41666667 1.76434796
v 2.02892755 0.41666667 1.74974459
v -2.02892755 0.41666667 1.74974459
v -2.02892755 -0.41666667 1.74974459
v 2.02892755 -0.41666667 1.74974459
v 2.55696061 0.41666667 1.74923378
v -2.55696061 0.41666667 1.74923378
v -2.55696061 -0.41666667 1.74923378
v 2.55696061 -0.41666667 1.74923378
v 3.07278915 -0.41666667 1.79427083
v -3.07278915 -0.41666667 1.79427083
v -3.07278915 0.41666667 1.79427083
v 3.07278915 0.41666667 1.79427083
v 2.54628853 -0.41666667 1.78906250
v -2.54628853 -0.41666667 1.78906250
v -2.54628853 0.41666667 1.78906250
v 2.54628853 0.41666667 1.78906250
v 2.01978791 0.41666667 1.78385417
v -2.01978791 0.41666667 1.78385417
v -2.01978791 -0.41666667 1.78385417
v 2.01978791 -0.41666667 1.78385417
v 3.59928977 0.41666667 1.79947916
v -3.59928977 0.41666667 1.79947916
v -3.59928977 -0.41666667 1.79947916
v 3.59928977 -0.41666667 1.79947916
v -1.57444986 -0.34375000 1.50000000
v -1.57444986 -0.19791667 1.50000000
v -1.57444986 0.34375000 1.50000000
v -1.57444986 0.19791667 1.50000000
v 1.57444986 -0.34375000 1.50000000
v 1.57444986 -0.19791667 1.50000000
v 1.57444986 0.34375000 1.50000000
v 1.57444986 0.19791667 1.50000000
v -2.08037217 -0.34375000 1.50000000
v -2.08037217 -0.19791667 1.50000000
v -2.08037217 0.34375000 1.50000000
v -2.08037217 0.19791667 1.50000000
v 2.08037217 -0.34375000 1.50000000
v 2.08037217 -0.19791667 1.50000000
v 2.08037217 0.34375000 1.50000000
v 2.08037217 0.19791667 1.50000000
v 3.06107040 -0.41666667 1.81456830
v -3.06107040 -0.41666667 1.81456830
v -3.06107040 0.41666667 1.81456830
v 3.06107040 0.41666667 1.81456830
v 2.55800728 -0.41666667 1.76876503
v -2.55800728 -0.41666667 1.76876503
v -2.55800728 0.41666667 1.76876503
v 2.55800728 0.41666667 1.76876503
v 3.06107040 -0.41666667 1.83019330
v -3.06107040 -0.41666667 1.83019330
v -3.06107040 0.41666667 1.83019330
v 3.06107040 0.41666667 1.83019330
v 2.55800728 -0.41666667 1.75314003
v -2.55800728 -0.41666667 1.75314003
v -2.55800728 0.41666667 1.75314003
v 2.55800728 0.41666667 1.75314003
v 3.59224349 -0.41666667 1.81796374
v -3.59224349 -0.41666667 1.81796374
v -3.59224349 0.41666667 1.81796374
v 3.59224349 0.41666667 1.81796374
v 2.02683419 -0.41666667 1.76536959
v -2.02683419 -0.41666667 1.76536959
v -2.02683419 0.41666667 1.76536959
v 2.02683419 0.41666667 1.76536959
v 2.55877350 0.41666667 1.74037460
v -2.55877350 0.41666667 1.74037460
v -2.55877350 -0.41666667 1.74037460
v 2.55877350 -0.41666667 1.74037460
v 3.62321304 0.41666667 1.77060297
v -3.62321304 0.41666667 1.77060297
v -3.62321304 -0.41666667 1.77060297
v 3.62321304 -0.41666667 1.77060297
v 3.09880577 0.41666667 1.75339543
v -3.09880577 0.41666667 1.75339543
v -3.09880577 -0.41666667 1.75339543
v 3.09880577 -0.41666667 1.75339543
v 1.99586465 0.41666667 1.81273035
v -1.99586465 0.41666667 1.81273035
v -1.99586465 -0.41666667 1.81273035
v 1.99586465 -0.41666667 1.81273035
v 3.06030418 0.41666667 1.84295873
v -3.06030418 0.41666667 1.84295873
v -3.06030418 -0.41666667 1.84295873
v 3.06030418 -0.41666667 1.84295873
v 2.52027192 0.41666667 1.82993789
v -2.52027192 0.41666667 1.82993789
v -2.52027192 -0.41666667 1.82993789
v 2.52027192 -0.41666667 1.82993789
v 3.59224349 -0.41666667 1.84140124
v -3.59224349 -0.41666667 1.84140124
v -3.59224349 0.41666667 1.84140124
v 3.59224349 0.41666667 1.84140124
v 2.02683419 -0.41666667 1.74193209
v -2.02683419 -0.41666667 1.74193209
v -2.02683419 0.41666667 1.74193209
v 2.02683419 0.41666667 1.74193209
v -1.07853460 -0.41666667 1.59793671
v -1.07853460 0.41666667 1.59793671
v 2.01797502 0.41666667 1.71668169
v -2.01797502 0.41666667 1.71668169
v -2.01797502 -0.41666667 1.71668169
v 2.01797502 -0.41666667 1.71668169
v 3.60110267 -0.41666667 1.86665163
v 3.60110267 0.41666667 1.86665163
v -3.60110267 0.41666667 1.86665163
v -3.60110267 -0.41666667 1.86665163
v 3.62425971 -0.41666667 1.88122996
v 3.62425971 0.41666667 1.88122996
v -3.62425971 0.41666667 1.88122996
v -3.62425971 -0.41666667 1.88122996
v -4.98958333 0.38541667 1.63541667
v 4.98958333 -0.38541667 1.63541667
v -4.98958333 -0.38541667 2.19791667
v 4.98958333 0.38541667 2.19791667
v 2.53770981 -0.41666667 1.79764122
v -2.53770981 -0.41666667 1.79764122
v -2.53770981 0.41666667 1.79764122
v 2.53770981 0.41666667 1.79764122
v 2.01692834 -0.41666667 1.78671374
v -2.01692834 -0.41666667 1.78671374
v -2.01692834 0.41666667 1.78671374
v 2.01692834 0.41666667 1.78671374
v 3.06992958 0.41666667 1.79713040
v -3.06992958 0.41666667 1.79713040
v -3.06992958 -0.41666667 1.79713040
v 3.06992958 -0.41666667 1.79713040
v 3.60214934 -0.41666667 1.79661959
v -3.60214934 -0.41666667 1.79661959
v -3.60214934 0.41666667 1.79661959
v 3.60214934 0.41666667 1.79661959
v 2.54914810 0.41666667 1.78620293
v -2.54914810 0.41666667 1.78620293
v -2.54914810 -0.41666667 1.78620293
v 2.54914810 -0.41666667 1.78620293
v 3.08136787 -0.41666667 1.78569211
v -3.08136787 -0.41666667 1.78569211
v -3.08136787 0.41666667 1.78569211
v 3.08136787 0.41666667 1.78569211
v 4.48958333 -0.20833334 1.33333333
v 4.80208333 -0.20833334 1.33333333
v 4.80208333 0.20833334 1.33333333
v 4.48958333 0.20833334 1.33333333
v -4.48958333 0.20833334 1.33333333
v -4.80208333 0.20833334 1.33333333
v -4.80208333 -0.20833334 1.33333333
v -4.48958333 -0.20833334 1.33333333
v 3.52456109 -0.41666667 2.32812500
v 3.52456109 0.41666667 2.32812500
v 1.89659993 0.41666667 1.98437500
v 1.89659993 -0.41666667 1.98437500
v 1.04539442 0.41666667 2.32812500
v 1.66518609 0.41666667 2.32812500
v 1.66518609 -0.41666667 2.32812500
v -1.43377224 0.41666667 2.32812500
v -1.43377224 -0.41666667 2.32812500
v 1.04539442 -0.41666667 2.32812500
v 0.23141384 -0.41666667 2.15625000
v 0.23141384 0.41666667 2.15625000
v 2.28497775 0.41666667 2.32812500
v 2.28497775 -0.41666667 2.32812500
v 2.71058051 -0.41666667 2.15625000
v 2.71058051 0.41666667 2.15625000
v 2.49777913 0.41666667 2.24218750
v 2.49777913 -0.41666667 2.24218750
v 0.01861247 0.41666667 2.24218750
v 0.01861247 -0.41666667 2.24218750
v 1.25819580 -0.41666667 2.24218750
v 1.25819580 0.41666667 2.24218750
v 3.09489952 -0.41666667 1.75444211
v -3.09489952 -0.41666667 1.75444211
v -3.09489952 0.41666667 1.75444211
v 3.09489952 0.41666667 1.75444211
v 2.52417817 -0.41666667 1.82889122
v -2.52417817 -0.41666667 1.82889122
v -2.52417817 0.41666667 1.82889122
v 2.52417817 0.41666667 1.82889122
v 2.54056938 0.41666667 1.79478164
v -2.54056938 0.41666667 1.79478164
v -2.54056938 -0.41666667 1.79478164
v 2.54056938 -0.41666667 1.79478164
v 3.07850830 0.41666667 1.78855168
v -3.07850830 0.41666667 1.78855168
v -3.07850830 -0.41666667 1.78855168
v 3.07850830 -0.41666667 1.78855168
v 1.57741102 -0.12500000 2.00000000
v 1.57741102 0.12500000 2.00000000
v -1.57741102 0.12500000 2.00000000
v -1.57741102 -0.12500000 2.00000000
v 2.01120919 0.41666667 1.79243288
v -2.01120919 0.41666667 1.79243288
v -2.01120919 -0.41666667 1.79243288
v 2.01120919 -0.41666667 1.79243288
v 3.60786849 0.41666667 1.79090044
v -3.60786849 0.41666667 1.79090044
v -3.60786849 -0.41666667 1.79090044
v 3.60786849 -0.41666667 1.79090044
v 3.63102554 -0.41666667 1.76850962
v -3.63102554 -0.41666667 1.76850962
v -3.63102554 0.41666667 1.76850962
v 3.63102554 0.41666667 1.76850962
v 1.98805215 -0.41666667 1.81482371
v -1.98805215 -0.41666667 1.81482371
v -1.98805215 0.41666667 1.81482371
v 1.98805215 0.41666667 1.81482371
v 3.25000000 0.41666667 1.45833333
v 3.25000000 0.41666667 1.37500000
v -3.25000000 0.41666667 1.45833333
v -3.25000000 0.41666667 1.37500000
v -3.25000000 -0.41666667 1.45833333
v -3.25000000 -0.41666667 1.37500000
v 3.25000000 -0.41666667 1.45833333
v 3.25000000 -0.41666667 1.37500000
v 2.75000000 0.41666667 1.37500000
v -2.75000000 0.41666667 1.37500000
v -2.75000000 -0.41666667 1.37500000
v 2.75000000 -0.41666667 1.37500000
v 1.57444986 0.12500000 1.50000000
v 1.57444986 0.41666667 1.50000000
v 1.57444986 -0.12500000 1.50000000
v 1.57444986 -0.41666667 1.50000000
v -1.57444986 0.12500000 1.50000000
v -1.57444986 0.41666667 1.50000000
v -1.57444986 -0.12500000 1.50000000
v -1.57444986 -0.41666667 1.50000000
v 2.08037217 0.12500000 1.50000000
v 2.08037217 0.41666667 1.50000000
v 2.08037217 -0.12500000 1.50000000
v 2.08037217 -0.41666667 1.50000000
v -2.08037217 0.12500000 1.50000000
v -2.08037217 0.41666667 1.50000000
v -2.08037217 -0.12500000 1.50000000
v -2.08037217 -0.41666667 1.50000000
v 2.75000000 -0.41666667 1.33333333
v -2.75000000 -0.41666667 1.33333333
v -2.75000000 0.41666667 1.33333333
v 2.75000000 0.41666667 1.33333333
v 3.25000000 -0.41666667 1.33333333
v -3.25000000 -0.41666667 1.33333333
v -3.25000000 0.41666667 1.33333333
v 3.25000000 0.41666667 1.33333333
v 1.32148870 0.12500000 1.75000000
v 1.32148870 -0.12500000 1.75000000
v -1.32148870 -0.12500000 1.75000000
v -1.32148870 0.12500000 1.75000000
v -2.75000000 0.00000000 1.33333333
v -3.25000000 0.00000000 1.33333333
v 2.75000000 0.00000000 1.33333333
v 3.25000000 0.00000000 1.33333333
f 2 24 1
f 1 24 13
f 1 13 12
f 12 13 14
f 12 14 11
f 11 14 15
f 11 15 10
f 10 15 16
f 10 16 9
f 9 16 17
f 9 17 8
f 8 17 18
f 8 18 7
f 7 18 19
f 7 19 6
f 6 19 20
f 6 20 5
f 5 20 21
f 5 21 4
f 4 21 22
f 4 22 3
f 3 22 23
f 3 23 2
f 2 23 24
f 26 48 25
f 25 48 37
f 25 37 36
f 36 37 38
f 36 38 35
f 35 38 39
f 35 39 34
f 34 39 40
f 34 40 33
f 33 40 41
f 33 41 32
f 32 41 42
f 32 42 31
f 31 42 43
f 31 43 30
f 30 43 44
f 30 44 29
f 29 44 45
f 29 45 28
f 28 45 46
f 28 46 27
f 27 46 47
f 27 47 26
f 26 47 48
f 56 49 55
f 50 895 1225
f 1451 895 50
f 52 50 51
f 52 1100 55
f 1100 1118 55
f 1118 26 1237
f 1237 25 1388
f 1281 1222 55
f 2055 1870 55
f 55 1870 1869
f 58 34 33
f 58 33 32
f 32 31 58
f 58 2071 1524
f 57 31 30
f 57 30 29
f 29 28 57
f 2016 1496 57
f 54 28 27
f 54 27 26
f 1100 54 1118
f 54 1496 2016
f 1496 59 57
f 52 1387 1238
f 52 1238 1117
f 1117 1100 52
f 53 24 23
f 53 23 22
f 53 2015 1496
f 59 22 21
f 59 21 20
f 20 19 59
f 2072 1524 59
f 60 19 18
f 60 18 17
f 17 16 60
f 60 1860 1859
f 775 16 1220
f 1283 1220 15
f 1869 2056 56
f 748 774 1869
f 1859 2050 62
f 747 776 1859
f 61 58 63
f 63 888 797
f 888 58 1501
f 64 60 62
f 60 1524 2072
f 1524 57 59
f 1167 1138 65
f 499 514 1175
f 1692 1835 370
f 696 1717 764
f 378 391 1842
f 700 1744 721
f 1756 712 729
f 1815 373 1708
f 1679 658 1788
f 671 1679 1570
f 663 1654 1527
f 1290 76 1139
f 580 911 1430
f 1430 911 76
f 1430 76 1445
f 607 786 1517
f 1517 786 77
f 1517 77 1542
f 93 79 92
f 92 79 91
f 80 901 812
f 1561 1112 358
f 397 801 594
f 40 1221 774
f 1861 2048 774
f 40 61 41
f 1105 1490 316
f 877 452 424
f 110 67 109
f 1865 2060 778
f 1865 68 2060
f 806 398 631
f 631 1574 667
f 72 905 810
f 97 72 96
f 96 72 95
f 1555 72 622
f 1594 1555 619
f 1520 606 1459
f 1459 1470 589
f 1462 1459 584
f 1486 1449 581
f 814 861 417
f 814 115 861
f 861 115 914
f 1535 914 115
f 687 2005 1916
f 1792 381 1743
f 706 1735 703
f 1967 377 1718
f 738 1715 691
f 679 2001 1904
f 868 287 819
f 800 929 275
f 1320 1268 543
f 868 407 957
f 295 875 976
f 447 1035 976
f 307 986 1019
f 468 1050 1019
f 1064 310 997
f 1041 462 1082
f 1041 302 942
f 458 943 443
f 632 805 1568
f 1783 1668 645
f 801 80 1484
f 801 1484 594
f 1135 505 1173
f 505 1187 508
f 1466 69 593
f 770 2044 783
f 622 72 1233
f 1542 77 1551
f 1610 646 675
f 360 1619 1904
f 161 1515 788
f 1515 605 788
f 160 1444 1431
f 160 1431 910
f 910 837 160
f 160 1305 1246
f 1656 1525 661
f 1677 1572 669
f 660 1790 1677
f 371 1706 1817
f 702 1739 758
f 1849 739 1714
f 690 1722 727
f 1770 718 735
f 1837 368 1690
f 1666 647 1785
f 1666 356 1575
f 651 1582 634
f 399 803 592
f 803 1482 592
f 803 164 1482
f 164 907 809
f 163 127 128
f 163 128 129
f 161 1544 1515
f 964 289 831
f 403 817 435
f 1246 520 827
f 325 1278 1149
f 1991 440 936
f 1447 579 1488
f 964 425 1023
f 305 949 1048
f 459 1083 1048
f 313 1000 1061
f 1018 469 1051
f 1018 308 987
f 969 444 1034
f 969 296 878
f 442 881 427
f 489 1441 1158
f 1137 501 1169
f 501 1179 512
f 138 139 168
f 1855 2054 780
f 780 139 1215
f 1457 1522 608
f 1553 617 1596
f 624 1553 156
f 156 143 144
f 156 144 145
f 1906 362 1617
f 633 1564 1109
f 155 804 1481
f 629 808 400
f 591 1468 50
f 1965 375 1720
f 740 1713 689
f 1906 677 1999
f 1945 379 1740
f 744 1729 697
f 1918 685 2003
f 917 4 1534
f 1121 4 1980
f 1540 354 347
f 586 1464 1457
f 587 1457 1472
f 1867 51 2058
f 1867 2058 776
f 62 10 9
f 2046 781 772
f 156 903 811
f 1231 624 156
f 1549 1544 161
f 785 1518 158
f 1480 785 158
f 77 1971 1293
f 889 171 1092
f 1445 76 1454
f 1454 76 1475
f 159 885 828
f 885 159 1094
f 527 537 1149
f 1262 1337 553
f 1605 1210 644
f 1095 1094 170
f 153 184 142
f 142 184 173
f 142 173 143
f 143 173 174
f 143 174 144
f 144 174 175
f 144 175 145
f 145 175 176
f 145 176 146
f 146 176 177
f 146 177 147
f 147 177 178
f 147 178 148
f 148 178 179
f 148 179 149
f 149 179 180
f 149 180 150
f 150 180 181
f 150 181 151
f 151 181 182
f 151 182 152
f 152 182 183
f 152 183 153
f 153 183 184
f 186 83 185
f 185 83 82
f 185 82 196
f 196 82 93
f 196 93 195
f 195 93 92
f 195 92 194
f 194 92 91
f 194 91 193
f 193 91 90
f 193 90 192
f 192 90 89
f 192 89 191
f 191 89 88
f 191 88 190
f 190 88 87
f 190 87 189
f 189 87 86
f 189 86 188
f 188 86 85
f 188 85 187
f 187 85 84
f 187 84 186
f 186 84 83
f 79 78 200
f 1969 1294 157
f 1500 890 157
f 197 157 156
f 197 1116 200
f 1116 1160 200
f 155 154 204
f 896 1223 81
f 1497 896 81
f 201 81 80
f 201 1115 204
f 1115 1162 204
f 196 200 185
f 1116 199 1160
f 185 199 186
f 186 199 187
f 187 199 188
f 898 816 202
f 188 202 189
f 189 202 190
f 190 202 191
f 1161 1115 201
f 191 201 192
f 192 201 193
f 193 201 194
f 902 812 200
f 194 200 195
f 195 200 196
f 199 816 898
f 816 203 202
f 184 198 173
f 1159 1116 197
f 173 197 174
f 174 197 175
f 175 197 176
f 904 811 204
f 176 204 177
f 177 204 178
f 178 204 179
f 1115 203 1162
f 179 203 180
f 180 203 181
f 181 203 182
f 198 897 816
f 182 198 183
f 183 198 184
f 201 812 902
f 812 79 200
f 197 811 904
f 811 155 204
f 1293 766 1972
f 1231 157 1294
f 160 1455 1444
f 1474 1455 160
f 787 74 1478
f 1516 74 787
f 1289 1140 75
f 886 208 1093
f 161 1975 1291
f 891 161 1091
f 1291 765 1976
f 1233 73 1292
f 1093 208 1096
f 1212 641 1603
f 141 220 130
f 130 220 209
f 130 209 131
f 131 209 210
f 131 210 132
f 132 210 211
f 132 211 133
f 133 211 212
f 133 212 134
f 134 212 213
f 134 213 135
f 135 213 214
f 135 214 136
f 136 214 215
f 136 215 137
f 137 215 216
f 137 216 138
f 138 216 217
f 138 217 139
f 139 217 218
f 139 218 140
f 140 218 219
f 140 219 141
f 141 219 220
f 222 107 221
f 221 107 106
f 221 106 232
f 232 106 117
f 232 117 231
f 231 117 116
f 231 116 230
f 230 116 115
f 230 115 229
f 229 115 114
f 229 114 228
f 228 114 113
f 228 113 227
f 227 113 112
f 227 112 226
f 226 112 111
f 226 111 225
f 225 111 110
f 225 110 224
f 224 110 109
f 224 109 223
f 223 109 108
f 223 108 222
f 222 108 107
f 167 166 236
f 69 893 1229
f 1452 893 69
f 233 69 68
f 233 1099 236
f 1099 1120 236
f 233 1389 1236
f 233 1236 1119
f 1119 1099 233
f 234 232 231
f 234 231 230
f 234 2017 1495
f 238 230 229
f 238 229 228
f 228 227 238
f 2074 1523 238
f 237 227 226
f 237 226 225
f 225 224 237
f 237 1858 1857
f 777 224 1218
f 1285 1218 223
f 235 1495 2018
f 1495 238 239
f 1120 210 1235
f 1235 209 1390
f 1287 1216 236
f 2061 1864 236
f 236 1864 1863
f 240 218 217
f 240 217 216
f 216 215 240
f 240 2073 1523
f 239 215 214
f 239 214 213
f 213 212 239
f 2018 1495 239
f 235 212 211
f 235 211 210
f 1099 235 1120
f 1857 2052 67
f 746 778 1857
f 1863 2062 167
f 745 780 1863
f 67 66 237
f 1428 1123 65
f 1502 887 65
f 240 65 168
f 237 1523 2074
f 1523 239 238
f 1228 2076 894
f 2040 2039 165
f 129 252 118
f 118 252 241
f 118 241 119
f 119 241 242
f 119 242 120
f 120 242 243
f 120 243 121
f 121 243 244
f 121 244 122
f 122 244 245
f 122 245 123
f 123 245 246
f 123 246 124
f 124 246 247
f 124 247 125
f 125 247 248
f 125 248 126
f 126 248 249
f 126 249 127
f 127 249 250
f 127 250 128
f 128 250 251
f 128 251 129
f 129 251 252
f 254 95 253
f 253 95 94
f 253 94 264
f 264 94 105
f 264 105 263
f 263 105 104
f 263 104 262
f 262 104 103
f 262 103 261
f 261 103 102
f 261 102 260
f 260 102 101
f 260 101 259
f 259 101 100
f 259 100 258
f 258 100 99
f 258 99 257
f 257 99 98
f 257 98 256
f 256 98 97
f 256 97 255
f 255 97 96
f 255 96 254
f 254 96 95
f 163 162 268
f 1973 1292 73
f 1499 892 73
f 265 73 72
f 265 1114 268
f 1114 1164 268
f 71 70 272
f 894 1227 165
f 1498 894 165
f 269 165 164
f 269 1113 272
f 1113 1166 272
f 264 266 253
f 1163 1114 265
f 253 265 254
f 254 265 255
f 255 265 256
f 906 810 272
f 256 272 257
f 257 272 258
f 258 272 259
f 1113 271 1166
f 259 271 260
f 260 271 261
f 261 271 262
f 266 899 815
f 262 266 263
f 263 266 264
f 267 815 900
f 815 271 270
f 252 268 241
f 1114 267 1164
f 241 267 242
f 242 267 243
f 243 267 244
f 900 815 270
f 244 270 245
f 245 270 246
f 246 270 247
f 1165 1113 269
f 247 269 248
f 248 269 249
f 249 269 250
f 908 809 268
f 250 268 251
f 251 268 252
f 265 810 906
f 810 71 272
f 269 809 908
f 809 163 268
f 1224 2078 896
f 81 2036 2035
f 1272 1311 539
f 526 1309 1272
f 1355 1252 524
f 291 843 928
f 1262 335 1337
f 1152 496 1275
f 410 417 840
f 405 824 404
f 849 415 436
f 160 1246 827
f 519 1152 1273
f 528 1243 1142
f 1295 529 1296
f 273 1253 1148
f 1263 1336 552
f 1149 1384 329
f 522 1334 1263
f 281 1258 1143
f 557 1259 1348
f 133 813 862
f 1247 1304 538
f 1145 1362 549
f 531 1250 1297
f 1254 1147 274
f 1268 1322 544
f 918 767 439
f 820 419 401
f 421 834 408
f 860 287 919
f 822 402 411
f 405 832 449
f 449 426 880
f 289 835 286
f 830 406 823
f 794 411 395
f 416 434 800
f 436 415 799
f 1352 1254 274
f 854 855 413
f 410 814 417
f 813 409 418
f 418 857 852
f 421 876 453
f 952 448 455
f 288 295 883
f 833 870 422
f 296 871 1158
f 873 423 488
f 872 497 428
f 67 1174 1135
f 437 852 933
f 1394 1305 160
f 854 299 855
f 1530 1241 614
f 935 796 300
f 1139 76 1308
f 432 937 151
f 1240 616 1531
f 302 946 297
f 939 441 882
f 941 480 442
f 461 983 480
f 445 950 481
f 481 460 982
f 294 305 953
f 134 879 960
f 455 988 471
f 1004 470 475
f 304 307 991
f 951 978 456
f 308 990 303
f 979 457 944
f 985 474 458
f 1002 1026 476
f 315 1031 1056
f 111 984 1039
f 999 484 464
f 478 1072 1061
f 465 998 485
f 1027 477 486
f 306 313 1005
f 981 1046 135
f 475 1032 469
f 311 1062 999
f 312 315 1030
f 310 1008 309
f 1174 506 1135
f 1101 487 874
f 488 1106 599
f 1170 502 1137
f 1179 324 1196
f 503 510 1183
f 1175 1198 324
f 319 1176 1175
f 1183 1194 322
f 320 1184 1183
f 1186 1185 321
f 316 1107 297
f 1124 492 798
f 318 1132 1131
f 323 1178 1177
f 62 1170 1137
f 1179 1196 512
f 491 1127 514
f 827 495 1140
f 1274 325 1151
f 528 1150 532
f 519 496 1152
f 1150 1381 532
f 1150 327 1381
f 1378 1273 328
f 530 1295 1250
f 1151 329 1276
f 1244 1141 280
f 1368 535 1279
f 330 1368 1279
f 542 1321 1320
f 526 1272 539
f 1255 1146 525
f 1270 1316 332
f 1314 1270 333
f 1252 541 524
f 546 1267 1323
f 1323 1267 334
f 1256 1145 523
f 1265 1331 335
f 1329 1265 336
f 522 1263 552
f 1257 1144 521
f 337 1333 1264
f 1358 1251 338
f 556 1346 1259
f 436 799 930
f 1348 1259 282
f 1338 340 1339
f 850 922 434
f 1325 1324 341
f 821 4 846
f 1311 342 1312
f 1268 285 1322
f 1370 1369 343
f 298 293 853
f 1371 344 1372
f 1247 283 1304
f 1380 1379 345
f 1297 1250 284
f 1382 346 1383
f 1239 300 938
f 1577 1652 664
f 637 1577 664
f 1647 1586 610
f 85 1532 1239
f 662 1579 1650
f 662 639 1579
f 1588 612 1645
f 1242 121 1529
f 1634 625 1671
f 1580 1649 122
f 101 1631 1698
f 1631 659 682
f 1669 1636 627
f 86 1578 1651
f 1700 149 1629
f 684 1629 657
f 1576 665 629
f 673 1612 648
f 356 1563 1110
f 1566 630 807
f 1562 1111 635
f 802 1483 71
f 1573 1668 358
f 636 649 1584
f 649 1620 749
f 1765 713 1728
f 357 360 1623
f 1583 1614 650
f 1618 751 651
f 1726 1767 715
f 362 1621 355
f 1616 652 1581
f 363 1640 354
f 4 1559 1534
f 1636 753 654
f 1736 1749 705
f 352 365 1638
f 1535 115 1558
f 656 1634 755
f 1751 707 1734
f 1689 736 673
f 717 1875 1814
f 389 1778 1829
f 1682 674 1611
f 1691 734 675
f 719 1877 1812
f 1827 387 1780
f 1609 1684 676
f 1762 1821 385
f 1632 1697 681
f 682 1707 730
f 1792 711 1873
f 383 1764 1819
f 1699 683 1630
f 1705 732 684
f 709 1871 1794
f 1945 740 2010
f 1725 693 716
f 1719 762 694
f 393 1840 376
f 738 2008 1947
f 1727 695 714
f 1724 725 692
f 733 1772 720
f 379 1741 1794
f 1733 701 708
f 1742 723 698
f 710 731 1754
f 381 1738 1947
f 1731 699 742
f 1737 760 704
f 1716 1847 737
f 382 383 1757
f 373 1709 364
f 687 706 1763
f 1707 372 1816
f 385 1759 380
f 366 371 1711
f 708 1761 685
f 374 1818 1705
f 387 1773 378
f 359 370 1693
f 714 1779 679
f 369 1836 1691
f 376 389 1775
f 368 1695 361
f 716 1777 677
f 367 1838 1689
f 391 1846 382
f 1851 741 1732
f 1967 742 2012
f 377 1723 1812
f 380 393 1844
f 1730 1853 743
f 1965 744 2014
f 375 1721 1814
f 395 789 574
f 411 844 395
f 821 846 412
f 1403 1352 274
f 632 397 805
f 1465 49 56
f 398 593 802
f 108 806 1567
f 807 630 399
f 167 1467 166
f 804 400 591
f 1565 11 808
f 401 821 412
f 869 5 834
f 420 868 819
f 46 822 845
f 823 406 403
f 277 849 924
f 841 287 860
f 829 115 824
f 405 829 824
f 449 880 959
f 450 964 831
f 133 830 823
f 407 833 422
f 836 288 287
f 958 867 286
f 286 867 820
f 418 409 839
f 1405 1348 282
f 276 791 569
f 292 858 851
f 845 822 411
f 844 926 395
f 843 412 396
f 412 793 396
f 413 838 563
f 292 299 854
f 298 853 856
f 856 853 414
f 415 842 799
f 859 842 415
f 416 850 434
f 290 841 1782
f 851 934 299
f 417 438 851
f 862 813 418
f 437 418 852
f 867 419 820
f 834 5 863
f 864 833 420
f 420 819 402
f 421 869 834
f 6 952 977
f 976 875 454
f 833 45 870
f 451 969 878
f 9 873 1102
f 874 487 424
f 980 42 943
f 879 425 450
f 884 294 289
f 288 1024 963
f 832 288 963
f 1158 871 498
f 940 138 881
f 882 441 428
f 1199 1174 67
f 931 856 429
f 1437 120 121
f 838 430 909
f 855 299 932
f 85 938 431
f 85 1439 84
f 912 432 579
f 937 1240 151
f 825 824 276
f 818 404 433
f 1145 275 1362
f 850 276 922
f 920 859 435
f 823 403 826
f 924 849 436
f 1360 1359 339
f 913 862 437
f 933 852 298
f 851 438 934
f 349 1538 352
f 300 796 577
f 1322 285 1412
f 956 4 1121
f 1398 1297 284
f 479 1041 942
f 110 939 882
f 442 940 881
f 983 1040 480
f 1033 970 297
f 297 970 877
f 944 457 444
f 945 303 296
f 947 880 445
f 481 982 1045
f 1048 949 482
f 879 134 948
f 447 951 456
f 304 295 954
f 294 1036 975
f 876 294 975
f 832 963 449
f 959 880 114
f 960 879 450
f 450 831 406
f 965 944 451
f 451 878 423
f 970 452 877
f 943 42 966
f 876 975 453
f 971 952 6
f 951 454 972
f 875 422 454
f 977 952 455
f 7 1004 1025
f 1019 986 473
f 951 44 978
f 472 1018 987
f 8 979 944
f 458 980 943
f 1002 43 1026
f 459 482 981
f 306 305 992
f 304 1084 1047
f 950 304 1047
f 1081 1042 303
f 303 1042 941
f 984 462 479
f 989 309 302
f 486 1064 997
f 111 993 984
f 464 994 983
f 1028 1058 484
f 995 982 465
f 112 1027 1060
f 1061 1000 483
f 981 135 996
f 1049 1020 309
f 309 1020 985
f 468 1002 476
f 312 307 1007
f 1003 475 469
f 1006 311 308
f 306 1052 1017
f 988 306 1017
f 988 1017 471
f 1009 1004 7
f 1010 1003 472
f 472 987 457
f 1002 473 1011
f 986 456 473
f 1020 474 985
f 1001 43 1012
f 1025 1004 475
f 1032 1054 469
f 1031 476 467
f 476 1001 467
f 312 1070 1063
f 998 312 1063
f 478 1028 484
f 314 313 1029
f 1039 984 479
f 479 942 441
f 1042 480 941
f 983 137 1040
f 950 1047 481
f 1045 982 113
f 981 482 1046
f 949 446 482
f 1028 483 1057
f 1000 466 483
f 1062 484 999
f 1028 136 1058
f 998 1063 485
f 1059 1027 112
f 1060 1027 486
f 486 997 463
f 1105 600 1490
f 41 1101 874
f 1102 873 488
f 62 1203 1170
f 489 1103 513
f 317 296 1108
f 1442 1157 297
f 297 1157 872
f 1128 1127 491
f 798 492 491
f 492 1129 1128
f 1187 1192 508
f 63 797 1126
f 797 493 494
f 1136 63 1171
f 1133 1132 318
f 520 1151 495
f 827 520 495
f 159 828 1245
f 828 496 519
f 1157 497 872
f 1104 67 1153
f 1103 498 1154
f 871 427 498
f 1168 168 1138
f 500 1138 499
f 500 1168 1138
f 319 1177 1176
f 1180 1179 501
f 1137 502 501
f 502 1181 1180
f 502 1182 1181
f 61 1136 1172
f 1136 503 504
f 1172 1136 504
f 1185 1184 320
f 1188 1187 505
f 1135 506 505
f 506 1189 1188
f 1190 1189 506
f 1191 1190 507
f 490 507 1104
f 66 1124 798
f 1130 1129 492
f 1201 1172 509
f 1193 1186 321
f 1134 1133 322
f 1126 797 494
f 511 1195 1182
f 1106 317 1489
f 1427 64 1125
f 493 512 1131
f 513 1205 1168
f 323 1197 1178
f 1175 514 1198
f 798 491 1123
f 1098 1091 206
f 1607 1208 642
f 643 1601 1214
f 1092 171 1097
f 895 1226 2077
f 2063 781 2046
f 893 1230 2075
f 2044 2065 783
f 1245 828 519
f 1273 1152 326
f 520 1274 1151
f 520 1375 1274
f 1333 551 1264
f 521 1144 551
f 1341 1340 280
f 522 552 1143
f 523 549 1265
f 523 1145 549
f 1354 1353 273
f 273 1353 1253
f 525 542 1270
f 525 1146 542
f 1148 1361 275
f 526 539 1148
f 1300 281 1301
f 534 1141 527
f 1277 1150 528
f 529 528 1142
f 328 1280 1364
f 1280 529 530
f 1364 1280 530
f 531 530 1250
f 1365 1364 531
f 1366 1365 531
f 1249 1299 285
f 532 533 1249
f 1249 533 1299
f 1381 327 1382
f 1248 281 1300
f 1279 535 534
f 282 1248 1302
f 1248 535 536
f 1302 1248 536
f 1369 1368 330
f 1149 537 1384
f 537 1247 538
f 1384 538 1385
f 1385 538 1386
f 1148 539 1361
f 1272 331 1311
f 333 1271 1313
f 1271 540 541
f 1313 1271 541
f 541 1147 524
f 1269 1317 331
f 542 543 1269
f 1269 543 1317
f 543 1268 544
f 1317 544 1318
f 1318 544 1319
f 1266 279 1326
f 546 545 1267
f 284 1266 1328
f 1266 546 547
f 1328 1266 547
f 1324 1323 334
f 1356 1355 548
f 1357 1356 548
f 1265 549 1331
f 1331 549 1332
f 1350 1256 550
f 1264 551 550
f 551 1351 1350
f 521 551 1251
f 280 1340 1261
f 552 1262 553
f 1261 1342 283
f 553 554 1261
f 1261 554 1342
f 1337 335 1338
f 338 1260 1343
f 1260 555 556
f 1343 1260 556
f 557 556 1259
f 1344 1343 557
f 1345 1344 557
f 1349 1257 558
f 1359 1358 338
f 559 1376 1375
f 1377 1376 559
f 1306 1245 560
f 1379 1378 328
f 1275 561 1373
f 1373 561 1374
f 1140 562 1307
f 1276 329 1371
f 1307 563 1392
f 1372 344 1420
f 1374 564 1419
f 580 431 911
f 159 912 1429
f 1417 1380 345
f 1418 1377 566
f 837 414 566
f 930 799 274
f 1401 1360 339
f 1406 1345 568
f 792 277 568
f 1342 569 1407
f 1339 340 1408
f 1332 570 1409
f 800 434 929
f 1402 1357 571
f 790 396 571
f 1410 1328 572
f 793 4 956
f 1998 1981 342
f 1982 1413 573
f 1361 574 1400
f 1312 342 1414
f 1386 575 1415
f 840 292 915
f 916 839 282
f 1421 1370 343
f 1299 577 1397
f 1383 346 1416
f 1422 1366 578
f 795 301 578
f 1429 912 579
f 1440 151 152
f 1487 1448 84
f 84 1448 83
f 581 1432 909
f 104 1438 103
f 1450 120 1485
f 1450 119 120
f 1460 119 1461
f 1519 119 1460
f 584 1443 1432
f 105 1449 104
f 1463 1458 83
f 83 1458 1521
f 1446 1429 586
f 152 153 1447
f 1446 587 1453
f 1472 1457 608
f 1458 1471 607
f 1458 588 1471
f 589 1456 1443
f 1459 606 1470
f 605 1460 1469
f 1469 1460 590
f 1481 804 591
f 1468 51 50
f 1467 592 166
f 166 2045 2064
f 802 593 1483
f 68 69 1466
f 594 49 1465
f 2066 49 2043
f 1477 788 595
f 206 1510 1597
f 1456 596 1473
f 1598 208 1509
f 786 597 1479
f 171 1508 1599
f 1476 1453 598
f 170 1507 1600
f 1106 1489 599
f 1491 1203 62
f 600 1492 1201
f 487 600 1105
f 1507 601 644
f 1480 158 1503
f 1508 602 643
f 1475 76 1505
f 642 1509 603
f 74 1504 1478
f 1510 604 641
f 1474 160 1506
f 605 1519 1460
f 129 118 1545
f 606 1516 787
f 105 1520 1459
f 1521 1458 607
f 82 1547 93
f 785 608 1518
f 1457 153 1522
f 1585 354 1648
f 1585 363 354
f 610 1533 918
f 353 1539 348
f 1646 1587 352
f 352 1587 365
f 913 612 1536
f 1537 350 351
f 931 121 1242
f 298 1436 933
f 349 1435 934
f 1241 932 299
f 85 1239 938
f 1434 935 300
f 1433 936 347
f 937 301 1240
f 1518 617 1541
f 1548 142 143
f 1595 1554 93
f 93 1554 79
f 619 1543 1516
f 95 1546 94
f 129 1593 1556
f 163 129 1556
f 163 1556 621
f 163 621 1234
f 622 1550 1543
f 95 72 1555
f 1554 623 79
f 623 1232 79
f 1552 1541 624
f 1553 143 156
f 1557 1536 625
f 1588 351 366
f 1670 1635 365
f 365 1635 1916
f 627 1560 1533
f 364 1586 353
f 1633 363 1672
f 1918 363 1633
f 629 1565 808
f 1681 12 1612
f 666 1666 1575
f 140 1566 807
f 1567 806 631
f 107 1610 1683
f 1573 668 1668
f 1568 805 39
f 1581 652 633
f 1109 804 155
f 803 356 1110
f 1615 127 1582
f 635 1583 650
f 802 71 1111
f 358 1112 801
f 1584 1613 91
f 1569 672 637
f 347 1653 1528
f 1578 638 663
f 1679 353 1570
f 639 1571 670
f 1526 349 1655
f 640 661 1580
f 351 1572 1677
f 1098 206 1207
f 1604 515 1212
f 208 1211 1096
f 1208 1608 515
f 171 1209 1097
f 516 1214 1602
f 1213 1095 170
f 1606 516 1210
f 645 1609 676
f 358 1624 359
f 357 1784 1667
f 1574 357 1667
f 1611 674 647
f 1622 361 356
f 1786 1665 355
f 355 1665 1576
f 1584 649 1613
f 749 1688 1899
f 1904 1619 750
f 1583 97 1614
f 651 1615 1582
f 1686 1901 751
f 752 1906 1617
f 145 1616 1581
f 756 1918 1633
f 4 1626 1559
f 654 1625 1560
f 1704 1907 753
f 1916 1635 754
f 1558 115 1627
f 1628 1557 656
f 755 1702 1909
f 1787 1680 354
f 354 1680 1569
f 1630 683 658
f 1639 364 353
f 352 1789 1678
f 1571 352 1678
f 660 1632 681
f 366 351 1637
f 1580 661 1649
f 1436 613 1525
f 1526 1435 349
f 1650 1579 102
f 1651 1578 663
f 615 1527 1434
f 1433 347 1528
f 1577 150 1652
f 1665 665 1576
f 1612 12 1657
f 1658 1611 666
f 666 1575 630
f 1574 1667 667
f 1659 1610 107
f 668 1660 1609
f 632 668 1573
f 1632 669 1673
f 1572 640 669
f 1571 1678 670
f 1674 1631 101
f 1675 1630 671
f 671 1570 638
f 1680 672 1569
f 1629 149 1676
f 673 1681 1612
f 1769 1834 736
f 735 1837 1690
f 141 1682 1611
f 1683 1610 675
f 1771 1832 734
f 1692 733 1835
f 1609 38 1684
f 1685 677 752
f 1696 367 362
f 2000 1905 361
f 361 1905 1618
f 679 750 1687
f 369 360 1694
f 359 2002 1903
f 1620 359 1903
f 1817 1706 731
f 1632 123 1697
f 1698 1631 682
f 730 1755 1824
f 729 1815 1708
f 87 1699 1630
f 684 1700 1629
f 1753 1826 732
f 1701 685 756
f 1712 374 363
f 366 2004 1917
f 1634 366 1917
f 687 754 1703
f 372 365 1710
f 2006 1915 364
f 364 1915 1636
f 1814 1721 728
f 1850 2 1713
f 1714 739 690
f 130 1770 1833
f 1812 1723 726
f 1848 117 1715
f 692 1716 737
f 1831 37 1772
f 761 1965 1720
f 146 1725 1768
f 694 1726 715
f 1730 125 1853
f 763 1967 1718
f 98 1727 1766
f 1728 713 696
f 89 1851 1732
f 1794 1741 724
f 1854 147 1729
f 698 1730 743
f 1754 1825 124
f 722 1792 1743
f 99 1731 1852
f 1732 741 700
f 88 1756 1823
f 757 1945 1740
f 3 1733 1752
f 1734 707 702
f 131 1849 1714
f 1947 1738 759
f 1750 116 1735
f 704 1736 705
f 1716 48 1847
f 1764 705 688
f 688 1704 753
f 1703 1908 116
f 687 1763 1820
f 707 686 1762
f 755 686 1702
f 3 1701 1910
f 1761 1822 685
f 709 1753 732
f 386 379 1760
f 1872 1793 380
f 380 1793 1742
f 730 711 1755
f 1758 384 381
f 382 1874 1791
f 1744 382 1791
f 680 1780 713
f 749 680 1688
f 1687 1900 98
f 1779 1828 679
f 1778 715 678
f 678 1686 751
f 146 1685 1902
f 1777 1830 677
f 717 1769 736
f 390 375 1776
f 376 1876 1813
f 1722 376 1813
f 719 1771 734
f 388 377 1774
f 1878 1811 378
f 378 1811 1724
f 1744 1791 721
f 1799 1756 88
f 1800 1755 722
f 722 1743 699
f 1793 723 1742
f 1754 124 1801
f 1753 724 1802
f 1741 697 724
f 1811 725 1724
f 1772 37 1807
f 1771 726 1808
f 1723 691 726
f 1722 1813 727
f 1809 1770 130
f 1769 728 1810
f 1721 689 728
f 1823 1756 729
f 729 1708 683
f 1707 1816 730
f 1824 1755 100
f 1754 731 1825
f 1706 681 731
f 1818 732 1705
f 1753 148 1826
f 733 1831 1772
f 676 733 1692
f 1836 734 1691
f 1771 106 1832
f 1833 1770 735
f 735 1690 674
f 1838 736 1689
f 1769 1 1834
f 2007 1948 382
f 382 1948 1737
f 738 1848 1715
f 392 381 1845
f 380 2009 1946
f 1739 380 1946
f 740 1850 1713
f 1843 394 379
f 378 2011 1968
f 1717 378 1968
f 1852 1731 742
f 1841 392 377
f 2013 1966 376
f 376 1966 1719
f 744 1854 1729
f 1839 394 375
f 745 1855 780
f 1856 1855 745
f 746 1865 778
f 1866 1865 746
f 747 1867 776
f 1868 1867 747
f 748 1861 774
f 1862 1861 748
f 1620 1903 749
f 1899 1688 90
f 1687 750 1900
f 1619 650 750
f 1905 751 1618
f 1686 126 1901
f 1902 1685 752
f 752 1617 652
f 1915 753 1636
f 1704 47 1907
f 1703 754 1908
f 1635 655 754
f 1634 1917 755
f 1909 1702 132
f 1910 1701 756
f 756 1633 653
f 1949 1850 757
f 757 1740 701
f 1739 1946 758
f 1950 1849 131
f 1848 759 1951
f 1738 703 759
f 1948 760 1737
f 1847 48 1952
f 1957 1854 761
f 761 1720 693
f 1966 762 1719
f 1853 125 1958
f 1959 1852 763
f 763 1718 695
f 1717 1968 764
f 1960 1851 89
f 765 1974 1292
f 161 1291 1234
f 766 1970 1294
f 77 1293 1232
f 1979 1122 767
f 1989 1412 285
f 1410 768 1990
f 768 917 440
f 784 2043 769
f 80 2035 1484
f 1483 770 2037
f 2037 770 2038
f 2045 771 782
f 1482 164 2039
f 2041 1481 772
f 772 2042 2041
f 2047 1862 773
f 1222 34 773
f 1869 774 2056
f 1861 61 2048
f 2057 1868 775
f 2049 1860 60
f 1859 776 2050
f 1219 10 776
f 2059 1866 777
f 2051 1858 237
f 1857 778 2052
f 109 778 1217
f 2053 1856 779
f 1216 218 779
f 1863 780 2062
f 1855 168 2054
f 154 1224 896
f 2077 1226 517
f 893 166 1230
f 1228 518 2076
f 70 1228 894
f 2075 1230 518
f 895 49 1226
f 1224 517 2078
f 1453 587 1514
f 598 785 1480
f 786 1479 77
f 1513 1454 597
f 589 1511 1456
f 787 1478 596
f 161 788 1477
f 595 1512 1455
f 926 290 1988
f 844 290 926
f 928 843 396
f 1987 928 790
f 791 410 283
f 847 814 410
f 813 277 848
f 409 792 282
f 1402 396 1986
f 1986 793 1997
f 46 794 955
f 1981 1414 342
f 795 936 301
f 795 1991 936
f 439 1992 935
f 1992 796 935
f 797 1125 493
f 797 1427 1125
f 66 798 887
f 798 1123 1428
f 842 291 1781
f 842 1781 799
f 841 416 800
f 1782 841 800
f 1112 80 801
f 358 801 397
f 398 802 357
f 802 1111 357
f 803 1110 164
f 399 356 803
f 355 400 804
f 355 804 1109
f 39 1282 1221
f 805 397 56
f 806 68 398
f 1217 68 1286
f 1288 1215 140
f 807 399 167
f 400 808 51
f 1284 1219 51
f 907 163 809
f 164 809 269
f 905 71 810
f 72 810 265
f 903 155 811
f 156 811 197
f 901 79 812
f 80 812 201
f 813 848 409
f 133 277 813
f 276 115 814
f 276 814 847
f 899 271 815
f 266 815 267
f 897 203 816
f 198 816 199
f 817 289 286
f 831 289 866
f 865 832 404
f 288 818 287
f 844 402 925
f 819 287 290
f 286 820 291
f 927 843 291
f 821 5 4
f 863 5 1022
f 1021 864 402
f 45 822 46
f 133 823 277
f 823 826 277
f 404 824 825
f 824 115 276
f 433 404 825
f 850 433 921
f 923 849 277
f 403 435 826
f 160 827 886
f 827 1140 1289
f 828 1139 496
f 828 1290 1139
f 115 829 114
f 1086 959 114
f 1085 960 406
f 134 830 133
f 406 831 403
f 831 866 403
f 288 832 865
f 832 405 404
f 45 833 864
f 833 407 420
f 408 834 419
f 834 863 419
f 961 876 408
f 294 835 289
f 288 836 295
f 962 875 295
f 429 414 837
f 429 837 910
f 838 909 75
f 413 430 838
f 293 839 916
f 839 409 282
f 410 840 283
f 840 915 283
f 841 860 416
f 290 287 841
f 286 291 842
f 286 842 859
f 401 412 843
f 401 843 927
f 844 925 290
f 411 402 844
f 46 845 794
f 845 411 794
f 412 846 793
f 846 4 793
f 276 847 791
f 847 410 791
f 409 848 792
f 848 277 792
f 435 415 849
f 435 849 923
f 850 921 276
f 416 433 850
f 858 417 851
f 292 851 299
f 852 293 298
f 857 293 852
f 414 853 343
f 853 293 343
f 292 854 344
f 854 413 344
f 413 855 430
f 855 932 430
f 298 856 931
f 856 414 429
f 857 839 293
f 418 839 857
f 840 417 858
f 840 858 292
f 286 859 920
f 859 415 435
f 416 860 433
f 860 919 433
f 417 861 438
f 861 914 438
f 133 862 913
f 862 418 437
f 419 863 401
f 863 1022 401
f 45 864 1021
f 864 420 402
f 288 865 818
f 865 404 818
f 403 866 817
f 866 289 817
f 408 419 867
f 408 867 958
f 868 957 287
f 420 407 868
f 5 869 6
f 1080 971 6
f 972 422 1079
f 870 45 44
f 968 941 427
f 303 871 296
f 872 302 297
f 942 302 967
f 1078 965 423
f 8 873 9
f 874 42 41
f 966 42 1077
f 407 422 875
f 407 875 962
f 294 876 961
f 876 421 408
f 877 316 297
f 1105 316 1156
f 1106 423 1155
f 878 296 317
f 425 879 446
f 879 948 446
f 114 880 947
f 880 426 445
f 1154 427 1927
f 881 138 168
f 882 67 110
f 1153 67 1928
f 950 426 973
f 883 295 304
f 294 884 305
f 974 949 305
f 76 885 172
f 885 1094 172
f 886 1093 160
f 75 208 886
f 237 66 887
f 237 887 1502
f 888 1501 64
f 63 58 888
f 889 1092 158
f 77 171 889
f 200 78 890
f 200 890 1500
f 74 891 207
f 891 1091 207
f 268 162 892
f 268 892 1499
f 236 166 893
f 236 893 1452
f 272 70 894
f 272 894 1498
f 55 49 895
f 55 895 1451
f 204 154 896
f 204 896 1497
f 182 203 897
f 182 897 198
f 188 199 898
f 188 898 202
f 262 271 899
f 262 899 266
f 244 267 900
f 244 900 270
f 91 79 901
f 91 901 80
f 194 201 902
f 194 902 200
f 155 903 145
f 903 156 145
f 176 197 904
f 176 904 204
f 97 71 905
f 97 905 72
f 256 265 906
f 256 906 272
f 907 127 163
f 164 127 907
f 250 269 908
f 250 908 268
f 1432 75 909
f 581 909 430
f 910 582 429
f 1431 582 910
f 1308 76 1391
f 431 564 911
f 565 432 912
f 1393 1306 565
f 913 1536 133
f 437 612 913
f 611 438 914
f 611 914 1535
f 1304 283 1395
f 292 575 915
f 576 293 916
f 1396 1302 576
f 440 917 609
f 917 1534 609
f 1533 46 918
f 610 918 439
f 919 818 433
f 287 818 919
f 817 286 920
f 817 920 435
f 921 825 276
f 433 825 921
f 922 340 434
f 1984 1408 340
f 826 435 923
f 826 923 277
f 1406 277 1985
f 339 924 436
f 925 819 290
f 402 819 925
f 395 926 789
f 926 1988 789
f 820 401 927
f 820 927 291
f 291 928 1987
f 928 396 790
f 1362 275 1399
f 434 570 929
f 567 436 930
f 1404 1349 567
f 931 1242 298
f 429 121 931
f 103 430 932
f 103 932 1241
f 933 350 437
f 1436 350 933
f 1435 299 934
f 349 934 438
f 348 439 935
f 348 935 1434
f 301 936 1433
f 936 440 347
f 1422 301 1977
f 345 937 432
f 938 346 431
f 1978 1416 346
f 1088 1039 441
f 111 939 110
f 940 137 138
f 1040 137 1087
f 303 941 968
f 941 442 427
f 441 942 428
f 942 967 428
f 443 943 452
f 943 966 452
f 8 944 965
f 944 444 451
f 945 308 303
f 987 308 1037
f 1038 985 443
f 309 946 302
f 114 947 113
f 1090 1045 113
f 1046 446 1089
f 948 134 135
f 425 446 949
f 425 949 974
f 950 973 304
f 445 426 950
f 951 972 44
f 447 454 951
f 453 448 952
f 453 952 971
f 988 448 1043
f 953 305 306
f 304 954 307
f 1044 986 307
f 46 955 1122
f 1319 573 1413
f 1411 1325 341
f 1411 956 1983
f 957 836 287
f 407 836 957
f 835 408 958
f 835 958 286
f 405 449 959
f 405 959 1086
f 134 960 1085
f 960 450 406
f 294 961 835
f 961 408 835
f 836 407 962
f 836 962 295
f 963 426 449
f 1024 426 963
f 964 1023 289
f 450 425 964
f 8 965 1078
f 965 451 423
f 452 966 424
f 966 1077 424
f 428 967 872
f 967 302 872
f 303 968 871
f 968 427 871
f 969 1034 296
f 451 444 969
f 443 452 970
f 443 970 1033
f 421 453 971
f 421 971 1080
f 972 1079 44
f 454 422 972
f 973 883 304
f 426 883 973
f 884 425 974
f 884 974 305
f 975 448 453
f 1036 448 975
f 1035 295 976
f 447 976 454
f 6 977 7
f 1068 1009 7
f 1011 456 1066
f 978 44 43
f 1067 1010 457
f 7 979 8
f 980 43 42
f 1012 43 1065
f 459 981 466
f 981 996 466
f 113 982 995
f 982 460 465
f 994 137 983
f 464 983 461
f 984 463 462
f 993 463 984
f 309 985 1038
f 985 458 443
f 447 456 986
f 447 986 1044
f 457 987 444
f 987 1037 444
f 988 1043 306
f 455 448 988
f 989 310 309
f 997 310 1016
f 1014 999 461
f 311 990 308
f 998 460 1015
f 991 307 312
f 306 992 313
f 1013 1000 313
f 1073 1060 463
f 112 993 111
f 994 136 137
f 1058 136 1075
f 113 995 112
f 1074 1059 112
f 1057 466 1076
f 996 135 136
f 463 997 462
f 997 1016 462
f 998 1015 312
f 465 460 998
f 311 999 1014
f 999 464 461
f 459 466 1000
f 459 1000 1013
f 467 1001 474
f 1001 1012 474
f 1002 1011 43
f 468 473 1002
f 7 1003 1010
f 1003 469 472
f 471 470 1004
f 471 1004 1009
f 1032 470 1053
f 1005 313 314
f 1006 314 311
f 1032 314 1054
f 312 1007 315
f 1055 1031 315
f 1056 1031 467
f 315 1008 310
f 455 471 1009
f 455 1009 1068
f 7 1010 1067
f 1010 472 457
f 1011 1066 43
f 473 456 1011
f 474 1012 458
f 1012 1065 458
f 992 459 1013
f 992 1013 313
f 311 1014 990
f 1014 461 990
f 1015 991 312
f 460 991 1015
f 462 1016 989
f 1016 310 989
f 1017 470 471
f 1052 470 1017
f 1018 1051 308
f 472 469 1018
f 1050 307 1019
f 468 1019 473
f 467 474 1020
f 467 1020 1049
f 45 1021 822
f 1021 402 822
f 401 1022 821
f 1022 5 821
f 1023 884 289
f 425 884 1023
f 1024 883 426
f 288 883 1024
f 7 1025 1003
f 1025 475 1003
f 476 1026 1001
f 1026 43 1001
f 485 477 1027
f 485 1027 1059
f 1028 1057 136
f 478 483 1028
f 314 1029 311
f 1071 1062 311
f 1064 477 1069
f 1030 315 310
f 468 476 1031
f 468 1031 1055
f 1032 1053 314
f 475 470 1032
f 946 443 1033
f 946 1033 297
f 1034 945 296
f 444 945 1034
f 954 295 1035
f 954 1035 447
f 1036 953 448
f 294 953 1036
f 444 1037 945
f 1037 308 945
f 309 1038 946
f 1038 443 946
f 111 1039 1088
f 1039 479 441
f 480 1040 442
f 1040 1087 442
f 1041 1082 302
f 479 462 1041
f 461 480 1042
f 461 1042 1081
f 1043 953 306
f 448 953 1043
f 954 447 1044
f 954 1044 307
f 445 481 1045
f 445 1045 1090
f 1046 1089 135
f 482 446 1046
f 1047 460 481
f 1084 460 1047
f 1083 305 1048
f 459 1048 482
f 1008 467 1049
f 1008 1049 309
f 1007 307 1050
f 1007 1050 468
f 1051 1006 308
f 469 1006 1051
f 1052 1005 470
f 306 1005 1052
f 1053 1005 314
f 470 1005 1053
f 469 1054 1006
f 1054 314 1006
f 1007 468 1055
f 1007 1055 315
f 315 1056 1008
f 1056 467 1008
f 1057 1076 136
f 483 466 1057
f 484 1058 464
f 1058 1075 464
f 465 485 1059
f 465 1059 1074
f 112 1060 1073
f 1060 486 463
f 1072 313 1061
f 478 1061 483
f 478 484 1062
f 478 1062 1071
f 1063 477 485
f 1070 477 1063
f 1064 1069 310
f 486 477 1064
f 458 1065 980
f 1065 43 980
f 1066 978 43
f 456 978 1066
f 7 1067 979
f 1067 457 979
f 977 455 1068
f 977 1068 7
f 1069 1030 310
f 477 1030 1069
f 1070 1030 477
f 312 1030 1070
f 1029 478 1071
f 1029 1071 311
f 1029 313 1072
f 1029 1072 478
f 112 1073 993
f 1073 463 993
f 995 465 1074
f 995 1074 112
f 464 1075 994
f 1075 136 994
f 1076 996 136
f 466 996 1076
f 424 1077 874
f 1077 42 874
f 8 1078 873
f 1078 423 873
f 1079 870 44
f 422 870 1079
f 869 421 1080
f 869 1080 6
f 990 461 1081
f 990 1081 303
f 1082 989 302
f 462 989 1082
f 992 305 1083
f 992 1083 459
f 1084 991 460
f 304 991 1084
f 134 1085 830
f 1085 406 830
f 829 405 1086
f 829 1086 114
f 442 1087 940
f 1087 137 940
f 111 1088 939
f 1088 441 939
f 1089 948 135
f 446 948 1089
f 947 445 1090
f 947 1090 113
f 207 1091 1098
f 1091 161 206
f 158 1092 169
f 1092 1097 169
f 160 1093 205
f 1093 1096 205
f 172 1094 1095
f 1094 159 170
f 1214 172 1095
f 1602 1214 1095
f 1096 1212 205
f 1096 1604 1212
f 1097 1210 169
f 1097 1606 1210
f 207 1098 1208
f 1208 1098 1608
f 234 235 1099
f 234 1099 1119
f 53 54 1100
f 53 1100 1117
f 1101 61 487
f 41 61 1101
f 9 1102 62
f 1102 488 62
f 1103 1154 168
f 489 498 1103
f 490 1104 497
f 1104 1153 497
f 487 1105 424
f 1105 1156 424
f 1106 1155 317
f 488 423 1106
f 490 1494 1191
f 316 321 1107
f 317 1108 323
f 1493 1197 323
f 1564 355 1109
f 633 1109 155
f 1110 634 164
f 1563 634 1110
f 357 1111 1562
f 1111 71 635
f 636 80 1112
f 636 1112 1561
f 270 271 1113
f 270 1113 1165
f 266 267 1114
f 266 1114 1163
f 202 203 1115
f 202 1115 1161
f 198 199 1116
f 198 1116 1159
f 1117 24 53
f 1238 24 1117
f 1118 1237 55
f 54 26 1118
f 1119 232 234
f 1236 232 1119
f 1120 1235 236
f 235 210 1120
f 572 1121 768
f 1121 1980 768
f 46 1122 1979
f 1122 573 767
f 1167 65 1206
f 491 514 1123
f 508 492 1124
f 1173 508 1200
f 493 1125 512
f 1169 512 1204
f 1171 63 1202
f 1126 494 510
f 318 324 1127
f 318 1127 1128
f 1129 318 1128
f 492 1128 491
f 322 318 1129
f 322 1129 1130
f 1187 322 1192
f 1130 492 508
f 1132 493 1131
f 318 1131 324
f 494 493 1132
f 494 1132 1133
f 494 1133 1134
f 1133 318 322
f 510 494 1134
f 1183 510 1194
f 67 1135 66
f 1135 1173 66
f 1136 1171 503
f 61 63 1136
f 62 1137 64
f 1137 1169 64
f 499 1138 1167
f 1138 168 65
f 496 1139 561
f 1139 1308 561
f 1140 1307 75
f 495 562 1140
f 527 1141 1244
f 1141 281 280
f 1142 278 279
f 1243 278 1142
f 1258 522 1143
f 281 1143 280
f 274 273 1144
f 274 1144 1257
f 273 275 1145
f 273 1145 1256
f 279 278 1146
f 279 1146 1255
f 524 1147 1254
f 1147 273 274
f 1253 526 1148
f 273 1148 275
f 1278 527 1149
f 325 1149 329
f 326 327 1150
f 326 1150 1277
f 1151 1276 495
f 325 329 1151
f 326 1152 327
f 1152 1275 327
f 497 1153 428
f 1153 1928 428
f 1154 1927 168
f 498 427 1154
f 1155 878 317
f 423 878 1155
f 424 1156 877
f 1156 316 877
f 490 497 1157
f 490 1157 1442
f 1441 296 1158
f 489 1158 498
f 173 198 1159
f 173 1159 197
f 185 200 1160
f 185 1160 199
f 191 202 1161
f 191 1161 201
f 179 204 1162
f 179 1162 203
f 253 266 1163
f 253 1163 265
f 241 268 1164
f 241 1164 267
f 247 270 1165
f 247 1165 269
f 259 272 1166
f 259 1166 271
f 499 1167 514
f 1167 1206 514
f 1205 168 1168
f 513 1168 500
f 1169 1204 64
f 501 512 1169
f 1170 511 502
f 1203 511 1170
f 503 1171 510
f 1171 1202 510
f 61 1172 1201
f 1172 504 509
f 1173 1200 66
f 505 508 1173
f 507 506 1174
f 507 1174 1199
f 1176 499 1175
f 319 1175 324
f 1176 500 499
f 1177 500 1176
f 1178 500 1177
f 323 1177 319
f 1178 513 500
f 1197 513 1178
f 319 324 1179
f 319 1179 1180
f 1181 319 1180
f 502 1180 501
f 1181 323 319
f 1182 323 1181
f 1195 323 1182
f 511 1182 502
f 1184 503 1183
f 320 1183 322
f 504 503 1184
f 504 1184 1185
f 504 1185 1186
f 1185 320 321
f 509 504 1186
f 509 1186 1193
f 320 322 1187
f 320 1187 1188
f 1189 320 1188
f 506 1188 505
f 321 320 1189
f 321 1189 1190
f 321 1190 1191
f 1190 506 507
f 1494 321 1191
f 490 1191 507
f 1192 1130 508
f 322 1130 1192
f 316 509 1193
f 316 1193 321
f 1194 1134 322
f 510 1134 1194
f 317 323 1195
f 317 1195 511
f 1131 512 1196
f 1131 1196 324
f 489 513 1197
f 489 1197 1493
f 1127 324 1198
f 1127 1198 514
f 1104 507 1199
f 1104 1199 67
f 1200 1124 66
f 508 1124 1200
f 1492 61 1201
f 600 1201 509
f 1202 1126 510
f 63 1126 1202
f 599 511 1203
f 599 1203 1491
f 1125 64 1204
f 1125 1204 512
f 1103 168 1205
f 1103 1205 513
f 1123 514 1206
f 1123 1206 65
f 515 1207 641
f 1597 1510 641
f 207 1208 1607
f 1208 515 642
f 1209 643 516
f 1599 1508 643
f 169 1210 1605
f 1210 516 644
f 642 515 1211
f 642 1598 1509
f 1212 1603 205
f 515 641 1212
f 644 516 1213
f 1600 1507 644
f 1601 172 1214
f 643 1214 516
f 167 1215 1288
f 1215 139 140
f 219 218 1216
f 219 1216 1287
f 109 1217 108
f 1217 1286 108
f 233 1218 1285
f 1218 224 223
f 11 10 1219
f 11 1219 1284
f 52 1220 1283
f 1220 16 15
f 1282 56 1221
f 39 1221 40
f 35 34 1222
f 35 1222 1281
f 81 2070 2036
f 517 784 1223
f 781 517 1224
f 781 2067 2042
f 50 2063 2046
f 1225 517 781
f 517 1226 784
f 784 2066 2043
f 2068 2040 165
f 518 782 1227
f 783 518 1228
f 2038 783 2069
f 2044 69 2065
f 1229 518 783
f 518 1230 782
f 2064 2045 782
f 1231 1294 158
f 156 157 1231
f 1232 78 79
f 1293 78 1232
f 1233 1292 74
f 72 73 1233
f 1234 162 163
f 1291 162 1234
f 1235 1390 236
f 210 209 1235
f 1236 221 232
f 1389 221 1236
f 1237 1388 55
f 26 25 1237
f 1238 13 24
f 1387 13 1238
f 1239 615 300
f 1532 615 1239
f 1240 1531 151
f 301 616 1240
f 103 1241 1530
f 1241 299 614
f 298 1242 613
f 1242 1529 613
f 278 1298 1249
f 528 532 1243
f 527 1244 537
f 1303 1247 537
f 159 1245 1306
f 1245 519 560
f 1246 559 520
f 1305 559 1246
f 280 283 1247
f 280 1247 1303
f 1248 1300 535
f 282 281 1248
f 1298 532 1249
f 278 1249 285
f 1250 279 284
f 1295 279 1250
f 521 1251 1358
f 1251 337 338
f 334 333 1252
f 334 1252 1355
f 1253 540 526
f 1353 540 1253
f 548 524 1254
f 548 1254 1352
f 279 1327 1326
f 1255 525 545
f 273 1256 1350
f 1256 523 550
f 274 1257 1349
f 1257 521 558
f 1258 555 522
f 1346 555 1347
f 1259 281 282
f 1346 281 1259
f 555 1335 1334
f 338 337 1260
f 1340 553 1261
f 280 1261 283
f 336 335 1262
f 1263 336 1336
f 1263 337 336
f 1334 337 1263
f 337 1264 336
f 1330 1329 336
f 523 1265 1329
f 1265 335 336
f 1266 1326 546
f 284 279 1266
f 1267 333 334
f 1315 1314 333
f 278 285 1268
f 278 1268 1320
f 1270 542 1316
f 332 1269 331
f 525 1270 1314
f 1270 332 333
f 540 1310 1309
f 333 332 1271
f 1272 332 331
f 1309 332 1272
f 519 1273 1378
f 1273 326 328
f 1274 330 325
f 1375 330 1274
f 1275 1373 327
f 496 561 1275
f 495 1276 562
f 1276 1371 562
f 1280 326 1363
f 1277 528 529
f 1278 534 527
f 1279 534 1367
f 330 1279 325
f 1279 1367 325
f 1280 1363 529
f 328 326 1280
f 1281 36 35
f 1425 1388 36
f 1282 805 56
f 39 805 1282
f 1426 1387 52
f 1283 15 14
f 808 11 1284
f 808 1284 51
f 1424 1389 233
f 1285 223 222
f 108 1286 806
f 1286 68 806
f 1287 220 219
f 1423 1390 220
f 1288 807 167
f 140 807 1288
f 886 827 1289
f 886 1289 75
f 885 76 1290
f 885 1290 828
f 1291 1976 162
f 1975 765 1291
f 1974 74 1292
f 765 1292 1973
f 1293 1972 78
f 1971 766 1293
f 1970 158 1294
f 766 1294 1969
f 1295 1296 279
f 530 529 1295
f 1296 1142 279
f 529 1142 1296
f 578 531 1297
f 578 1297 1398
f 1243 532 1298
f 1243 1298 278
f 1299 1397 285
f 533 577 1299
f 535 1300 534
f 1300 1301 534
f 534 1301 1141
f 1301 281 1141
f 282 1302 1396
f 1302 536 576
f 1244 280 1303
f 1244 1303 537
f 538 1304 575
f 1304 1395 575
f 566 559 1305
f 566 1305 1394
f 159 1306 1393
f 1306 560 565
f 1307 1392 75
f 562 563 1307
f 561 1308 564
f 1308 1391 564
f 1310 332 1309
f 540 1309 526
f 1271 332 1310
f 1271 1310 540
f 1311 1312 539
f 331 342 1311
f 539 1312 574
f 1312 1414 574
f 333 1313 1252
f 1313 541 1252
f 545 525 1314
f 545 1314 1315
f 545 1315 1267
f 1315 333 1267
f 332 1316 1269
f 1316 542 1269
f 1317 1318 331
f 543 544 1317
f 331 1318 342
f 1318 1319 342
f 1319 1413 342
f 544 573 1319
f 1321 278 1320
f 542 1320 543
f 1146 278 1321
f 1146 1321 542
f 544 1322 573
f 1322 1412 573
f 547 546 1323
f 547 1323 1324
f 547 1324 1325
f 1324 334 341
f 572 547 1325
f 572 1325 1411
f 1326 545 546
f 1327 545 1326
f 1327 1255 545
f 279 1255 1327
f 284 1328 1410
f 1328 547 572
f 550 523 1329
f 550 1329 1330
f 1264 550 1330
f 1264 1330 336
f 335 1331 340
f 1331 1332 340
f 1332 1409 340
f 549 570 1332
f 1251 551 1333
f 1251 1333 337
f 1335 337 1334
f 555 1334 522
f 1260 337 1335
f 1260 1335 555
f 1336 1262 552
f 336 1262 1336
f 553 1337 554
f 1337 1338 554
f 1338 1339 554
f 335 340 1338
f 554 1339 569
f 1339 1408 569
f 552 553 1340
f 552 1340 1341
f 1143 552 1341
f 1143 1341 280
f 1342 1407 283
f 554 569 1342
f 338 1343 1344
f 1343 556 557
f 339 338 1344
f 339 1344 1345
f 339 1345 1406
f 1345 557 568
f 1346 1347 281
f 556 555 1346
f 281 1347 1258
f 1347 555 1258
f 568 557 1348
f 568 1348 1405
f 274 1349 1404
f 1349 558 567
f 1351 273 1350
f 551 1350 550
f 1144 273 1351
f 1144 1351 551
f 571 548 1352
f 571 1352 1403
f 541 540 1353
f 541 1353 1354
f 541 1354 1147
f 1354 273 1147
f 334 1355 1356
f 1355 524 548
f 341 334 1356
f 341 1356 1357
f 341 1357 1402
f 1357 548 571
f 558 521 1358
f 558 1358 1359
f 558 1359 1360
f 1359 338 339
f 567 558 1360
f 567 1360 1401
f 1361 1400 275
f 539 574 1361
f 549 1362 570
f 1362 1399 570
f 1363 1277 529
f 326 1277 1363
f 328 1364 1365
f 1364 530 531
f 345 328 1365
f 345 1365 1366
f 345 1366 1422
f 1366 531 578
f 325 1367 1278
f 1367 534 1278
f 536 535 1368
f 536 1368 1369
f 536 1369 1370
f 1369 330 343
f 576 536 1370
f 576 1370 1421
f 1371 1372 562
f 329 344 1371
f 562 1372 563
f 1372 1420 563
f 327 1373 346
f 1373 1374 346
f 1374 1419 346
f 561 564 1374
f 1376 330 1375
f 559 1375 520
f 343 330 1376
f 343 1376 1377
f 343 1377 1418
f 1377 559 566
f 560 519 1378
f 560 1378 1379
f 560 1379 1380
f 1379 328 345
f 565 560 1380
f 565 1380 1417
f 532 1381 533
f 1381 1382 533
f 1382 1383 533
f 327 346 1382
f 533 1383 577
f 1383 1416 577
f 1384 1385 329
f 537 538 1384
f 329 1385 344
f 1385 1386 344
f 1386 1415 344
f 538 575 1386
f 14 13 1387
f 14 1387 1426
f 55 1388 1425
f 1388 25 36
f 222 221 1389
f 222 1389 1424
f 236 1390 1423
f 1390 209 220
f 911 564 1391
f 911 1391 76
f 838 75 1392
f 838 1392 563
f 1393 912 159
f 565 912 1393
f 1394 837 566
f 160 837 1394
f 915 575 1395
f 915 1395 283
f 1396 916 282
f 576 916 1396
f 796 285 1397
f 796 1397 577
f 1398 795 578
f 284 795 1398
f 929 570 1399
f 929 1399 275
f 789 275 1400
f 789 1400 574
f 1401 436 567
f 339 436 1401
f 1402 1986 341
f 571 396 1402
f 1403 790 571
f 274 790 1403
f 1404 930 274
f 567 930 1404
f 1405 792 568
f 282 792 1405
f 1406 1985 339
f 568 277 1406
f 791 283 1407
f 791 1407 569
f 276 569 1408
f 276 1408 1984
f 434 340 1409
f 434 1409 570
f 1410 1990 284
f 572 768 1410
f 1411 1983 572
f 341 956 1411
f 767 573 1412
f 767 1412 1989
f 955 342 1413
f 955 1413 1982
f 395 574 1414
f 395 1414 1981
f 292 344 1415
f 292 1415 575
f 300 577 1416
f 300 1416 1978
f 1417 432 565
f 345 432 1417
f 1418 414 343
f 566 414 1418
f 431 346 1419
f 431 1419 564
f 413 563 1420
f 413 1420 344
f 1421 293 576
f 343 293 1421
f 1422 1977 345
f 578 301 1422
f 236 1423 1287
f 1423 220 1287
f 1424 1285 222
f 233 1285 1424
f 55 1425 1281
f 1425 36 1281
f 1426 1283 14
f 52 1283 1426
f 888 64 1427
f 888 1427 797
f 887 798 1428
f 887 1428 65
f 159 1429 1446
f 1429 579 586
f 580 1430 585
f 1430 1445 585
f 1431 583 582
f 1444 583 1431
f 1443 75 1432
f 584 1432 581
f 301 1433 616
f 1433 1528 616
f 1527 348 1434
f 615 1434 300
f 614 299 1435
f 614 1435 1526
f 1436 1525 350
f 298 613 1436
f 582 1437 429
f 1437 121 429
f 103 1438 430
f 1438 581 430
f 1439 431 580
f 85 431 1439
f 1440 432 151
f 579 432 1440
f 1108 296 1441
f 1108 1441 489
f 1107 490 1442
f 1107 1442 297
f 1456 75 1443
f 589 1443 584
f 1444 590 583
f 1455 590 1444
f 585 1445 588
f 1445 1454 588
f 1446 1453 159
f 586 587 1446
f 1447 1488 152
f 586 579 1447
f 580 585 1448
f 580 1448 1487
f 104 1449 1486
f 1449 584 581
f 583 1450 582
f 1450 1485 582
f 55 1451 52
f 1451 50 52
f 236 1452 233
f 1452 69 233
f 159 1453 1476
f 1453 1514 598
f 588 1454 1513
f 1454 1475 597
f 1512 590 1455
f 595 1455 1474
f 1456 1473 75
f 1511 596 1456
f 1464 153 1457
f 586 1457 587
f 585 588 1458
f 585 1458 1463
f 105 1459 1462
f 1459 589 584
f 590 1460 583
f 1460 1461 583
f 583 1461 1450
f 1461 119 1450
f 105 1462 1449
f 1462 584 1449
f 1448 585 1463
f 1448 1463 83
f 1447 153 1464
f 1447 1464 586
f 397 594 1465
f 397 1465 56
f 398 68 1466
f 398 1466 593
f 399 592 1467
f 399 1467 167
f 1468 400 51
f 591 400 1468
f 788 605 1469
f 788 1469 590
f 1470 787 589
f 606 787 1470
f 607 1471 786
f 1471 588 786
f 587 1472 785
f 1472 608 785
f 1473 208 75
f 1509 208 1590
f 595 1474 604
f 1474 1506 604
f 597 1475 602
f 1475 1505 602
f 159 1476 170
f 1592 1507 170
f 161 1477 206
f 1589 1510 206
f 1478 603 596
f 1504 603 1478
f 77 1479 171
f 1591 1508 171
f 598 1480 601
f 1480 1503 601
f 155 1481 2041
f 1481 591 772
f 592 1482 771
f 1482 2039 771
f 1483 2037 71
f 593 770 1483
f 1484 769 594
f 2035 769 1484
f 582 1485 1437
f 1485 120 1437
f 104 1486 1438
f 1486 581 1438
f 1439 580 1487
f 1439 1487 84
f 1488 1440 152
f 579 1440 1488
f 1489 511 599
f 317 511 1489
f 316 1490 509
f 1490 600 509
f 488 599 1491
f 488 1491 62
f 487 61 1492
f 487 1492 600
f 1108 489 1493
f 1108 1493 323
f 1107 321 1494
f 1107 1494 490
f 2017 238 1495
f 234 1495 235
f 2015 59 1496
f 53 1496 54
f 204 1497 201
f 1497 81 201
f 272 1498 269
f 1498 165 269
f 268 1499 265
f 1499 73 265
f 200 1500 197
f 1500 157 197
f 64 1501 60
f 1501 58 60
f 237 1502 240
f 1502 65 240
f 1605 601 1942
f 1503 158 169
f 1941 1607 603
f 207 1504 74
f 1601 602 1944
f 1505 76 172
f 1603 604 1943
f 1506 160 205
f 598 601 1507
f 598 1507 1592
f 597 602 1508
f 597 1508 1591
f 603 1509 596
f 1509 1590 596
f 595 604 1510
f 595 1510 1589
f 1511 787 596
f 589 787 1511
f 788 590 1512
f 788 1512 595
f 588 1513 786
f 1513 597 786
f 598 1514 785
f 1514 587 785
f 1515 620 605
f 1544 620 1515
f 1543 74 1516
f 619 1516 606
f 607 1517 618
f 1517 1542 618
f 1518 1541 158
f 608 617 1518
f 1519 118 119
f 1545 118 1644
f 1643 1546 606
f 94 1520 105
f 83 1521 82
f 1642 1547 82
f 608 1641 1548
f 153 142 1522
f 2073 239 1523
f 240 1523 237
f 2071 57 1524
f 58 1524 60
f 350 1525 1656
f 1525 613 661
f 614 1526 662
f 1526 1655 662
f 1654 348 1527
f 663 1527 615
f 1528 664 616
f 1653 664 1528
f 1649 613 1940
f 1529 121 122
f 103 1530 102
f 1939 1650 102
f 1531 150 151
f 1652 150 1937
f 1938 1651 615
f 86 1532 85
f 1560 46 1533
f 627 1533 610
f 1534 628 609
f 1559 628 1534
f 611 1535 626
f 1535 1558 626
f 133 1536 1557
f 1536 612 625
f 437 350 1537
f 437 1537 612
f 1538 438 611
f 349 438 1538
f 348 1539 439
f 1539 610 439
f 440 609 1540
f 440 1540 347
f 158 1541 1552
f 1541 617 624
f 618 1542 623
f 1542 1551 623
f 1550 74 1543
f 622 1543 619
f 621 620 1544
f 621 1544 1549
f 620 1545 605
f 1545 1644 605
f 94 1546 1643
f 1546 619 606
f 607 618 1547
f 607 1547 1642
f 1641 142 1548
f 608 1548 617
f 1234 621 1549
f 1234 1549 161
f 1550 1233 74
f 622 1233 1550
f 623 1551 1232
f 1551 77 1232
f 158 1552 1231
f 1552 624 1231
f 1553 1596 143
f 624 617 1553
f 618 623 1554
f 618 1554 1595
f 95 1555 1594
f 1555 622 619
f 1556 620 621
f 1593 620 1556
f 133 1557 1628
f 1557 625 656
f 626 1558 655
f 1558 1627 655
f 1559 653 628
f 1626 653 1559
f 1625 46 1560
f 654 1560 627
f 636 1661 1620
f 358 359 1561
f 357 1562 360
f 1662 1619 360
f 1663 1618 634
f 361 1563 356
f 1564 362 355
f 1617 362 1664
f 1565 12 11
f 1657 12 1932
f 1931 1658 630
f 141 1566 140
f 108 1567 107
f 1930 1659 107
f 632 1929 1660
f 39 38 1568
f 354 1569 347
f 1748 1653 347
f 1654 638 1747
f 1570 353 348
f 349 352 1571
f 349 1746 1655
f 640 1745 1656
f 351 350 1572
f 1573 397 632
f 358 397 1573
f 1574 398 357
f 631 398 1574
f 630 1575 399
f 1575 356 399
f 355 1576 400
f 1576 629 400
f 1577 149 150
f 1676 149 1933
f 1934 1675 638
f 87 1578 86
f 102 1579 101
f 1935 1674 101
f 1673 640 1936
f 1580 122 123
f 145 1581 155
f 1581 633 155
f 634 1582 164
f 1582 127 164
f 1583 71 97
f 635 71 1583
f 1584 80 636
f 91 80 1584
f 628 1585 609
f 1585 1648 609
f 353 1586 1647
f 1586 627 610
f 611 626 1587
f 611 1587 1646
f 1588 1645 351
f 625 612 1588
f 1477 595 1589
f 1477 1589 206
f 596 1590 1473
f 1590 208 1473
f 1479 597 1591
f 1479 1591 171
f 1476 598 1592
f 1476 1592 170
f 1593 1545 620
f 129 1545 1593
f 95 1594 1546
f 1594 619 1546
f 1547 618 1595
f 1547 1595 93
f 1596 1548 143
f 617 1548 1596
f 1207 206 1597
f 1207 1597 641
f 1598 1211 208
f 642 1211 1598
f 171 1599 1209
f 1599 643 1209
f 1600 1213 170
f 644 1213 1600
f 1601 1944 172
f 643 602 1601
f 516 1602 1213
f 1602 1095 1213
f 1603 1943 205
f 641 604 1603
f 1211 515 1604
f 1211 1604 1096
f 1605 1942 169
f 644 601 1605
f 1209 516 1606
f 1209 1606 1097
f 207 1607 1941
f 1607 642 603
f 1608 1207 515
f 1098 1207 1608
f 1660 38 1609
f 668 1609 645
f 667 646 1610
f 667 1610 1659
f 141 1611 1658
f 1611 647 666
f 648 1612 665
f 1612 1657 665
f 91 1613 90
f 2030 1899 90
f 1900 650 2029
f 1614 97 98
f 1615 126 127
f 1901 126 2028
f 2027 1902 652
f 146 1616 145
f 652 1617 633
f 1617 1664 633
f 361 1618 1663
f 1618 651 634
f 635 650 1619
f 635 1619 1662
f 1661 359 1620
f 636 1620 649
f 1898 1689 648
f 367 1621 362
f 1622 368 361
f 1690 368 1897
f 1691 646 1896
f 1623 360 369
f 359 1624 370
f 1895 1692 370
f 1625 47 46
f 1907 47 2034
f 2031 1910 653
f 3 1626 4
f 1908 655 2033
f 1627 115 116
f 133 1628 132
f 2032 1909 132
f 657 1629 672
f 1629 1676 672
f 87 1630 1675
f 1630 658 671
f 670 659 1631
f 670 1631 1674
f 1632 1673 123
f 660 669 1632
f 653 1633 628
f 1633 1672 628
f 1634 1671 366
f 656 625 1634
f 626 655 1635
f 626 1635 1670
f 364 1636 1669
f 1636 654 627
f 366 1637 371
f 1913 1706 371
f 1707 659 1912
f 1638 365 372
f 1639 373 364
f 1708 373 1911
f 1914 1705 657
f 374 1640 363
f 1522 142 1641
f 1522 1641 608
f 1521 607 1642
f 1521 1642 82
f 94 1643 1520
f 1643 606 1520
f 605 1644 1519
f 1644 118 1519
f 1645 1537 351
f 612 1537 1645
f 1538 611 1646
f 1538 1646 352
f 353 1647 1539
f 1647 610 1539
f 609 1648 1540
f 1648 354 1540
f 1649 1940 122
f 661 613 1649
f 614 662 1650
f 614 1650 1939
f 86 1651 1938
f 1651 663 615
f 664 1652 616
f 1652 1937 616
f 637 664 1653
f 637 1653 1748
f 1654 1747 348
f 663 638 1654
f 1655 639 662
f 1746 639 1655
f 1745 350 1656
f 640 1656 661
f 665 1657 629
f 1657 1932 629
f 141 1658 1931
f 1658 666 630
f 631 667 1659
f 631 1659 1930
f 1929 38 1660
f 632 1660 668
f 1561 359 1661
f 1561 1661 636
f 1562 635 1662
f 1562 1662 360
f 361 1663 1563
f 1663 634 1563
f 633 1664 1564
f 1664 362 1564
f 648 665 1665
f 648 1665 1786
f 1666 1785 356
f 666 647 1666
f 1667 646 667
f 1784 646 1667
f 358 1668 1783
f 1668 668 645
f 364 1669 1586
f 1669 627 1586
f 1587 626 1670
f 1587 1670 365
f 1671 1588 366
f 625 1588 1671
f 628 1672 1585
f 1672 363 1585
f 1673 1936 123
f 669 640 1673
f 639 670 1674
f 639 1674 1935
f 87 1675 1934
f 1675 671 638
f 672 1676 637
f 1676 1933 637
f 1790 351 1677
f 660 1677 669
f 1678 659 670
f 1789 659 1678
f 1679 1788 353
f 671 658 1679
f 657 672 1680
f 657 1680 1787
f 1681 1 12
f 1834 1 1923
f 1924 1833 674
f 130 1682 141
f 1683 106 107
f 1832 106 1925
f 676 1926 1831
f 38 37 1684
f 1685 716 677
f 1768 1725 716
f 1726 126 1767
f 715 1686 678
f 1687 714 679
f 1766 1727 714
f 90 1765 1728
f 680 713 1688
f 367 1689 1898
f 1689 673 648
f 674 1690 647
f 1690 1897 647
f 1691 1896 369
f 675 646 1691
f 645 676 1692
f 645 1692 1895
f 680 1827 1780
f 370 387 1693
f 1694 388 369
f 1779 388 1828
f 1829 1778 678
f 389 1695 368
f 1696 390 367
f 1777 390 1830
f 1825 681 1920
f 1697 123 124
f 101 1698 100
f 1921 1824 100
f 1922 1823 683
f 88 1699 87
f 1700 148 149
f 1826 148 1919
f 1701 708 685
f 1752 1733 708
f 132 1751 1734
f 1702 686 707
f 687 1703 706
f 706 1750 1735
f 1736 47 1749
f 705 1704 688
f 374 1705 1914
f 1705 684 657
f 660 681 1706
f 660 1706 1913
f 1707 1912 372
f 682 659 1707
f 683 1708 658
f 1708 1911 658
f 1819 1764 688
f 383 1709 373
f 372 1710 384
f 1820 1763 384
f 1762 686 1821
f 1711 371 385
f 1712 386 374
f 1761 386 1822
f 1810 689 1891
f 1713 2 1
f 131 1714 130
f 1892 1809 130
f 1808 691 1893
f 1715 117 106
f 1716 37 48
f 1807 37 1894
f 1717 387 378
f 1780 387 1803
f 1779 695 1804
f 1718 377 388
f 376 1719 389
f 1805 1778 389
f 1777 693 1806
f 1720 375 390
f 1964 1843 689
f 394 1721 375
f 1722 393 376
f 1844 393 1963
f 1962 1845 691
f 392 1723 377
f 378 1724 391
f 1961 1846 391
f 2026 1957 693
f 147 1725 146
f 1726 125 126
f 1958 125 2025
f 2024 1959 695
f 99 1727 98
f 90 1728 89
f 2023 1960 89
f 1802 697 1887
f 1729 147 148
f 1730 124 125
f 1801 124 1888
f 1889 1800 699
f 100 1731 99
f 89 1732 88
f 1890 1799 88
f 2022 1949 701
f 2 1733 3
f 132 1734 131
f 2021 1950 131
f 1951 703 2020
f 1735 116 117
f 1736 48 47
f 1952 48 2019
f 382 1737 383
f 1795 1764 383
f 1796 1763 703
f 384 1738 381
f 1739 385 380
f 1762 385 1797
f 1761 701 1798
f 1740 379 386
f 1956 1839 697
f 394 1741 379
f 380 1742 393
f 1955 1840 393
f 1841 699 1954
f 1743 381 392
f 1744 391 382
f 1842 391 1953
f 1572 350 1745
f 1572 1745 640
f 1746 1571 639
f 349 1571 1746
f 1747 1570 348
f 638 1570 1747
f 1569 637 1748
f 1569 1748 347
f 705 1749 1704
f 1749 47 1704
f 1703 116 1750
f 1703 1750 706
f 1751 1702 707
f 132 1702 1751
f 3 1752 1701
f 1752 708 1701
f 1753 1802 148
f 709 724 1753
f 710 1754 723
f 1754 1801 723
f 100 1755 1800
f 1755 711 722
f 721 712 1756
f 721 1756 1799
f 1815 712 1882
f 1757 383 373
f 372 384 1758
f 372 1881 1816
f 710 1880 1817
f 385 371 1759
f 386 1760 374
f 1879 1818 374
f 1761 1798 386
f 708 701 1761
f 707 1762 702
f 1762 1797 702
f 384 1763 1796
f 1763 706 703
f 704 705 1764
f 704 1764 1795
f 1688 713 1765
f 1688 1765 90
f 98 1766 1687
f 1766 714 1687
f 715 1767 1686
f 1767 126 1686
f 146 1768 1685
f 1768 716 1685
f 1769 1810 1
f 717 728 1769
f 727 718 1770
f 727 1770 1809
f 1771 1808 106
f 719 726 1771
f 720 1772 725
f 1772 1807 725
f 1886 1835 720
f 370 1773 387
f 388 1774 369
f 1885 1836 369
f 1837 718 1884
f 1775 389 368
f 390 1776 367
f 1883 1838 367
f 1777 1806 390
f 716 693 1777
f 694 715 1778
f 694 1778 1805
f 1779 1804 388
f 714 695 1779
f 713 1780 696
f 1780 1803 696
f 799 1781 274
f 1996 1987 274
f 1988 290 1995
f 1782 800 275
f 358 1783 1624
f 1783 645 1624
f 1784 1623 646
f 357 1623 1784
f 1785 1622 356
f 647 1622 1785
f 1621 648 1786
f 1621 1786 355
f 1640 657 1787
f 1640 1787 354
f 1788 1639 353
f 658 1639 1788
f 1789 1638 659
f 352 1638 1789
f 1637 351 1790
f 1637 1790 660
f 1791 712 721
f 1874 712 1791
f 1792 1873 381
f 722 711 1792
f 710 723 1793
f 710 1793 1872
f 1871 379 1794
f 709 1794 724
f 1737 704 1795
f 1737 1795 383
f 384 1796 1738
f 1796 703 1738
f 702 1797 1739
f 1797 385 1739
f 1798 1740 386
f 701 1740 1798
f 700 721 1799
f 700 1799 1890
f 100 1800 1889
f 1800 722 699
f 723 1801 698
f 1801 1888 698
f 1802 1887 148
f 724 697 1802
f 696 1803 1717
f 1803 387 1717
f 1804 1718 388
f 695 1718 1804
f 1719 694 1805
f 1719 1805 389
f 1806 1720 390
f 693 1720 1806
f 725 1807 692
f 1807 1894 692
f 1808 1893 106
f 726 691 1808
f 690 727 1809
f 690 1809 1892
f 1810 1891 1
f 728 689 1810
f 720 725 1811
f 720 1811 1878
f 1877 377 1812
f 719 1812 726
f 1813 718 727
f 1876 718 1813
f 1875 375 1814
f 717 1814 728
f 1815 1882 373
f 729 712 1815
f 1816 711 730
f 1881 711 1816
f 1880 371 1817
f 710 1817 731
f 709 732 1818
f 709 1818 1879
f 383 1819 1709
f 1819 688 1709
f 1710 687 1820
f 1710 1820 384
f 1821 1711 385
f 686 1711 1821
f 685 1822 1712
f 1822 386 1712
f 88 1823 1922
f 1823 729 683
f 682 730 1824
f 682 1824 1921
f 1825 1920 124
f 731 681 1825
f 732 1826 684
f 1826 1919 684
f 1693 387 1827
f 1693 1827 680
f 679 1828 1694
f 1828 388 1694
f 389 1829 1695
f 1829 678 1695
f 677 1830 1696
f 1830 390 1696
f 1926 37 1831
f 676 1831 733
f 734 1832 675
f 1832 1925 675
f 130 1833 1924
f 1833 735 674
f 736 1834 673
f 1834 1923 673
f 370 1835 1886
f 1835 733 720
f 719 734 1836
f 719 1836 1885
f 1837 1884 368
f 735 718 1837
f 717 736 1838
f 717 1838 1883
f 394 1839 1956
f 1839 744 697
f 698 743 1840
f 698 1840 1955
f 1841 1954 392
f 742 699 1841
f 741 1842 700
f 1842 1953 700
f 394 1843 1964
f 1843 740 689
f 739 1844 690
f 1844 1963 690
f 392 1845 1962
f 1845 738 691
f 692 737 1846
f 692 1846 1961
f 737 1847 760
f 1847 1952 760
f 1848 1951 117
f 738 759 1848
f 758 739 1849
f 758 1849 1950
f 2 1850 1949
f 1850 740 757
f 764 741 1851
f 764 1851 1960
f 99 1852 1959
f 1852 742 763
f 743 1853 762
f 1853 1958 762
f 147 1854 1957
f 1854 744 761
f 240 168 1855
f 240 1855 1856
f 240 1856 2053
f 1856 745 779
f 1858 746 1857
f 237 1857 67
f 777 746 1858
f 777 1858 2051
f 1860 747 1859
f 60 1859 62
f 775 747 1860
f 775 1860 2049
f 58 61 1861
f 58 1861 1862
f 58 1862 2047
f 1862 748 773
f 1864 745 1863
f 236 1863 167
f 779 745 1864
f 779 1864 2061
f 233 68 1865
f 233 1865 1866
f 233 1866 2059
f 1866 746 777
f 52 51 1867
f 52 1867 1868
f 52 1868 2057
f 1868 747 775
f 1870 748 1869
f 55 1869 56
f 773 748 1870
f 773 1870 2055
f 1760 379 1871
f 1760 1871 709
f 1759 710 1872
f 1759 1872 380
f 1873 1758 381
f 711 1758 1873
f 1874 1757 712
f 382 1757 1874
f 1776 375 1875
f 1776 1875 717
f 1876 1775 718
f 376 1775 1876
f 1774 377 1877
f 1774 1877 719
f 1773 720 1878
f 1773 1878 378
f 1760 709 1879
f 1760 1879 374
f 1759 371 1880
f 1759 1880 710
f 1881 1758 711
f 372 1758 1881
f 1882 1757 373
f 712 1757 1882
f 1776 717 1883
f 1776 1883 367
f 1884 1775 368
f 718 1775 1884
f 1774 719 1885
f 1774 1885 369
f 370 1886 1773
f 1886 720 1773
f 1887 1729 148
f 697 1729 1887
f 698 1888 1730
f 1888 124 1730
f 100 1889 1731
f 1889 699 1731
f 1732 700 1890
f 1732 1890 88
f 1891 1713 1
f 689 1713 1891
f 1714 690 1892
f 1714 1892 130
f 1893 1715 106
f 691 1715 1893
f 692 1894 1716
f 1894 37 1716
f 1624 645 1895
f 1624 1895 370
f 1896 1623 369
f 646 1623 1896
f 647 1897 1622
f 1897 368 1622
f 367 1898 1621
f 1898 648 1621
f 649 749 1899
f 649 1899 2030
f 1900 2029 98
f 750 650 1900
f 751 1901 651
f 1901 2028 651
f 146 1902 2027
f 1902 752 652
f 1903 680 749
f 2002 680 1903
f 2001 360 1904
f 679 1904 750
f 678 751 1905
f 678 1905 2000
f 1906 1999 362
f 752 677 1906
f 753 1907 654
f 1907 2034 654
f 1908 2033 116
f 754 655 1908
f 656 755 1909
f 656 1909 2032
f 3 1910 2031
f 1910 756 653
f 658 1911 1639
f 1911 373 1639
f 1912 1638 372
f 659 1638 1912
f 1637 660 1913
f 1637 1913 371
f 374 1914 1640
f 1914 657 1640
f 688 753 1915
f 688 1915 2006
f 2005 365 1916
f 687 1916 754
f 1917 686 755
f 2004 686 1917
f 1918 2003 363
f 756 685 1918
f 684 1919 1700
f 1919 148 1700
f 1920 1697 124
f 681 1697 1920
f 1698 682 1921
f 1698 1921 100
f 88 1922 1699
f 1922 683 1699
f 673 1923 1681
f 1923 1 1681
f 130 1924 1682
f 1924 674 1682
f 675 1925 1683
f 1925 106 1683
f 1684 37 1926
f 1684 1926 676
f 1927 881 168
f 427 881 1927
f 428 1928 882
f 1928 67 882
f 1568 38 1929
f 1568 1929 632
f 1567 631 1930
f 1567 1930 107
f 141 1931 1566
f 1931 630 1566
f 629 1932 1565
f 1932 12 1565
f 637 1933 1577
f 1933 149 1577
f 87 1934 1578
f 1934 638 1578
f 1579 639 1935
f 1579 1935 101
f 1936 1580 123
f 640 1580 1936
f 616 1937 1531
f 1937 150 1531
f 86 1938 1532
f 1938 615 1532
f 1530 614 1939
f 1530 1939 102
f 1940 1529 122
f 613 1529 1940
f 207 1941 1504
f 1941 603 1504
f 1942 1503 169
f 601 1503 1942
f 1943 1506 205
f 604 1506 1943
f 1944 1505 172
f 602 1505 1944
f 1945 2010 379
f 757 740 1945
f 1946 739 758
f 2009 739 1946
f 2008 381 1947
f 738 1947 759
f 737 760 1948
f 737 1948 2007
f 2 1949 2022
f 1949 757 701
f 702 758 1950
f 702 1950 2021
f 1951 2020 117
f 759 703 1951
f 760 1952 704
f 1952 2019 704
f 700 1953 1744
f 1953 391 1744
f 1954 1743 392
f 699 1743 1954
f 1742 698 1955
f 1742 1955 393
f 394 1956 1741
f 1956 697 1741
f 147 1957 2026
f 1957 761 693
f 762 1958 694
f 1958 2025 694
f 99 1959 2024
f 1959 763 695
f 696 764 1960
f 696 1960 2023
f 1724 692 1961
f 1724 1961 391
f 392 1962 1723
f 1962 691 1723
f 690 1963 1722
f 1963 393 1722
f 394 1964 1721
f 1964 689 1721
f 1965 2014 375
f 761 744 1965
f 743 762 1966
f 743 1966 2013
f 1967 2012 377
f 763 742 1967
f 1968 741 764
f 2011 741 1968
f 890 766 1969
f 890 1969 157
f 889 158 1970
f 889 1970 766
f 1971 889 766
f 77 889 1971
f 78 1972 890
f 1972 766 890
f 892 765 1973
f 892 1973 73
f 891 74 1974
f 891 1974 765
f 1975 891 765
f 161 891 1975
f 162 1976 892
f 1976 765 892
f 345 1977 937
f 1977 301 937
f 300 1978 938
f 1978 346 938
f 46 1979 918
f 1979 767 918
f 768 1980 917
f 1980 4 917
f 794 395 1981
f 794 1981 1998
f 1122 955 1982
f 1122 1982 573
f 1983 1121 572
f 956 1121 1983
f 276 1984 922
f 1984 340 922
f 339 1985 924
f 1985 277 924
f 1986 1997 341
f 396 793 1986
f 291 1987 1996
f 1987 790 274
f 789 1988 275
f 1988 1995 275
f 767 1989 439
f 439 1993 1992
f 284 1994 1991
f 1990 768 440
f 1994 440 1991
f 284 1991 795
f 1992 285 796
f 1993 285 1992
f 1989 285 1993
f 1989 1993 439
f 1994 1990 440
f 284 1990 1994
f 1995 1782 275
f 290 1782 1995
f 1781 291 1996
f 1781 1996 274
f 1997 956 341
f 793 956 1997
f 955 794 1998
f 955 1998 342
f 1999 1696 362
f 677 1696 1999
f 1695 678 2000
f 1695 2000 361
f 1694 360 2001
f 1694 2001 679
f 2002 1693 680
f 359 1693 2002
f 2003 1712 363
f 685 1712 2003
f 2004 1711 686
f 366 1711 2004
f 1710 365 2005
f 1710 2005 687
f 1709 688 2006
f 1709 2006 364
f 1846 737 2007
f 1846 2007 382
f 1845 381 2008
f 1845 2008 738
f 2009 1844 739
f 380 1844 2009
f 2010 1843 379
f 740 1843 2010
f 2011 1842 741
f 378 1842 2011
f 2012 1841 377
f 742 1841 2012
f 1840 743 2013
f 1840 2013 376
f 2014 1839 375
f 744 1839 2014
f 2015 22 59
f 53 22 2015
f 2016 28 54
f 57 28 2016
f 2017 230 238
f 234 230 2017
f 2018 212 235
f 239 212 2018
f 704 2019 1736
f 2019 48 1736
f 2020 1735 117
f 703 1735 2020
f 1734 702 2021
f 1734 2021 131
f 2 2022 1733
f 2022 701 1733
f 1728 696 2023
f 1728 2023 89
f 99 2024 1727
f 2024 695 1727
f 694 2025 1726
f 2025 125 1726
f 147 2026 1725
f 2026 693 1725
f 146 2027 1616
f 2027 652 1616
f 651 2028 1615
f 2028 126 1615
f 2029 1614 98
f 650 1614 2029
f 1613 649 2030
f 1613 2030 90
f 3 2031 1626
f 2031 653 1626
f 1628 656 2032
f 1628 2032 132
f 2033 1627 116
f 655 1627 2033
f 654 2034 1625
f 2034 47 1625
f 2036 769 2035
f 81 2035 80
f 2036 784 769
f 2070 784 2036
f 71 2037 70
f 2037 2038 70
f 2038 2069 70
f 770 783 2038
f 771 2039 2040
f 2039 164 165
f 782 771 2040
f 782 2040 2068
f 2041 154 155
f 2042 154 2041
f 2067 154 2042
f 781 2042 772
f 769 2043 594
f 2043 49 594
f 593 69 2044
f 593 2044 770
f 592 771 2045
f 592 2045 166
f 2046 591 50
f 772 591 2046
f 2047 34 58
f 773 34 2047
f 40 774 2048
f 40 2048 61
f 2049 16 775
f 60 16 2049
f 2050 10 62
f 776 10 2050
f 2051 224 777
f 237 224 2051
f 109 67 2052
f 109 2052 778
f 2053 218 240
f 779 218 2053
f 2054 139 780
f 168 139 2054
f 2055 1222 773
f 55 1222 2055
f 1221 56 2056
f 1221 2056 774
f 2057 1220 52
f 775 1220 2057
f 2058 1219 776
f 51 1219 2058
f 2059 1218 233
f 777 1218 2059
f 1217 778 2060
f 1217 2060 68
f 2061 1216 779
f 236 1216 2061
f 2062 1215 167
f 780 1215 2062
f 2063 1225 781
f 50 1225 2063
f 1230 166 2064
f 1230 2064 782
f 2065 1229 783
f 69 1229 2065
f 1226 49 2066
f 1226 2066 784
f 2067 1224 154
f 781 1224 2067
f 1227 782 2068
f 1227 2068 165
f 2069 1228 70
f 783 1228 2069
f 1223 784 2070
f 1223 2070 81
f 2071 31 57
f 58 31 2071
f 2072 19 60
f 59 19 2072
f 2073 215 239
f 240 215 2073
f 2074 227 237
f 238 227 2074
f 1229 893 2075
f 1229 2075 518
f 894 2076 1227
f 2076 518 1227
f 1225 895 2077
f 1225 2077 517
f 896 2078 1223
f 2078 517 1223

