mtllib material.mtl

o ScrewdriverPhillipsHead.obj
usemtl material_0
v -0.08216778 0.01388889 4.83333333
v -0.07051567 0.01388889 4.86772194
v -0.06075172 0.01388889 4.89637600
v -0.05244067 0.01388889 4.92058711
v -0.04526900 0.01388889 4.94127828
v -0.03346856 0.01388889 4.97462544
v -0.02405628 0.01388889 5.00000000
v -0.01388889 0.01388889 5.00000000
v -0.01388889 0.01388889 4.83333333
v -0.01388889 0.02405628 5.00000000
v -0.01388889 0.03346856 4.97462544
v -0.01388889 0.04526900 4.94127828
v -0.01388889 0.05244067 4.92058711
v -0.01388889 0.06075172 4.89637600
v -0.01388889 0.07051567 4.86772194
v -0.01388889 0.08216778 4.83333333
v -0.03357078 0.07627217 4.83333333
v -0.05121200 0.06574022 4.83333333
v -0.06574022 0.05121200 4.83333333
v -0.07627217 0.03357078 4.83333333
v 0.01388889 0.08216778 4.83333333
v 0.01388889 0.07051567 4.86772194
v 0.01388889 0.06075172 4.89637600
v 0.01388889 0.05244067 4.92058711
v 0.01388889 0.04526900 4.94127828
v 0.01388889 0.03346856 4.97462544
v 0.01388889 0.02405628 5.00000000
v 0.01388889 0.01388889 5.00000000
v 0.01388889 0.01388889 4.83333333
v 0.02405628 0.01388889 5.00000000
v 0.03346856 0.01388889 4.97462544
v 0.04526900 0.01388889 4.94127828
v 0.05244067 0.01388889 4.92058711
v 0.06075172 0.01388889 4.89637600
v 0.07051567 0.01388889 4.86772194
v 0.08216778 0.01388889 4.83333333
v 0.07627217 0.03357078 4.83333333
v 0.06574022 0.05121200 4.83333333
v 0.05121200 0.06574022 4.83333333
v 0.03357078 0.07627217 4.83333333
v -0.01388889 -0.08216778 4.83333333
v -0.01388889 -0.07051567 4.86772194
v -0.01388889 -0.06075172 4.89637600
v -0.01388889 -0.05244067 4.92058711
v -0.01388889 -0.04526900 4.94127828
v -0.01388889 -0.03346856 4.97462544
v -0.01388889 -0.02405628 5.00000000
v -0.01388889 -0.01388889 5.00000000
v -0.01388889 -0.01388889 4.83333333
v -0.02405628 -0.01388889 5.00000000
v -0.03346856 -0.01388889 4.97462544
v -0.04526900 -0.01388889 4.94127828
v -0.05244067 -0.01388889 4.92058711
v -0.06075172 -0.01388889 4.89637600
v -0.07051567 -0.01388889 4.86772194
v -0.08216778 -0.01388889 4.83333333
v -0.07627217 -0.03357078 4.83333333
v -0.06574022 -0.05121200 4.83333333
v -0.05121200 -0.06574022 4.83333333
v -0.03357078 -0.07627217 4.83333333
v 0.08216778 -0.01388889 4.83333333
v 0.07051567 -0.01388889 4.86772194
v 0.06075172 -0.01388889 4.89637600
v 0.05244067 -0.01388889 4.92058711
v 0.04526900 -0.01388889 4.94127828
v 0.03346856 -0.01388889 4.97462544
v 0.02405628 -0.01388889 5.00000000
v 0.01388889 -0.01388889 5.00000000
v 0.01388889 -0.01388889 4.83333333
v 0.01388889 -0.02405628 5.00000000
v 0.01388889 -0.03346856 4.97462544
v 0.01388889 -0.04526900 4.94127828
v 0.01388889 -0.05244067 4.92058711
v 0.01388889 -0.06075172 4.89637600
v 0.01388889 -0.07051567 4.86772194
v 0.01388889 -0.08216778 4.83333333
v 0.03357078 -0.07627217 4.83333333
v 0.05121200 -0.06574022 4.83333333
v 0.06574022 -0.05121200 4.83333333
v 0.07627217 -0.03357078 4.83333333
v -0.02683128 0.00718944 5.00000000
v -0.02777778 0.00000000 5.00000000
v -0.02683128 -0.00718944 5.00000000
v -0.00718944 -0.02683128 5.00000000
v 0.00000000 -0.02777778 5.00000000
v 0.00718944 -0.02683128 5.00000000
v 0.02683128 -0.00718944 5.00000000
v 0.02777778 0.00000000 5.00000000
v 0.02683128 0.00718944 5.00000000
v 0.00718944 0.02683128 5.00000000
v 0.00000000 0.02777778 5.00000000
v -0.00718944 0.02683128 5.00000000
v -0.08320356 0.00464894 4.83333333
v -0.08320356 -0.00464894 4.83333333
v -0.00464894 -0.08320356 4.83333333
v 0.00464894 -0.08320356 4.83333333
v 0.08320356 -0.00464894 4.83333333
v 0.08320356 0.00464894 4.83333333
v -0.16666667 0.00000000 -5.00000000
v -0.16098761 -0.04313650 -5.00000000
v -0.14433756 -0.08333333 -5.00000000
v -0.11785111 -0.11785111 -5.00000000
v -0.08333333 -0.14433756 -5.00000000
v -0.04313650 -0.16098761 -5.00000000
v 0.00000000 -0.16666667 -5.00000000
v 0.04313650 -0.16098761 -5.00000000
v 0.08333333 -0.14433756 -5.00000000
v 0.11785111 -0.11785111 -5.00000000
v 0.14433756 -0.08333333 -5.00000000
v 0.16098761 -0.04313650 -5.00000000
v 0.16666667 0.00000000 -5.00000000
v 0.16098761 0.04313650 -5.00000000
v 0.14433756 0.08333333 -5.00000000
v 0.11785111 0.11785111 -5.00000000
v 0.08333333 0.14433756 -5.00000000
v 0.04313650 0.16098761 -5.00000000
v 0.00000000 0.16666667 -5.00000000
v -0.04313650 0.16098761 -5.00000000
v -0.08333333 0.14433756 -5.00000000
v -0.11785111 0.11785111 -5.00000000
v -0.14433756 0.08333333 -5.00000000
v -0.16098761 0.04313650 -5.00000000
v -0.61111111 0.00000000 -4.55555556
v -0.60489089 0.08697017 -4.55555556
v -0.58635683 0.17216989 -4.55555556
v -0.55588622 0.25386472 -4.55555556
v -0.51409939 0.33039161 -4.55555556
v -0.46184694 0.40019267 -4.55555556
v -0.40019267 0.46184694 -4.55555556
v -0.33039161 0.51409939 -4.55555556
v -0.25386472 0.55588622 -4.55555556
v -0.17216989 0.58635683 -4.55555556
v -0.08697017 0.60489089 -4.55555556
v 0.00000000 0.61111111 -4.55555556
v 0.08697017 0.60489089 -4.55555556
v 0.17216989 0.58635683 -4.55555556
v 0.25386472 0.55588622 -4.55555556
v 0.33039161 0.51409939 -4.55555556
v 0.40019267 0.46184694 -4.55555556
v 0.46184694 0.40019267 -4.55555556
v 0.51409939 0.33039161 -4.55555556
v 0.55588622 0.25386472 -4.55555556
v 0.58635683 0.17216989 -4.55555556
v 0.60489089 0.08697017 -4.55555556
v 0.61111111 0.00000000 -4.55555556
v 0.60489089 -0.08697017 -4.55555556
v 0.58635683 -0.17216989 -4.55555556
v 0.55588622 -0.25386472 -4.55555556
v 0.51409939 -0.33039161 -4.55555556
v 0.46184694 -0.40019267 -4.55555556
v 0.40019267 -0.46184694 -4.55555556
v 0.33039161 -0.51409939 -4.55555556
v 0.25386472 -0.55588622 -4.55555556
v 0.17216989 -0.58635683 -4.55555556
v 0.08697017 -0.60489089 -4.55555556
v 0.00000000 -0.61111111 -4.55555556
v -0.08697017 -0.60489089 -4.55555556
v -0.17216989 -0.58635683 -4.55555556
v -0.25386472 -0.55588622 -4.55555556
v -0.33039161 -0.51409939 -4.55555556
v -0.40019267 -0.46184694 -4.55555556
v -0.46184694 -0.40019267 -4.55555556
v -0.51409939 -0.33039161 -4.55555556
v -0.55588622 -0.25386472 -4.55555556
v -0.58635683 -0.17216989 -4.55555556
v -0.60489089 -0.08697017 -4.55555556
v -0.23619311 0.00000000 -4.99452817
v -0.30400756 0.00000000 -4.97824733
v -0.36844022 0.00000000 -4.95155844
v -0.42790456 0.00000000 -4.91511867
v -0.48093633 0.00000000 -4.86982522
v -0.52622978 0.00000000 -4.81679344
v -0.56266956 0.00000000 -4.75732911
v -0.58935844 0.00000000 -4.69289644
v -0.60563928 0.00000000 -4.62508200
v -0.21484878 -0.09811817 -4.99452817
v -0.17850283 -0.15467361 -4.99452817
v -0.15467361 -0.17850283 -4.99452817
v -0.09811817 -0.21484878 -4.99452817
v 0.09811817 -0.21484878 -4.99452817
v 0.15467361 -0.17850283 -4.99452817
v 0.17850283 -0.15467361 -4.99452817
v 0.21484878 -0.09811817 -4.99452817
v 0.21484878 0.09811817 -4.99452817
v 0.17850283 0.15467361 -4.99452817
v 0.15467361 0.17850283 -4.99452817
v 0.09811817 0.21484878 -4.99452817
v -0.09811817 0.21484878 -4.99452817
v -0.15467361 0.17850283 -4.99452817
v -0.17850283 0.15467361 -4.99452817
v -0.21484878 0.09811817 -4.99452817
v -0.23378900 -0.03361378 -4.99452817
v -0.30091322 -0.04326478 -4.97824733
v -0.36469006 -0.05243450 -4.95155844
v -0.42354911 -0.06089717 -4.91511867
v -0.47604111 -0.06844439 -4.86982522
v -0.52087350 -0.07489028 -4.81679344
v -0.55694239 -0.08007622 -4.75732911
v -0.58335961 -0.08387444 -4.69289644
v -0.59947472 -0.08619144 -4.62508200
v -0.22662561 -0.06654328 -4.99452817
v -0.29169311 -0.08564883 -4.97824733
v -0.35351578 -0.10380161 -4.95155844
v -0.41057139 -0.12055467 -4.91511867
v -0.46145506 -0.13549544 -4.86982522
v -0.50491378 -0.14825606 -4.81679344
v -0.53987750 -0.15852233 -4.75732911
v -0.56548528 -0.16604144 -4.69289644
v -0.58110661 -0.17062828 -4.62508200
v -0.19869828 -0.12769561 -4.99452817
v -0.25574744 -0.16435889 -4.97824733
v -0.30995161 -0.19919383 -4.95155844
v -0.35997622 -0.23134267 -4.91511867
v -0.40458939 -0.26001383 -4.86982522
v -0.44269267 -0.28450128 -4.81679344
v -0.47334778 -0.30420211 -4.75732911
v -0.49579989 -0.31863122 -4.69289644
v -0.50949617 -0.32743333 -4.62508200
v -0.55090883 -0.25159167 -4.62508200
v -0.53609928 -0.24482833 -4.69289644
v -0.51182222 -0.23374139 -4.75732911
v -0.47867544 -0.21860372 -4.81679344
v -0.43747511 -0.19978817 -4.86982522
v -0.38923567 -0.17775800 -4.91511867
v -0.33514500 -0.15305561 -4.95155844
v -0.27653500 -0.12628928 -4.97824733
v -0.19908261 -0.22975356 -4.97824733
v -0.24127706 -0.27844856 -4.95155844
v -0.28021789 -0.32338867 -4.91511867
v -0.31494633 -0.36346744 -4.86982522
v -0.34460722 -0.39769794 -4.81679344
v -0.36847022 -0.42523728 -4.75732911
v -0.38594772 -0.44540739 -4.69289644
v -0.39660939 -0.45771161 -4.62508200
v -0.45771161 -0.39660939 -4.62508200
v -0.44540739 -0.38594772 -4.69289644
v -0.42523728 -0.36847022 -4.75732911
v -0.39769794 -0.34460722 -4.81679344
v -0.36346744 -0.31494633 -4.86982522
v -0.32338867 -0.28021789 -4.91511867
v -0.27844856 -0.24127706 -4.95155844
v -0.22975356 -0.19908261 -4.97824733
v -0.12628928 -0.27653500 -4.97824733
v -0.15305561 -0.33514500 -4.95155844
v -0.17775800 -0.38923567 -4.91511867
v -0.19978817 -0.43747511 -4.86982522
v -0.21860372 -0.47867544 -4.81679344
v -0.23374139 -0.51182222 -4.75732911
v -0.24482833 -0.53609928 -4.69289644
v -0.25159167 -0.55090883 -4.62508200
v -0.32743333 -0.50949617 -4.62508200
v -0.31863122 -0.49579989 -4.69289644
v -0.30420211 -0.47334778 -4.75732911
v -0.28450128 -0.44269267 -4.81679344
v -0.26001383 -0.40458939 -4.86982522
v -0.23134267 -0.35997622 -4.91511867
v -0.19919383 -0.30995161 -4.95155844
v -0.16435889 -0.25574744 -4.97824733
v -0.12769561 -0.19869828 -4.99452817
v -0.03361378 -0.23378900 -4.99452817
v -0.04326478 -0.30091322 -4.97824733
v -0.05243450 -0.36469006 -4.95155844
v -0.06089717 -0.42354911 -4.91511867
v -0.06844439 -0.47604111 -4.86982522
v -0.07489028 -0.52087350 -4.81679344
v -0.08007622 -0.55694239 -4.75732911
v -0.08387444 -0.58335961 -4.69289644
v -0.08619144 -0.59947472 -4.62508200
v -0.17062828 -0.58110661 -4.62508200
v -0.16604144 -0.56548528 -4.69289644
v -0.15852233 -0.53987750 -4.75732911
v -0.14825606 -0.50491378 -4.81679344
v -0.13549544 -0.46145506 -4.86982522
v -0.12055467 -0.41057139 -4.91511867
v -0.10380161 -0.35351578 -4.95155844
v -0.08564883 -0.29169311 -4.97824733
v -0.06654328 -0.22662561 -4.99452817
v 0.03361378 -0.23378900 -4.99452817
v 0.04326478 -0.30091322 -4.97824733
v 0.05243450 -0.36469006 -4.95155844
v 0.06089717 -0.42354911 -4.91511867
v 0.06844439 -0.47604111 -4.86982522
v 0.07489028 -0.52087350 -4.81679344
v 0.08007622 -0.55694239 -4.75732911
v 0.08387444 -0.58335961 -4.69289644
v 0.08619144 -0.59947472 -4.62508200
v 0.00000000 -0.60563928 -4.62508200
v 0.00000000 -0.58935844 -4.69289644
v 0.00000000 -0.56266956 -4.75732911
v 0.00000000 -0.52622978 -4.81679344
v 0.00000000 -0.48093633 -4.86982522
v 0.00000000 -0.42790456 -4.91511867
v 0.00000000 -0.36844022 -4.95155844
v 0.00000000 -0.30400756 -4.97824733
v 0.00000000 -0.23619311 -4.99452817
v 0.06654328 -0.22662561 -4.99452817
v 0.08564883 -0.29169311 -4.97824733
v 0.10380161 -0.35351578 -4.95155844
v 0.12055467 -0.41057139 -4.91511867
v 0.13549544 -0.46145506 -4.86982522
v 0.14825606 -0.50491378 -4.81679344
v 0.15852233 -0.53987750 -4.75732911
v 0.16604144 -0.56548528 -4.69289644
v 0.17062828 -0.58110661 -4.62508200
v 0.12769561 -0.19869828 -4.99452817
v 0.16435889 -0.25574744 -4.97824733
v 0.19919383 -0.30995161 -4.95155844
v 0.23134267 -0.35997622 -4.91511867
v 0.26001383 -0.40458939 -4.86982522
v 0.28450128 -0.44269267 -4.81679344
v 0.30420211 -0.47334778 -4.75732911
v 0.31863122 -0.49579989 -4.69289644
v 0.32743333 -0.50949617 -4.62508200
v 0.25159167 -0.55090883 -4.62508200
v 0.24482833 -0.53609928 -4.69289644
v 0.23374139 -0.51182222 -4.75732911
v 0.21860372 -0.47867544 -4.81679344
v 0.19978817 -0.43747511 -4.86982522
v 0.17775800 -0.38923567 -4.91511867
v 0.15305561 -0.33514500 -4.95155844
v 0.12628928 -0.27653500 -4.97824733
v 0.22975356 -0.19908261 -4.97824733
v 0.27844856 -0.24127706 -4.95155844
v 0.32338867 -0.28021789 -4.91511867
v 0.36346744 -0.31494633 -4.86982522
v 0.39769794 -0.34460722 -4.81679344
v 0.42523728 -0.36847022 -4.75732911
v 0.44540739 -0.38594772 -4.69289644
v 0.45771161 -0.39660939 -4.62508200
v 0.39660939 -0.45771161 -4.62508200
v 0.38594772 -0.44540739 -4.69289644
v 0.36847022 -0.42523728 -4.75732911
v 0.34460722 -0.39769794 -4.81679344
v 0.31494633 -0.36346744 -4.86982522
v 0.28021789 -0.32338867 -4.91511867
v 0.24127706 -0.27844856 -4.95155844
v 0.19908261 -0.22975356 -4.97824733
v 0.27653500 -0.12628928 -4.97824733
v 0.33514500 -0.15305561 -4.95155844
v 0.38923567 -0.17775800 -4.91511867
v 0.43747511 -0.19978817 -4.86982522
v 0.47867544 -0.21860372 -4.81679344
v 0.51182222 -0.23374139 -4.75732911
v 0.53609928 -0.24482833 -4.69289644
v 0.55090883 -0.25159167 -4.62508200
v 0.50949617 -0.32743333 -4.62508200
v 0.49579989 -0.31863122 -4.69289644
v 0.47334778 -0.30420211 -4.75732911
v 0.44269267 -0.28450128 -4.81679344
v 0.40458939 -0.26001383 -4.86982522
v 0.35997622 -0.23134267 -4.91511867
v 0.30995161 -0.19919383 -4.95155844
v 0.25574744 -0.16435889 -4.97824733
v 0.19869828 -0.12769561 -4.99452817
v 0.23378900 -0.03361378 -4.99452817
v 0.30091322 -0.04326478 -4.97824733
v 0.36469006 -0.05243450 -4.95155844
v 0.42354911 -0.06089717 -4.91511867
v 0.47604111 -0.06844439 -4.86982522
v 0.52087350 -0.07489028 -4.81679344
v 0.55694239 -0.08007622 -4.75732911
v 0.58335961 -0.08387444 -4.69289644
v 0.59947472 -0.08619144 -4.62508200
v 0.58110661 -0.17062828 -4.62508200
v 0.56548528 -0.16604144 -4.69289644
v 0.53987750 -0.15852233 -4.75732911
v 0.50491378 -0.14825606 -4.81679344
v 0.46145506 -0.13549544 -4.86982522
v 0.41057139 -0.12055467 -4.91511867
v 0.35351578 -0.10380161 -4.95155844
v 0.29169311 -0.08564883 -4.97824733
v 0.22662561 -0.06654328 -4.99452817
v 0.23378900 0.03361378 -4.99452817
v 0.30091322 0.04326478 -4.97824733
v 0.36469006 0.05243450 -4.95155844
v 0.42354911 0.06089717 -4.91511867
v 0.47604111 0.06844439 -4.86982522
v 0.52087350 0.07489028 -4.81679344
v 0.55694239 0.08007622 -4.75732911
v 0.58335961 0.08387444 -4.69289644
v 0.59947472 0.08619144 -4.62508200
v 0.60563928 0.00000000 -4.62508200
v 0.58935844 0.00000000 -4.69289644
v 0.56266956 0.00000000 -4.75732911
v 0.52622978 0.00000000 -4.81679344
v 0.48093633 0.00000000 -4.86982522
v 0.42790456 0.00000000 -4.91511867
v 0.36844022 0.00000000 -4.95155844
v 0.30400756 0.00000000 -4.97824733
v 0.23619311 0.00000000 -4.99452817
v 0.22662561 0.06654328 -4.99452817
v 0.29169311 0.08564883 -4.97824733
v 0.35351578 0.10380161 -4.95155844
v 0.41057139 0.12055467 -4.91511867
v 0.46145506 0.13549544 -4.86982522
v 0.50491378 0.14825606 -4.81679344
v 0.53987750 0.15852233 -4.75732911
v 0.56548528 0.16604144 -4.69289644
v 0.58110661 0.17062828 -4.62508200
v 0.19869828 0.12769561 -4.99452817
v 0.25574744 0.16435889 -4.97824733
v 0.30995161 0.19919383 -4.95155844
v 0.35997622 0.23134267 -4.91511867
v 0.40458939 0.26001383 -4.86982522
v 0.44269267 0.28450128 -4.81679344
v 0.47334778 0.30420211 -4.75732911
v 0.49579989 0.31863122 -4.69289644
v 0.50949617 0.32743333 -4.62508200
v 0.55090883 0.25159167 -4.62508200
v 0.53609928 0.24482833 -4.69289644
v 0.51182222 0.23374139 -4.75732911
v 0.47867544 0.21860372 -4.81679344
v 0.43747511 0.19978817 -4.86982522
v 0.38923567 0.17775800 -4.91511867
v 0.33514500 0.15305561 -4.95155844
v 0.27653500 0.12628928 -4.97824733
v 0.19908261 0.22975356 -4.97824733
v 0.24127706 0.27844856 -4.95155844
v 0.28021789 0.32338867 -4.91511867
v 0.31494633 0.36346744 -4.86982522
v 0.34460722 0.39769794 -4.81679344
v 0.36847022 0.42523728 -4.75732911
v 0.38594772 0.44540739 -4.69289644
v 0.39660939 0.45771161 -4.62508200
v 0.45771161 0.39660939 -4.62508200
v 0.44540739 0.38594772 -4.69289644
v 0.42523728 0.36847022 -4.75732911
v 0.39769794 0.34460722 -4.81679344
v 0.36346744 0.31494633 -4.86982522
v 0.32338867 0.28021789 -4.91511867
v 0.27844856 0.24127706 -4.95155844
v 0.22975356 0.19908261 -4.97824733
v 0.12628928 0.27653500 -4.97824733
v 0.15305561 0.33514500 -4.95155844
v 0.17775800 0.38923567 -4.91511867
v 0.19978817 0.43747511 -4.86982522
v 0.21860372 0.47867544 -4.81679344
v 0.23374139 0.51182222 -4.75732911
v 0.24482833 0.53609928 -4.69289644
v 0.25159167 0.55090883 -4.62508200
v 0.32743333 0.50949617 -4.62508200
v 0.31863122 0.49579989 -4.69289644
v 0.30420211 0.47334778 -4.75732911
v 0.28450128 0.44269267 -4.81679344
v 0.26001383 0.40458939 -4.86982522
v 0.23134267 0.35997622 -4.91511867
v 0.19919383 0.30995161 -4.95155844
v 0.16435889 0.25574744 -4.97824733
v 0.12769561 0.19869828 -4.99452817
v 0.03361378 0.23378900 -4.99452817
v 0.04326478 0.30091322 -4.97824733
v 0.05243450 0.36469006 -4.95155844
v 0.06089717 0.42354911 -4.91511867
v 0.06844439 0.47604111 -4.86982522
v 0.07489028 0.52087350 -4.81679344
v 0.08007622 0.55694239 -4.75732911
v 0.08387444 0.58335961 -4.69289644
v 0.08619144 0.59947472 -4.62508200
v 0.17062828 0.58110661 -4.62508200
v 0.16604144 0.56548528 -4.69289644
v 0.15852233 0.53987750 -4.75732911
v 0.14825606 0.50491378 -4.81679344
v 0.13549544 0.46145506 -4.86982522
v 0.12055467 0.41057139 -4.91511867
v 0.10380161 0.35351578 -4.95155844
v 0.08564883 0.29169311 -4.97824733
v 0.06654328 0.22662561 -4.99452817
v -0.03361378 0.23378900 -4.99452817
v -0.04326478 0.30091322 -4.97824733
v -0.05243450 0.36469006 -4.95155844
v -0.06089717 0.42354911 -4.91511867
v -0.06844439 0.47604111 -4.86982522
v -0.07489028 0.52087350 -4.81679344
v -0.08007622 0.55694239 -4.75732911
v -0.08387444 0.58335961 -4.69289644
v -0.08619144 0.59947472 -4.62508200
v 0.00000000 0.60563928 -4.62508200
v 0.00000000 0.58935844 -4.69289644
v 0.00000000 0.56266956 -4.75732911
v 0.00000000 0.52622978 -4.81679344
v 0.00000000 0.48093633 -4.86982522
v 0.00000000 0.42790456 -4.91511867
v 0.00000000 0.36844022 -4.95155844
v 0.00000000 0.30400756 -4.97824733
v 0.00000000 0.23619311 -4.99452817
v -0.06654328 0.22662561 -4.99452817
v -0.08564883 0.29169311 -4.97824733
v -0.10380161 0.35351578 -4.95155844
v -0.12055467 0.41057139 -4.91511867
v -0.13549544 0.46145506 -4.86982522
v -0.14825606 0.50491378 -4.81679344
v -0.15852233 0.53987750 -4.75732911
v -0.16604144 0.56548528 -4.69289644
v -0.17062828 0.58110661 -4.62508200
v -0.12769561 0.19869828 -4.99452817
v -0.16435889 0.25574744 -4.97824733
v -0.19919383 0.30995161 -4.95155844
v -0.23134267 0.35997622 -4.91511867
v -0.26001383 0.40458939 -4.86982522
v -0.28450128 0.44269267 -4.81679344
v -0.30420211 0.47334778 -4.75732911
v -0.31863122 0.49579989 -4.69289644
v -0.32743333 0.50949617 -4.62508200
v -0.25159167 0.55090883 -4.62508200
v -0.24482833 0.53609928 -4.69289644
v -0.23374139 0.51182222 -4.75732911
v -0.21860372 0.47867544 -4.81679344
v -0.19978817 0.43747511 -4.86982522
v -0.17775800 0.38923567 -4.91511867
v -0.15305561 0.33514500 -4.95155844
v -0.12628928 0.27653500 -4.97824733
v -0.22975356 0.19908261 -4.97824733
v -0.27844856 0.24127706 -4.95155844
v -0.32338867 0.28021789 -4.91511867
v -0.36346744 0.31494633 -4.86982522
v -0.39769794 0.34460722 -4.81679344
v -0.42523728 0.36847022 -4.75732911
v -0.44540739 0.38594772 -4.69289644
v -0.45771161 0.39660939 -4.62508200
v -0.39660939 0.45771161 -4.62508200
v -0.38594772 0.44540739 -4.69289644
v -0.36847022 0.42523728 -4.75732911
v -0.34460722 0.39769794 -4.81679344
v -0.31494633 0.36346744 -4.86982522
v -0.28021789 0.32338867 -4.91511867
v -0.24127706 0.27844856 -4.95155844
v -0.19908261 0.22975356 -4.97824733
v -0.27653500 0.12628928 -4.97824733
v -0.33514500 0.15305561 -4.95155844
v -0.38923567 0.17775800 -4.91511867
v -0.43747511 0.19978817 -4.86982522
v -0.47867544 0.21860372 -4.81679344
v -0.51182222 0.23374139 -4.75732911
v -0.53609928 0.24482833 -4.69289644
v -0.55090883 0.25159167 -4.62508200
v -0.50949617 0.32743333 -4.62508200
v -0.49579989 0.31863122 -4.69289644
v -0.47334778 0.30420211 -4.75732911
v -0.44269267 0.28450128 -4.81679344
v -0.40458939 0.26001383 -4.86982522
v -0.35997622 0.23134267 -4.91511867
v -0.30995161 0.19919383 -4.95155844
v -0.25574744 0.16435889 -4.97824733
v -0.19869828 0.12769561 -4.99452817
v -0.23378900 0.03361378 -4.99452817
v -0.30091322 0.04326478 -4.97824733
v -0.36469006 0.05243450 -4.95155844
v -0.42354911 0.06089717 -4.91511867
v -0.47604111 0.06844439 -4.86982522
v -0.52087350 0.07489028 -4.81679344
v -0.55694239 0.08007622 -4.75732911
v -0.58335961 0.08387444 -4.69289644
v -0.59947472 0.08619144 -4.62508200
v -0.58110661 0.17062828 -4.62508200
v -0.56548528 0.16604144 -4.69289644
v -0.53987750 0.15852233 -4.75732911
v -0.50491378 0.14825606 -4.81679344
v -0.46145506 0.13549544 -4.86982522
v -0.41057139 0.12055467 -4.91511867
v -0.35351578 0.10380161 -4.95155844
v -0.29169311 0.08564883 -4.97824733
v -0.22662561 0.06654328 -4.99452817
v -0.61111111 0.00000000 -0.72222222
v -0.60489089 0.08697017 -0.72222222
v -0.58635683 0.17216989 -0.72222222
v -0.55588622 0.25386472 -0.72222222
v -0.51409939 0.33039161 -0.72222222
v -0.46184694 0.40019267 -0.72222222
v -0.40019267 0.46184694 -0.72222222
v -0.33039161 0.51409939 -0.72222222
v -0.25386472 0.55588622 -0.72222222
v -0.17216989 0.58635683 -0.72222222
v -0.08697017 0.60489089 -0.72222222
v 0.00000000 0.61111111 -0.72222222
v 0.08697017 0.60489089 -0.72222222
v 0.17216989 0.58635683 -0.72222222
v 0.25386472 0.55588622 -0.72222222
v 0.33039161 0.51409939 -0.72222222
v 0.40019267 0.46184694 -0.72222222
v 0.46184694 0.40019267 -0.72222222
v 0.51409939 0.33039161 -0.72222222
v 0.55588622 0.25386472 -0.72222222
v 0.58635683 0.17216989 -0.72222222
v 0.60489089 0.08697017 -0.72222222
v 0.61111111 0.00000000 -0.72222222
v 0.60489089 -0.08697017 -0.72222222
v 0.58635683 -0.17216989 -0.72222222
v 0.55588622 -0.25386472 -0.72222222
v 0.51409939 -0.33039161 -0.72222222
v 0.46184694 -0.40019267 -0.72222222
v 0.40019267 -0.46184694 -0.72222222
v 0.33039161 -0.51409939 -0.72222222
v 0.25386472 -0.55588622 -0.72222222
v 0.17216989 -0.58635683 -0.72222222
v 0.08697017 -0.60489089 -0.72222222
v 0.00000000 -0.61111111 -0.72222222
v -0.08697017 -0.60489089 -0.72222222
v -0.17216989 -0.58635683 -0.72222222
v -0.25386472 -0.55588622 -0.72222222
v -0.33039161 -0.51409939 -0.72222222
v -0.40019267 -0.46184694 -0.72222222
v -0.46184694 -0.40019267 -0.72222222
v -0.51409939 -0.33039161 -0.72222222
v -0.55588622 -0.25386472 -0.72222222
v -0.58635683 -0.17216989 -0.72222222
v -0.60489089 -0.08697017 -0.72222222
v -0.61111111 0.00000000 -2.63888889
v -0.60489089 0.08697017 -2.63888889
v -0.58635683 0.17216989 -2.63888889
v -0.55588622 0.25386472 -2.63888889
v -0.51409939 0.33039161 -2.63888889
v -0.46184694 0.40019267 -2.63888889
v -0.40019267 0.46184694 -2.63888889
v -0.33039161 0.51409939 -2.63888889
v -0.25386472 0.55588622 -2.63888889
v -0.17216989 0.58635683 -2.63888889
v -0.08697017 0.60489089 -2.63888889
v 0.00000000 0.61111111 -2.63888889
v 0.08697017 0.60489089 -2.63888889
v 0.17216989 0.58635683 -2.63888889
v 0.25386472 0.55588622 -2.63888889
v 0.33039161 0.51409939 -2.63888889
v 0.40019267 0.46184694 -2.63888889
v 0.46184694 0.40019267 -2.63888889
v 0.51409939 0.33039161 -2.63888889
v 0.55588622 0.25386472 -2.63888889
v 0.58635683 0.17216989 -2.63888889
v 0.60489089 0.08697017 -2.63888889
v 0.61111111 0.00000000 -2.63888889
v 0.60489089 -0.08697017 -2.63888889
v 0.58635683 -0.17216989 -2.63888889
v 0.55588622 -0.25386472 -2.63888889
v 0.51409939 -0.33039161 -2.63888889
v 0.46184694 -0.40019267 -2.63888889
v 0.40019267 -0.46184694 -2.63888889
v 0.33039161 -0.51409939 -2.63888889
v 0.25386472 -0.55588622 -2.63888889
v 0.17216989 -0.58635683 -2.63888889
v 0.08697017 -0.60489089 -2.63888889
v 0.00000000 -0.61111111 -2.63888889
v -0.08697017 -0.60489089 -2.63888889
v -0.17216989 -0.58635683 -2.63888889
v -0.25386472 -0.55588622 -2.63888889
v -0.33039161 -0.51409939 -2.63888889
v -0.40019267 -0.46184694 -2.63888889
v -0.46184694 -0.40019267 -2.63888889
v -0.51409939 -0.33039161 -2.63888889
v -0.55588622 -0.25386472 -2.63888889
v -0.58635683 -0.17216989 -2.63888889
v -0.60489089 -0.08697017 -2.63888889
v -0.44444444 0.00000000 -0.55555556
v -0.43805150 0.07511150 -0.55555556
v -0.41905667 0.14806211 -0.55555556
v -0.38800628 0.21675333 -0.55555556
v -0.34579367 0.27920889 -0.55555556
v -0.29363322 0.33363211 -0.55555556
v -0.23302544 0.37845739 -0.55555556
v -0.16571400 0.41239511 -0.55555556
v -0.09363522 0.43446900 -0.55555556
v -0.01886278 0.44404400 -0.55555556
v 0.05645239 0.44084461 -0.55555556
v 0.13014344 0.42496300 -0.55555556
v 0.20009056 0.39685594 -0.55555556
v 0.26428139 0.35733206 -0.55555556
v 0.32086939 0.30752839 -0.55555556
v 0.36822650 0.24887767 -0.55555556
v 0.40499044 0.18306722 -0.55555556
v 0.43010356 0.11199022 -0.55555556
v 0.44284333 0.03769150 -0.55555556
v 0.44284333 -0.03769150 -0.55555556
v 0.43010356 -0.11199022 -0.55555556
v 0.40499044 -0.18306722 -0.55555556
v 0.36822650 -0.24887767 -0.55555556
v 0.32086939 -0.30752839 -0.55555556
v 0.26428139 -0.35733206 -0.55555556
v 0.20009056 -0.39685594 -0.55555556
v 0.13014344 -0.42496300 -0.55555556
v 0.05645239 -0.44084461 -0.55555556
v -0.01886278 -0.44404400 -0.55555556
v -0.09363522 -0.43446900 -0.55555556
v -0.16571400 -0.41239511 -0.55555556
v -0.23302544 -0.37845739 -0.55555556
v -0.29363322 -0.33363211 -0.55555556
v -0.34579367 -0.27920889 -0.55555556
v -0.38800628 -0.21675333 -0.55555556
v -0.41905667 -0.14806211 -0.55555556
v -0.43805150 -0.07511150 -0.55555556
v -0.60543206 0.00000000 -0.67908572
v -0.58878200 0.00000000 -0.63888889
v -0.56229556 0.00000000 -0.60437111
v -0.52777778 0.00000000 -0.57788467
v -0.48758094 0.00000000 -0.56123461
v -0.26360617 -0.41017922 -0.56123461
v 0.06939000 -0.48261806 -0.56123461
v 0.41017922 -0.26360617 -0.56123461
v 0.41017922 0.26360617 -0.56123461
v 0.06939000 0.48261806 -0.56123461
v -0.26360617 0.41017922 -0.56123461
v -0.59926967 -0.08616194 -0.67908572
v -0.58278906 -0.08379244 -0.63888889
v -0.55657222 -0.08002300 -0.60437111
v -0.52240578 -0.07511061 -0.57788467
v -0.48261806 -0.06939000 -0.56123461
v -0.58090783 -0.17056994 -0.67908572
v -0.56493222 -0.16587906 -0.63888889
v -0.53951867 -0.15841694 -0.60437111
v -0.50639906 -0.14869217 -0.57788467
v -0.46783050 -0.13736744 -0.56123461
v -0.55072039 -0.25150556 -0.67908572
v -0.53557494 -0.24458889 -0.63888889
v -0.51148206 -0.23358600 -0.60437111
v -0.48008356 -0.21924683 -0.57788467
v -0.44351922 -0.20254844 -0.56123461
v -0.50932189 -0.32732128 -0.67908572
v -0.49531494 -0.31831961 -0.63888889
v -0.47303311 -0.30399994 -0.60437111
v -0.44399494 -0.28533822 -0.57788467
v -0.41017922 -0.26360617 -0.56123461
v -0.45755506 -0.39647372 -0.67908572
v -0.44497178 -0.38557022 -0.63888889
v -0.42495467 -0.36822528 -0.60437111
v -0.39886783 -0.34562094 -0.57788467
v -0.36848911 -0.31929761 -0.56123461
v -0.39647372 -0.45755506 -0.67908572
v -0.38557022 -0.44497178 -0.63888889
v -0.36822528 -0.42495467 -0.60437111
v -0.34562094 -0.39886783 -0.57788467
v -0.31929761 -0.36848911 -0.56123461
v -0.32732128 -0.50932189 -0.67908572
v -0.31831961 -0.49531494 -0.63888889
v -0.30399994 -0.47303311 -0.60437111
v -0.28533822 -0.44399494 -0.57788467
v -0.25150556 -0.55072039 -0.67908572
v -0.24458889 -0.53557494 -0.63888889
v -0.23358600 -0.51148206 -0.60437111
v -0.21924683 -0.48008356 -0.57788467
v -0.20254844 -0.44351922 -0.56123461
v -0.17056994 -0.58090783 -0.67908572
v -0.16587906 -0.56493222 -0.63888889
v -0.15841694 -0.53951867 -0.60437111
v -0.14869217 -0.50639906 -0.57788467
v -0.13736744 -0.46783050 -0.56123461
v -0.08616194 -0.59926967 -0.67908572
v -0.08379244 -0.58278906 -0.63888889
v -0.08002300 -0.55657222 -0.60437111
v -0.07511061 -0.52240578 -0.57788467
v -0.06939000 -0.48261806 -0.56123461
v 0.00000000 -0.60543206 -0.67908572
v 0.00000000 -0.58878200 -0.63888889
v 0.00000000 -0.56229556 -0.60437111
v 0.00000000 -0.52777778 -0.57788467
v 0.00000000 -0.48758094 -0.56123461
v 0.08616194 -0.59926967 -0.67908572
v 0.08379244 -0.58278906 -0.63888889
v 0.08002300 -0.55657222 -0.60437111
v 0.07511061 -0.52240578 -0.57788467
v 0.17056994 -0.58090783 -0.67908572
v 0.16587906 -0.56493222 -0.63888889
v 0.15841694 -0.53951867 -0.60437111
v 0.14869217 -0.50639906 -0.57788467
v 0.13736744 -0.46783050 -0.56123461
v 0.25150556 -0.55072039 -0.67908572
v 0.24458889 -0.53557494 -0.63888889
v 0.23358600 -0.51148206 -0.60437111
v 0.21924683 -0.48008356 -0.57788467
v 0.20254844 -0.44351922 -0.56123461
v 0.32732128 -0.50932189 -0.67908572
v 0.31831961 -0.49531494 -0.63888889
v 0.30399994 -0.47303311 -0.60437111
v 0.28533822 -0.44399494 -0.57788467
v 0.26360617 -0.41017922 -0.56123461
v 0.39647372 -0.45755506 -0.67908572
v 0.38557022 -0.44497178 -0.63888889
v 0.36822528 -0.42495467 -0.60437111
v 0.34562094 -0.39886783 -0.57788467
v 0.31929761 -0.36848911 -0.56123461
v 0.45755506 -0.39647372 -0.67908572
v 0.44497178 -0.38557022 -0.63888889
v 0.42495467 -0.36822528 -0.60437111
v 0.39886783 -0.34562094 -0.57788467
v 0.36848911 -0.31929761 -0.56123461
v 0.50932189 -0.32732128 -0.67908572
v 0.49531494 -0.31831961 -0.63888889
v 0.47303311 -0.30399994 -0.60437111
v 0.44399494 -0.28533822 -0.57788467
v 0.55072039 -0.25150556 -0.67908572
v 0.53557494 -0.24458889 -0.63888889
v 0.51148206 -0.23358600 -0.60437111
v 0.48008356 -0.21924683 -0.57788467
v 0.44351922 -0.20254844 -0.56123461
v 0.58090783 -0.17056994 -0.67908572
v 0.56493222 -0.16587906 -0.63888889
v 0.53951867 -0.15841694 -0.60437111
v 0.50639906 -0.14869217 -0.57788467
v 0.46783050 -0.13736744 -0.56123461
v 0.59926967 -0.08616194 -0.67908572
v 0.58278906 -0.08379244 -0.63888889
v 0.55657222 -0.08002300 -0.60437111
v 0.52240578 -0.07511061 -0.57788467
v 0.48261806 -0.06939000 -0.56123461
v 0.60543206 0.00000000 -0.67908572
v 0.58878200 0.00000000 -0.63888889
v 0.56229556 0.00000000 -0.60437111
v 0.52777778 0.00000000 -0.57788467
v 0.48758094 0.00000000 -0.56123461
v 0.59926967 0.08616194 -0.67908572
v 0.58278906 0.08379244 -0.63888889
v 0.55657222 0.08002300 -0.60437111
v 0.52240578 0.07511061 -0.57788467
v 0.48261806 0.06939000 -0.56123461
v 0.58090783 0.17056994 -0.67908572
v 0.56493222 0.16587906 -0.63888889
v 0.53951867 0.15841694 -0.60437111
v 0.50639906 0.14869217 -0.57788467
v 0.46783050 0.13736744 -0.56123461
v 0.55072039 0.25150556 -0.67908572
v 0.53557494 0.24458889 -0.63888889
v 0.51148206 0.23358600 -0.60437111
v 0.48008356 0.21924683 -0.57788467
v 0.44351922 0.20254844 -0.56123461
v 0.50932189 0.32732128 -0.67908572
v 0.49531494 0.31831961 -0.63888889
v 0.47303311 0.30399994 -0.60437111
v 0.44399494 0.28533822 -0.57788467
v 0.45755506 0.39647372 -0.67908572
v 0.44497178 0.38557022 -0.63888889
v 0.42495467 0.36822528 -0.60437111
v 0.39886783 0.34562094 -0.57788467
v 0.36848911 0.31929761 -0.56123461
v 0.39647372 0.45755506 -0.67908572
v 0.38557022 0.44497178 -0.63888889
v 0.36822528 0.42495467 -0.60437111
v 0.34562094 0.39886783 -0.57788467
v 0.31929761 0.36848911 -0.56123461
v 0.32732128 0.50932189 -0.67908572
v 0.31831961 0.49531494 -0.63888889
v 0.30399994 0.47303311 -0.60437111
v 0.28533822 0.44399494 -0.57788467
v 0.26360617 0.41017922 -0.56123461
v 0.25150556 0.55072039 -0.67908572
v 0.24458889 0.53557494 -0.63888889
v 0.23358600 0.51148206 -0.60437111
v 0.21924683 0.48008356 -0.57788467
v 0.20254844 0.44351922 -0.56123461
v 0.17056994 0.58090783 -0.67908572
v 0.16587906 0.56493222 -0.63888889
v 0.15841694 0.53951867 -0.60437111
v 0.14869217 0.50639906 -0.57788467
v 0.13736744 0.46783050 -0.56123461
v 0.08616194 0.59926967 -0.67908572
v 0.08379244 0.58278906 -0.63888889
v 0.08002300 0.55657222 -0.60437111
v 0.07511061 0.52240578 -0.57788467
v 0.00000000 0.60543206 -0.67908572
v 0.00000000 0.58878200 -0.63888889
v 0.00000000 0.56229556 -0.60437111
v 0.00000000 0.52777778 -0.57788467
v 0.00000000 0.48758094 -0.56123461
v -0.08616194 0.59926967 -0.67908572
v -0.08379244 0.58278906 -0.63888889
v -0.08002300 0.55657222 -0.60437111
v -0.07511061 0.52240578 -0.57788467
v -0.06939000 0.48261806 -0.56123461
v -0.17056994 0.58090783 -0.67908572
v -0.16587906 0.56493222 -0.63888889
v -0.15841694 0.53951867 -0.60437111
v -0.14869217 0.50639906 -0.57788467
v -0.13736744 0.46783050 -0.56123461
v -0.25150556 0.55072039 -0.67908572
v -0.24458889 0.53557494 -0.63888889
v -0.23358600 0.51148206 -0.60437111
v -0.21924683 0.48008356 -0.57788467
v -0.20254844 0.44351922 -0.56123461
v -0.32732128 0.50932189 -0.67908572
v -0.31831961 0.49531494 -0.63888889
v -0.30399994 0.47303311 -0.60437111
v -0.28533822 0.44399494 -0.57788467
v -0.39647372 0.45755506 -0.67908572
v -0.38557022 0.44497178 -0.63888889
v -0.36822528 0.42495467 -0.60437111
v -0.34562094 0.39886783 -0.57788467
v -0.31929761 0.36848911 -0.56123461
v -0.45755506 0.39647372 -0.67908572
v -0.44497178 0.38557022 -0.63888889
v -0.42495467 0.36822528 -0.60437111
v -0.39886783 0.34562094 -0.57788467
v -0.36848911 0.31929761 -0.56123461
v -0.50932189 0.32732128 -0.67908572
v -0.49531494 0.31831961 -0.63888889
v -0.47303311 0.30399994 -0.60437111
v -0.44399494 0.28533822 -0.57788467
v -0.41017922 0.26360617 -0.56123461
v -0.55072039 0.25150556 -0.67908572
v -0.53557494 0.24458889 -0.63888889
v -0.51148206 0.23358600 -0.60437111
v -0.48008356 0.21924683 -0.57788467
v -0.44351922 0.20254844 -0.56123461
v -0.58090783 0.17056994 -0.67908572
v -0.56493222 0.16587906 -0.63888889
v -0.53951867 0.15841694 -0.60437111
v -0.50639906 0.14869217 -0.57788467
v -0.46783050 0.13736744 -0.56123461
v -0.59926967 0.08616194 -0.67908572
v -0.58278906 0.08379244 -0.63888889
v -0.55657222 0.08002300 -0.60437111
v -0.52240578 0.07511061 -0.57788467
v -0.48261806 0.06939000 -0.56123461
v 0.08333333 0.00000000 -0.55555556
v 0.08049383 -0.02156828 -0.55555556
v 0.07216878 -0.04166667 -0.55555556
v 0.05892556 -0.05892556 -0.55555556
v 0.04166667 -0.07216878 -0.55555556
v 0.02156828 -0.08049383 -0.55555556
v 0.00000000 -0.08333333 -0.55555556
v -0.02156828 -0.08049383 -0.55555556
v -0.04166667 -0.07216878 -0.55555556
v -0.05892556 -0.05892556 -0.55555556
v -0.07216878 -0.04166667 -0.55555556
v -0.08049383 -0.02156828 -0.55555556
v -0.08333333 0.00000000 -0.55555556
v -0.08049383 0.02156828 -0.55555556
v -0.07216878 0.04166667 -0.55555556
v -0.05892556 0.05892556 -0.55555556
v -0.04166667 0.07216878 -0.55555556
v -0.02156828 0.08049383 -0.55555556
v 0.00000000 0.08333333 -0.55555556
v 0.02156828 0.08049383 -0.55555556
v 0.04166667 0.07216878 -0.55555556
v 0.05892556 0.05892556 -0.55555556
v 0.07216878 0.04166667 -0.55555556
v 0.08049383 0.02156828 -0.55555556
v 0.00464894 0.08320356 4.83333333
v -0.00464894 0.08320356 4.83333333
v 0.08333333 0.00000000 -0.10648150
v 0.08333333 0.00000000 0.34259261
v 0.08333333 0.00000000 0.79166667
v 0.08333333 0.00000000 1.24074072
v 0.08333333 0.00000000 1.68981483
v 0.08333333 0.00000000 2.13888889
v 0.08333333 0.00000000 2.58796294
v 0.08333333 0.00000000 3.03703706
v 0.08333333 0.00000000 3.48611111
v 0.08333333 0.00000000 3.93518517
v 0.08333333 0.00000000 4.38425928
v 0.08049383 0.02156828 -0.10648150
v 0.08049383 0.02156828 0.34259261
v 0.08049383 0.02156828 0.79166667
v 0.08049383 0.02156828 1.24074072
v 0.08049383 0.02156828 1.68981483
v 0.08049383 0.02156828 2.13888889
v 0.08049383 0.02156828 2.58796294
v 0.08049383 0.02156828 3.03703706
v 0.08049383 0.02156828 3.48611111
v 0.08049383 0.02156828 3.93518517
v 0.08049383 0.02156828 4.38425928
v 0.07216878 0.04166667 -0.10648150
v 0.07216878 0.04166667 0.34259261
v 0.07216878 0.04166667 0.79166667
v 0.07216878 0.04166667 1.24074072
v 0.07216878 0.04166667 1.68981483
v 0.07216878 0.04166667 2.13888889
v 0.07216878 0.04166667 2.58796294
v 0.07216878 0.04166667 3.03703706
v 0.07216878 0.04166667 3.48611111
v 0.07216878 0.04166667 3.93518517
v 0.07216878 0.04166667 4.38425928
v 0.05892556 0.05892556 -0.10648150
v 0.05892556 0.05892556 0.34259261
v 0.05892556 0.05892556 0.79166667
v 0.05892556 0.05892556 1.24074072
v 0.05892556 0.05892556 1.68981483
v 0.05892556 0.05892556 2.13888889
v 0.05892556 0.05892556 2.58796294
v 0.05892556 0.05892556 3.03703706
v 0.05892556 0.05892556 3.48611111
v 0.05892556 0.05892556 3.93518517
v 0.05892556 0.05892556 4.38425928
v 0.04166667 0.07216878 -0.10648150
v 0.04166667 0.07216878 0.34259261
v 0.04166667 0.07216878 0.79166667
v 0.04166667 0.07216878 1.24074072
v 0.04166667 0.07216878 1.68981483
v 0.04166667 0.07216878 2.13888889
v 0.04166667 0.07216878 2.58796294
v 0.04166667 0.07216878 3.03703706
v 0.04166667 0.07216878 3.48611111
v 0.04166667 0.07216878 3.93518517
v 0.04166667 0.07216878 4.38425928
v 0.02156828 0.08049383 -0.10648150
v 0.02156828 0.08049383 0.34259261
v 0.02156828 0.08049383 0.79166667
v 0.02156828 0.08049383 1.24074072
v 0.02156828 0.08049383 1.68981483
v 0.02156828 0.08049383 2.13888889
v 0.02156828 0.08049383 2.58796294
v 0.02156828 0.08049383 3.03703706
v 0.02156828 0.08049383 3.48611111
v 0.02156828 0.08049383 3.93518517
v 0.02156828 0.08049383 4.38425928
v 0.00000000 0.08333333 -0.10648150
v 0.00000000 0.08333333 0.34259261
v 0.00000000 0.08333333 0.79166667
v 0.00000000 0.08333333 1.24074072
v 0.00000000 0.08333333 1.68981483
v 0.00000000 0.08333333 2.13888889
v 0.00000000 0.08333333 2.58796294
v 0.00000000 0.08333333 3.03703706
v 0.00000000 0.08333333 3.48611111
v 0.00000000 0.08333333 3.93518517
v 0.00000000 0.08333333 4.38425928
v -0.02156828 0.08049383 -0.10648150
v -0.02156828 0.08049383 0.34259261
v -0.02156828 0.08049383 0.79166667
v -0.02156828 0.08049383 1.24074072
v -0.02156828 0.08049383 1.68981483
v -0.02156828 0.08049383 2.13888889
v -0.02156828 0.08049383 2.58796294
v -0.02156828 0.08049383 3.03703706
v -0.02156828 0.08049383 3.48611111
v -0.02156828 0.08049383 3.93518517
v -0.02156828 0.08049383 4.38425928
v -0.04166667 0.07216878 -0.10648150
v -0.04166667 0.07216878 0.34259261
v -0.04166667 0.07216878 0.79166667
v -0.04166667 0.07216878 1.24074072
v -0.04166667 0.07216878 1.68981483
v -0.04166667 0.07216878 2.13888889
v -0.04166667 0.07216878 2.58796294
v -0.04166667 0.07216878 3.03703706
v -0.04166667 0.07216878 3.48611111
v -0.04166667 0.07216878 3.93518517
v -0.04166667 0.07216878 4.38425928
v -0.05892556 0.05892556 -0.10648150
v -0.05892556 0.05892556 0.34259261
v -0.05892556 0.05892556 0.79166667
v -0.05892556 0.05892556 1.24074072
v -0.05892556 0.05892556 1.68981483
v -0.05892556 0.05892556 2.13888889
v -0.05892556 0.05892556 2.58796294
v -0.05892556 0.05892556 3.03703706
v -0.05892556 0.05892556 3.48611111
v -0.05892556 0.05892556 3.93518517
v -0.05892556 0.05892556 4.38425928
v -0.07216878 0.04166667 -0.10648150
v -0.07216878 0.04166667 0.34259261
v -0.07216878 0.04166667 0.79166667
v -0.07216878 0.04166667 1.24074072
v -0.07216878 0.04166667 1.68981483
v -0.07216878 0.04166667 2.13888889
v -0.07216878 0.04166667 2.58796294
v -0.07216878 0.04166667 3.03703706
v -0.07216878 0.04166667 3.48611111
v -0.07216878 0.04166667 3.93518517
v -0.07216878 0.04166667 4.38425928
v -0.08049383 0.02156828 -0.10648150
v -0.08049383 0.02156828 0.34259261
v -0.08049383 0.02156828 0.79166667
v -0.08049383 0.02156828 1.24074072
v -0.08049383 0.02156828 1.68981483
v -0.08049383 0.02156828 2.13888889
v -0.08049383 0.02156828 2.58796294
v -0.08049383 0.02156828 3.03703706
v -0.08049383 0.02156828 3.48611111
v -0.08049383 0.02156828 3.93518517
v -0.08049383 0.02156828 4.38425928
v -0.08333333 0.00000000 -0.10648150
v -0.08333333 0.00000000 0.34259261
v -0.08333333 0.00000000 0.79166667
v -0.08333333 0.00000000 1.24074072
v -0.08333333 0.00000000 1.68981483
v -0.08333333 0.00000000 2.13888889
v -0.08333333 0.00000000 2.58796294
v -0.08333333 0.00000000 3.03703706
v -0.08333333 0.00000000 3.48611111
v -0.08333333 0.00000000 3.93518517
v -0.08333333 0.00000000 4.38425928
v -0.08049383 -0.02156828 -0.10648150
v -0.08049383 -0.02156828 0.34259261
v -0.08049383 -0.02156828 0.79166667
v -0.08049383 -0.02156828 1.24074072
v -0.08049383 -0.02156828 1.68981483
v -0.08049383 -0.02156828 2.13888889
v -0.08049383 -0.02156828 2.58796294
v -0.08049383 -0.02156828 3.03703706
v -0.08049383 -0.02156828 3.48611111
v -0.08049383 -0.02156828 3.93518517
v -0.08049383 -0.02156828 4.38425928
v -0.07216878 -0.04166667 -0.10648150
v -0.07216878 -0.04166667 0.34259261
v -0.07216878 -0.04166667 0.79166667
v -0.07216878 -0.04166667 1.24074072
v -0.07216878 -0.04166667 1.68981483
v -0.07216878 -0.04166667 2.13888889
v -0.07216878 -0.04166667 2.58796294
v -0.07216878 -0.04166667 3.03703706
v -0.07216878 -0.04166667 3.48611111
v -0.07216878 -0.04166667 3.93518517
v -0.07216878 -0.04166667 4.38425928
v -0.05892556 -0.05892556 -0.10648150
v -0.05892556 -0.05892556 0.34259261
v -0.05892556 -0.05892556 0.79166667
v -0.05892556 -0.05892556 1.24074072
v -0.05892556 -0.05892556 1.68981483
v -0.05892556 -0.05892556 2.13888889
v -0.05892556 -0.05892556 2.58796294
v -0.05892556 -0.05892556 3.03703706
v -0.05892556 -0.05892556 3.48611111
v -0.05892556 -0.05892556 3.93518517
v -0.05892556 -0.05892556 4.38425928
v -0.04166667 -0.07216878 -0.10648150
v -0.04166667 -0.07216878 0.34259261
v -0.04166667 -0.07216878 0.79166667
v -0.04166667 -0.07216878 1.24074072
v -0.04166667 -0.07216878 1.68981483
v -0.04166667 -0.07216878 2.13888889
v -0.04166667 -0.07216878 2.58796294
v -0.04166667 -0.07216878 3.03703706
v -0.04166667 -0.07216878 3.48611111
v -0.04166667 -0.07216878 3.93518517
v -0.04166667 -0.07216878 4.38425928
v -0.02156828 -0.08049383 -0.10648150
v -0.02156828 -0.08049383 0.34259261
v -0.02156828 -0.08049383 0.79166667
v -0.02156828 -0.08049383 1.24074072
v -0.02156828 -0.08049383 1.68981483
v -0.02156828 -0.08049383 2.13888889
v -0.02156828 -0.08049383 2.58796294
v -0.02156828 -0.08049383 3.03703706
v -0.02156828 -0.08049383 3.48611111
v -0.02156828 -0.08049383 3.93518517
v -0.02156828 -0.08049383 4.38425928
v 0.00000000 -0.08333333 -0.10648150
v 0.00000000 -0.08333333 0.34259261
v 0.00000000 -0.08333333 0.79166667
v 0.00000000 -0.08333333 1.24074072
v 0.00000000 -0.08333333 1.68981483
v 0.00000000 -0.08333333 2.13888889
v 0.00000000 -0.08333333 2.58796294
v 0.00000000 -0.08333333 3.03703706
v 0.00000000 -0.08333333 3.48611111
v 0.00000000 -0.08333333 3.93518517
v 0.00000000 -0.08333333 4.38425928
v 0.02156828 -0.08049383 -0.10648150
v 0.02156828 -0.08049383 0.34259261
v 0.02156828 -0.08049383 0.79166667
v 0.02156828 -0.08049383 1.24074072
v 0.02156828 -0.08049383 1.68981483
v 0.02156828 -0.08049383 2.13888889
v 0.02156828 -0.08049383 2.58796294
v 0.02156828 -0.08049383 3.03703706
v 0.02156828 -0.08049383 3.48611111
v 0.02156828 -0.08049383 3.93518517
v 0.02156828 -0.08049383 4.38425928
v 0.04166667 -0.07216878 -0.10648150
v 0.04166667 -0.07216878 0.34259261
v 0.04166667 -0.07216878 0.79166667
v 0.04166667 -0.07216878 1.24074072
v 0.04166667 -0.07216878 1.68981483
v 0.04166667 -0.07216878 2.13888889
v 0.04166667 -0.07216878 2.58796294
v 0.04166667 -0.07216878 3.03703706
v 0.04166667 -0.07216878 3.48611111
v 0.04166667 -0.07216878 3.93518517
v 0.04166667 -0.07216878 4.38425928
v 0.05892556 -0.05892556 -0.10648150
v 0.05892556 -0.05892556 0.34259261
v 0.05892556 -0.05892556 0.79166667
v 0.05892556 -0.05892556 1.24074072
v 0.05892556 -0.05892556 1.68981483
v 0.05892556 -0.05892556 2.13888889
v 0.05892556 -0.05892556 2.58796294
v 0.05892556 -0.05892556 3.03703706
v 0.05892556 -0.05892556 3.48611111
v 0.05892556 -0.05892556 3.93518517
v 0.05892556 -0.05892556 4.38425928
v 0.07216878 -0.04166667 -0.10648150
v 0.07216878 -0.04166667 0.34259261
v 0.07216878 -0.04166667 0.79166667
v 0.07216878 -0.04166667 1.24074072
v 0.07216878 -0.04166667 1.68981483
v 0.07216878 -0.04166667 2.13888889
v 0.07216878 -0.04166667 2.58796294
v 0.07216878 -0.04166667 3.03703706
v 0.07216878 -0.04166667 3.48611111
v 0.07216878 -0.04166667 3.93518517
v 0.07216878 -0.04166667 4.38425928
v 0.08049383 -0.02156828 -0.10648150
v 0.08049383 -0.02156828 0.34259261
v 0.08049383 -0.02156828 0.79166667
v 0.08049383 -0.02156828 1.24074072
v 0.08049383 -0.02156828 1.68981483
v 0.08049383 -0.02156828 2.13888889
v 0.08049383 -0.02156828 2.58796294
v 0.08049383 -0.02156828 3.03703706
v 0.08049383 -0.02156828 3.48611111
v 0.08049383 -0.02156828 3.93518517
v 0.08049383 -0.02156828 4.38425928
vt -9.70000000 -0.02511700
vt 0.09286600 -0.01944700
vt -0.02097400 0.23810000
vt -0.00743800 -0.02589100
vt -0.04669700 -0.02976900
vt -0.03854900 0.18652300
vt -0.02097400 0.23810000
vt 0.02500000 -0.02500000
vt -0.06145100 0.06145100
vt 0.75398200 2.10153300
vt -0.10996900 -0.11774400
vt -0.04669700 -0.12731100
vt -0.00743800 -0.13118900
vt 0.03849900 -0.13460400
vt 0.09286600 -0.13763200
vt -9.70000000 -0.21050200
vt -9.70000000 -0.17342500
vt -9.70000000 -0.13634800
vt -9.70000000 -0.09927100
vt -9.70000000 -0.06219400
vt -9.70000000 -0.26073700
vt 0.09286600 -0.17652700
vt 0.03849900 -0.17955500
vt -0.00743800 -0.18297000
vt -0.04669700 -0.18684900
vt -0.10996900 -0.19641500
vt -0.15811400 -0.20944000
vt -0.02500000 -0.02500000
vt 0.06145100 0.06145100
vt 0.04330100 -0.02500000
vt -0.10996900 -0.27482400
vt -0.04669700 -0.28439000
vt -0.00743800 -0.28826900
vt 0.03849900 -0.29168400
vt 0.09286600 -0.29471200
vt -9.70000000 -0.44612200
vt -9.70000000 -0.40904500
vt -9.70000000 -0.37196800
vt -9.70000000 -0.33489100
vt -9.70000000 -0.29781400
vt -9.70000000 0.21050200
vt 0.09286600 0.13763200
vt 0.02500000 -0.04330100
vt -0.00743800 0.13118900
vt -0.04669700 0.12731100
vt 0.02500000 -0.04330100
vt 0.02500000 -0.04330100
vt 0.02500000 0.02500000
vt -0.12290200 0.30000000
vt 0.02500000 -0.04330100
vt -0.10996900 0.03933600
vt -0.04669700 0.02976900
vt -0.00743800 0.02589100
vt 0.03849900 0.02247500
vt 0.09286600 0.01944700
vt -9.70000000 0.02511700
vt -9.70000000 0.06219400
vt -9.70000000 0.09927100
vt -9.70000000 0.13634800
vt -9.70000000 0.17342500
vt -9.70000000 0.44612200
vt 0.09286600 -0.33360700
vt 0.03849900 -0.33663500
vt -0.00743800 -0.34005000
vt -0.04669700 -0.34392800
vt -0.10996900 -0.35349500
vt -0.04669700 0.12731100
vt -0.02500000 0.02500000
vt 0.06145100 -0.06145100
vt -0.04829600 -0.01294100
vt -0.10996900 0.19641500
vt -0.04669700 0.18684900
vt -0.00743800 0.18297000
vt 0.03849900 0.17955500
vt 0.09286600 0.17652700
vt -9.70000000 0.26073700
vt -9.70000000 0.29781400
vt -9.70000000 0.33489100
vt -9.70000000 0.37196800
vt -9.70000000 0.40904500
vt -0.15811400 -0.02618000
vt -0.15811400 -0.00000000
vt -0.15811400 0.02618000
vt -0.15811400 0.13090000
vt -0.15811400 0.15708000
vt -0.15811400 0.18326000
vt -0.15811400 -0.34033900
vt -0.15811400 -0.31415900
vt -0.15811400 -0.28797900
vt -0.15811400 -0.18326000
vt -0.15811400 -0.15708000
vt -0.15811400 -0.13090000
vt -9.70000000 -0.00837200
vt -9.70000000 0.00837200
vt -9.70000000 0.22724700
vt -9.70000000 0.24399200
vt -9.70000000 0.46286600
vt -9.70000000 -0.00837200
vt 0.30000000 -0.00000000
vt 0.28977800 -0.07764600
vt 0.25980800 -0.15000000
vt 0.21213200 -0.21213200
vt 0.15000000 -0.25980800
vt 0.07764600 -0.28977800
vt 1.25663700 -1.35981500
vt -0.07764600 -0.28977800
vt -0.15000000 -0.25980800
vt -0.21213200 -0.21213200
vt -0.25980800 -0.15000000
vt -0.28977800 -0.07764600
vt -0.30000000 0.00000000
vt -0.28977800 0.07764600
vt -0.25980800 0.15000000
vt -0.21213200 0.21213200
vt -0.15000000 0.25980800
vt -0.07764600 0.28977800
vt 1.25663700 1.35981500
vt 0.07764600 0.28977800
vt 0.15000000 0.25980800
vt 0.21213200 0.21213200
vt 0.25980800 0.15000000
vt 0.28977800 0.07764600
vt -0.80000000 -3.45575200
vt -0.80000000 3.29867200
vt -0.80000000 3.14159300
vt -0.80000000 2.98451300
vt -0.80000000 2.82743300
vt -0.80000000 2.67035400
vt -0.80000000 2.51327400
vt -0.80000000 2.35619400
vt -0.80000000 2.19911500
vt -0.80000000 2.04203500
vt -0.80000000 1.88495600
vt -0.80000000 1.72787600
vt -0.80000000 1.57079600
vt -0.80000000 1.41371700
vt -0.80000000 1.25663700
vt -0.80000000 1.09955700
vt -0.80000000 0.94247800
vt -0.80000000 0.78539800
vt -0.80000000 0.62831900
vt -0.80000000 0.47123900
vt -0.80000000 0.31415900
vt -0.80000000 0.15708000
vt -0.80000000 0.00000000
vt -0.80000000 -0.15708000
vt -0.80000000 -0.31415900
vt -0.80000000 -0.47123900
vt -0.80000000 -0.62831900
vt -0.80000000 -0.78539800
vt -0.80000000 -0.94247800
vt -0.80000000 -1.09955700
vt -0.80000000 -1.25663700
vt -0.80000000 -1.41371700
vt -0.80000000 -1.57079600
vt -0.80000000 -1.72787600
vt -0.80000000 -1.88495600
vt -0.80000000 -2.04203500
vt -0.80000000 -2.19911500
vt -0.80000000 -2.35619400
vt -0.80000000 -2.51327400
vt -0.80000000 -2.67035400
vt -0.80000000 -2.82743300
vt -0.80000000 -2.98451300
vt -0.80000000 -3.14159300
vt -0.80000000 -3.29867200
vt 1.13097300 -2.71963100
vt 1.00531000 -2.71963100
vt 0.87964600 -2.71963100
vt 0.75398200 -2.71963100
vt 0.62831900 -2.71963100
vt 0.50265500 -2.71963100
vt 0.37699100 -2.71963100
vt 0.87964600 0.00000000
vt 0.12566400 -2.71963100
vt 1.13097300 -2.34877200
vt 1.13097300 -2.10153300
vt 1.13097300 -1.97791300
vt 1.13097300 -1.73067400
vt 1.13097300 -0.98895700
vt 1.13097300 -0.74171800
vt 1.13097300 -0.61809800
vt 1.13097300 -0.37085900
vt 1.13097300 0.37085900
vt 1.13097300 0.61809800
vt 1.13097300 0.74171800
vt 1.13097300 0.98895700
vt 1.13097300 1.73067400
vt 1.13097300 1.97791300
vt 1.13097300 2.10153300
vt 1.13097300 2.34877200
vt 1.13097300 -2.59601100
vt 1.00531000 -2.59601100
vt 0.87964600 -2.59601100
vt 0.75398200 -2.59601100
vt 0.62831900 -2.59601100
vt 0.50265500 -2.59601100
vt 0.37699100 -2.59601100
vt 0.25132700 -2.59601100
vt 0.12566400 -2.59601100
vt 1.13097300 -2.47239200
vt 1.00531000 -2.47239200
vt 0.87964600 -2.47239200
vt 0.75398200 -2.47239200
vt 0.62831900 -2.47239200
vt 0.50265500 -2.47239200
vt 0.37699100 -2.47239200
vt 0.25132700 -2.47239200
vt 0.12566400 -2.47239200
vt 1.13097300 -2.22515300
vt 1.00531000 -2.22515300
vt 0.87964600 -2.22515300
vt 0.75398200 -2.22515300
vt 0.62831900 -2.22515300
vt 0.50265500 -2.22515300
vt 0.37699100 -2.22515300
vt 0.25132700 -2.22515300
vt 0.12566400 -2.22515300
vt 0.12566400 -2.34877200
vt 0.25132700 -2.34877200
vt 0.37699100 -2.34877200
vt 0.50265500 -2.34877200
vt 0.62831900 -2.34877200
vt 0.75398200 -2.34877200
vt 0.87964600 -2.34877200
vt 1.00531000 -2.34877200
vt 1.00531000 -1.97791300
vt 0.87964600 -1.97791300
vt 0.75398200 -1.97791300
vt 0.62831900 -1.97791300
vt 0.50265500 -1.97791300
vt 0.37699100 -1.97791300
vt 0.25132700 -1.97791300
vt 0.12566400 -1.97791300
vt 0.12566400 -2.10153300
vt 0.25132700 -2.10153300
vt 0.37699100 -2.10153300
vt 0.50265500 -2.10153300
vt 0.62831900 -2.10153300
vt 0.75398200 -2.10153300
vt 0.87964600 -2.10153300
vt 1.00531000 -2.10153300
vt 1.00531000 -1.73067400
vt 0.87964600 -1.73067400
vt 0.75398200 -1.73067400
vt 0.62831900 -1.73067400
vt 0.50265500 -1.73067400
vt 0.37699100 -1.73067400
vt 0.25132700 -1.73067400
vt 0.12566400 -1.73067400
vt 0.12566400 -1.85429400
vt 0.25132700 -1.85429400
vt 0.37699100 -1.85429400
vt 0.50265500 -1.85429400
vt 0.62831900 -1.85429400
vt 0.75398200 -1.85429400
vt 0.87964600 -1.85429400
vt 1.00531000 -1.85429400
vt 1.13097300 -1.85429400
vt 1.13097300 -1.48343500
vt 1.00531000 -1.48343500
vt 0.87964600 -1.48343500
vt 0.75398200 -1.48343500
vt 0.62831900 -1.48343500
vt 0.50265500 -1.48343500
vt 0.37699100 -1.48343500
vt 0.25132700 -1.48343500
vt 0.12566400 -1.48343500
vt 0.12566400 -1.60705500
vt 0.25132700 -1.60705500
vt 0.37699100 -1.60705500
vt 0.50265500 -1.60705500
vt 0.62831900 -1.60705500
vt 0.75398200 -1.60705500
vt 0.87964600 -1.60705500
vt 1.00531000 -1.60705500
vt 1.13097300 -1.60705500
vt 1.13097300 -1.23619600
vt 1.00531000 -1.23619600
vt 0.87964600 -1.23619600
vt 0.75398200 -1.23619600
vt 0.62831900 -1.23619600
vt 0.50265500 -1.23619600
vt 0.37699100 -1.23619600
vt 0.25132700 -1.23619600
vt 0.12566400 -1.23619600
vt 0.12566400 -1.35981500
vt 0.25132700 -1.35981500
vt 0.37699100 -1.35981500
vt 0.50265500 -1.35981500
vt 0.62831900 -1.35981500
vt 0.75398200 -1.35981500
vt 0.87964600 -1.35981500
vt 1.00531000 -1.35981500
vt 1.13097300 -1.35981500
vt 1.13097300 -1.11257600
vt 1.00531000 -1.11257600
vt 0.87964600 -1.11257600
vt 0.75398200 -1.11257600
vt 0.62831900 -1.11257600
vt 0.50265500 -1.11257600
vt 0.37699100 -1.11257600
vt 0.25132700 -1.11257600
vt 0.12566400 -1.11257600
vt 1.13097300 -0.86533700
vt 1.00531000 -0.86533700
vt 0.87964600 -0.86533700
vt 0.75398200 -0.86533700
vt 0.62831900 -0.86533700
vt 0.50265500 -0.86533700
vt 0.37699100 -0.86533700
vt 0.25132700 -0.86533700
vt 0.12566400 -0.86533700
vt 0.12566400 -0.98895700
vt 0.25132700 -0.98895700
vt 0.37699100 -0.98895700
vt 0.50265500 -0.98895700
vt 0.62831900 -0.98895700
vt 0.75398200 -0.98895700
vt 0.87964600 -0.98895700
vt 1.00531000 -0.98895700
vt 1.00531000 -0.61809800
vt 0.87964600 -0.61809800
vt 0.75398200 -0.61809800
vt 0.62831900 -0.61809800
vt 0.50265500 -0.61809800
vt 0.37699100 -0.61809800
vt 0.25132700 -0.61809800
vt 0.12566400 -0.61809800
vt 0.12566400 -0.74171800
vt 0.25132700 -0.74171800
vt 0.37699100 -0.74171800
vt 0.50265500 -0.74171800
vt 0.62831900 -0.74171800
vt 0.75398200 -0.74171800
vt 0.87964600 -0.74171800
vt 1.00531000 -0.74171800
vt 1.00531000 -0.37085900
vt 0.87964600 -0.37085900
vt 0.75398200 -0.37085900
vt 0.62831900 -0.37085900
vt 0.50265500 -0.37085900
vt 0.37699100 -0.37085900
vt 0.25132700 -0.37085900
vt 0.12566400 -0.37085900
vt 0.12566400 -0.49447800
vt 0.25132700 -0.49447800
vt 0.37699100 -0.49447800
vt 0.50265500 -0.49447800
vt 0.62831900 -0.49447800
vt 0.75398200 -0.49447800
vt 0.87964600 -0.49447800
vt 1.00531000 -0.49447800
vt 1.13097300 -0.49447800
vt 1.13097300 -0.12362000
vt 1.00531000 -0.12362000
vt 0.87964600 -0.12362000
vt 0.75398200 -0.12362000
vt 0.62831900 -0.12362000
vt 0.50265500 -0.12362000
vt 0.37699100 -0.12362000
vt 0.25132700 -0.12362000
vt 0.12566400 -0.12362000
vt 0.12566400 -0.24723900
vt 0.25132700 -0.24723900
vt 0.37699100 -0.24723900
vt 0.50265500 -0.24723900
vt 0.62831900 -0.24723900
vt 0.75398200 -0.24723900
vt 0.87964600 -0.24723900
vt 1.00531000 -0.24723900
vt 1.13097300 -0.24723900
vt 1.13097300 0.12362000
vt 1.00531000 0.12362000
vt 0.87964600 0.12362000
vt 0.75398200 0.12362000
vt 0.62831900 0.12362000
vt 0.50265500 0.12362000
vt 0.37699100 0.12362000
vt 0.25132700 0.12362000
vt 0.12566400 0.12362000
vt 0.12566400 0.00000000
vt 0.25132700 0.00000000
vt 0.37699100 0.00000000
vt 0.50265500 0.00000000
vt 0.62831900 0.00000000
vt 0.75398200 0.00000000
vt 0.87964600 0.00000000
vt 1.00531000 0.00000000
vt 1.13097300 0.00000000
vt 1.13097300 0.24723900
vt 1.00531000 0.24723900
vt 0.87964600 0.24723900
vt 0.75398200 0.24723900
vt 0.62831900 0.24723900
vt 0.50265500 0.24723900
vt 0.37699100 0.24723900
vt 0.25132700 0.24723900
vt 0.12566400 0.24723900
vt 1.13097300 0.49447800
vt 1.00531000 0.49447800
vt 0.87964600 0.49447800
vt 0.75398200 0.49447800
vt 0.62831900 0.49447800
vt 0.50265500 0.49447800
vt 0.37699100 0.49447800
vt 0.25132700 0.49447800
vt 0.12566400 0.49447800
vt 0.12566400 0.37085900
vt 0.25132700 0.37085900
vt 0.37699100 0.37085900
vt 0.50265500 0.37085900
vt 0.62831900 0.37085900
vt 0.75398200 0.37085900
vt 0.87964600 0.37085900
vt 1.00531000 0.37085900
vt 1.00531000 0.74171800
vt 0.87964600 0.74171800
vt 0.75398200 0.74171800
vt 0.62831900 0.74171800
vt 0.50265500 0.74171800
vt 0.37699100 0.74171800
vt 0.25132700 0.74171800
vt 0.12566400 0.74171800
vt 0.12566400 0.61809800
vt 0.25132700 0.61809800
vt 0.37699100 0.61809800
vt 0.50265500 0.61809800
vt 0.62831900 0.61809800
vt 0.75398200 0.61809800
vt 0.87964600 0.61809800
vt 1.00531000 0.61809800
vt 1.00531000 0.98895700
vt 0.87964600 0.98895700
vt 0.75398200 0.98895700
vt 0.62831900 0.98895700
vt 0.50265500 0.98895700
vt 0.37699100 0.98895700
vt 0.25132700 0.98895700
vt 0.12566400 0.98895700
vt 0.12566400 0.86533700
vt 0.25132700 0.86533700
vt 0.37699100 0.86533700
vt 0.50265500 0.86533700
vt 0.62831900 0.86533700
vt 0.75398200 0.86533700
vt 0.87964600 0.86533700
vt 1.00531000 0.86533700
vt 1.13097300 0.86533700
vt 1.13097300 1.23619600
vt 1.00531000 1.23619600
vt 0.87964600 1.23619600
vt 0.75398200 1.23619600
vt 0.62831900 1.23619600
vt 0.50265500 1.23619600
vt 0.37699100 1.23619600
vt 0.25132700 1.23619600
vt 0.12566400 1.23619600
vt 0.12566400 1.11257600
vt 0.25132700 1.11257600
vt 0.37699100 1.11257600
vt 0.50265500 1.11257600
vt 0.62831900 1.11257600
vt 0.75398200 1.11257600
vt 0.87964600 1.11257600
vt 1.00531000 1.11257600
vt 1.13097300 1.11257600
vt 1.13097300 1.48343500
vt 1.00531000 1.48343500
vt 0.87964600 1.48343500
vt 0.75398200 1.48343500
vt 0.62831900 1.48343500
vt 0.50265500 1.48343500
vt 0.37699100 1.48343500
vt 0.25132700 1.48343500
vt 0.12566400 1.48343500
vt 0.12566400 1.35981500
vt 0.25132700 1.35981500
vt 0.37699100 1.35981500
vt 0.50265500 1.35981500
vt 0.62831900 1.35981500
vt 0.75398200 1.35981500
vt 0.87964600 1.35981500
vt 1.00531000 1.35981500
vt 1.13097300 1.35981500
vt 1.13097300 1.60705500
vt 1.00531000 1.60705500
vt 0.87964600 1.60705500
vt 0.75398200 1.60705500
vt 0.62831900 1.60705500
vt 0.50265500 1.60705500
vt 0.37699100 1.60705500
vt 0.25132700 1.60705500
vt 0.12566400 1.60705500
vt 1.13097300 1.85429400
vt 1.00531000 1.85429400
vt 0.87964600 1.85429400
vt 0.75398200 1.85429400
vt 0.62831900 1.85429400
vt 0.50265500 1.85429400
vt 0.37699100 1.85429400
vt 0.25132700 1.85429400
vt 0.12566400 1.85429400
vt 0.12566400 1.73067400
vt 0.25132700 1.73067400
vt 0.37699100 1.73067400
vt 0.50265500 1.73067400
vt 0.62831900 1.73067400
vt 0.75398200 1.73067400
vt 0.87964600 1.73067400
vt 1.00531000 1.73067400
vt 1.00531000 2.10153300
vt 0.87964600 2.10153300
vt 0.75398200 2.10153300
vt 0.62831900 2.10153300
vt 0.50265500 2.10153300
vt 0.37699100 2.10153300
vt 0.25132700 2.10153300
vt 0.12566400 2.10153300
vt 0.12566400 1.97791300
vt 0.25132700 1.97791300
vt 0.37699100 1.97791300
vt 0.50265500 1.97791300
vt 0.62831900 1.97791300
vt 0.75398200 1.97791300
vt 0.87964600 1.97791300
vt 1.00531000 1.97791300
vt 1.00531000 2.34877200
vt 0.87964600 2.34877200
vt 0.75398200 2.34877200
vt 0.62831900 2.34877200
vt 0.50265500 2.34877200
vt 0.37699100 2.34877200
vt 0.25132700 2.34877200
vt 0.12566400 2.34877200
vt 0.12566400 2.22515300
vt 0.25132700 2.22515300
vt 0.37699100 2.22515300
vt 0.50265500 2.22515300
vt 0.62831900 2.22515300
vt 0.75398200 2.22515300
vt 0.87964600 2.22515300
vt 1.00531000 2.22515300
vt 1.13097300 2.22515300
vt 1.13097300 2.59601100
vt 1.00531000 2.59601100
vt 0.87964600 2.59601100
vt 0.75398200 2.59601100
vt 0.62831900 2.59601100
vt 0.50265500 2.59601100
vt 0.37699100 2.59601100
vt 0.25132700 2.59601100
vt 0.12566400 2.59601100
vt 0.12566400 2.47239200
vt 0.25132700 2.47239200
vt 0.37699100 2.47239200
vt 0.50265500 2.47239200
vt 0.62831900 2.47239200
vt 0.75398200 2.47239200
vt 0.87964600 2.47239200
vt 1.00531000 2.47239200
vt 1.13097300 2.47239200
vt -0.07854000 -3.17970700
vt -0.00000000 3.03517400
vt -0.00000000 2.89064200
vt -0.00000000 2.74611000
vt -0.00000000 2.60157800
vt -0.00000000 2.45704600
vt -0.00000000 2.31251400
vt -0.00000000 2.16798200
vt -0.00000000 2.02345000
vt -0.00000000 1.87891800
vt -0.00000000 1.73438500
vt -0.00000000 1.58985300
vt -0.00000000 1.44532100
vt -0.00000000 1.30078900
vt -0.00000000 1.15625700
vt -0.00000000 1.01172500
vt -0.00000000 0.86719300
vt -0.00000000 0.72266100
vt -0.00000000 0.57812800
vt -0.00000000 0.43359600
vt -0.00000000 0.28906400
vt -0.00000000 0.14453200
vt -0.00000000 0.00000000
vt -0.00000000 -0.14453200
vt -0.00000000 -0.28906400
vt -0.00000000 -0.43359600
vt -0.00000000 -0.57812800
vt -0.00000000 -0.72266100
vt -0.00000000 -0.86719300
vt -0.00000000 -1.01172500
vt -0.00000000 -1.15625700
vt -0.00000000 -1.30078900
vt -0.00000000 -1.44532100
vt -0.00000000 -1.58985300
vt -0.00000000 -1.73438500
vt -0.00000000 -1.87891800
vt -0.00000000 -2.02345000
vt -0.00000000 -2.16798200
vt -0.00000000 -2.31251400
vt -0.00000000 -2.45704600
vt -0.00000000 -2.60157800
vt -0.00000000 -2.74611000
vt -0.00000000 -2.89064200
vt -0.00000000 -3.03517400
vt -7.70000000 -3.45575200
vt -4.25000000 3.29867200
vt -4.25000000 3.14159300
vt -4.25000000 2.98451300
vt -4.25000000 2.82743300
vt -4.25000000 2.67035400
vt -4.25000000 2.51327400
vt -4.25000000 2.35619400
vt -4.25000000 2.19911500
vt -4.25000000 2.04203500
vt -4.25000000 1.88495600
vt -4.25000000 1.72787600
vt -4.25000000 1.57079600
vt -4.25000000 1.41371700
vt -4.25000000 1.25663700
vt -4.25000000 1.09955700
vt -4.25000000 0.94247800
vt -4.25000000 0.78539800
vt -4.25000000 0.62831900
vt -4.25000000 0.47123900
vt -4.25000000 0.31415900
vt -4.25000000 0.15708000
vt -4.25000000 0.00000000
vt -4.25000000 -0.15708000
vt -4.25000000 -0.31415900
vt -4.25000000 -0.47123900
vt -4.25000000 -0.62831900
vt -4.25000000 -0.78539800
vt -4.25000000 -0.94247800
vt -4.25000000 -1.09955700
vt -4.25000000 -1.25663700
vt -4.25000000 -1.41371700
vt -4.25000000 -1.57079600
vt -4.25000000 -1.72787600
vt -4.25000000 -1.88495600
vt -4.25000000 -2.04203500
vt -4.25000000 -2.19911500
vt -4.25000000 -2.35619400
vt -4.25000000 -2.51327400
vt -4.25000000 -2.67035400
vt -4.25000000 -2.82743300
vt -4.25000000 -2.98451300
vt -4.25000000 -3.14159300
vt -4.25000000 -3.29867200
vt -0.80000000 0.00000000
vt -0.78849300 0.13520100
vt -0.75430200 0.26651200
vt -0.69841100 0.39015600
vt -0.62242900 0.50257600
vt -0.52854000 0.60053800
vt -0.41944600 0.68122300
vt -0.29828500 0.74231100
vt -0.16854300 0.78204400
vt -0.03395300 0.79927900
vt 0.10161400 0.79352000
vt 0.23425800 0.76493300
vt 0.36016300 0.71434100
vt 0.47570700 0.64319800
vt 0.57756500 0.55355100
vt 0.66280800 0.44798000
vt 0.72898300 0.32952100
vt 0.77418600 0.20158200
vt 0.79711800 0.06784500
vt 0.79711800 -0.06784500
vt 0.77418600 -0.20158200
vt 0.72898300 -0.32952100
vt 0.66280800 -0.44798000
vt 0.57756500 -0.55355100
vt 0.47570700 -0.64319800
vt 0.36016300 -0.71434100
vt 0.23425800 -0.76493300
vt 0.10161400 -0.79352000
vt -0.03395300 -0.79927900
vt -0.16854300 -0.78204400
vt -0.29828500 -0.74231100
vt -0.41944600 -0.68122300
vt -0.52854000 -0.60053800
vt -0.62242900 -0.50257600
vt -0.69841100 -0.39015600
vt -0.75430200 -0.26651200
vt -0.78849300 -0.13520100
vt -0.07854000 -3.17970700
vt -0.15708000 3.17970700
vt -0.23561900 3.17970700
vt -0.31415900 3.17970700
vt -0.39269900 3.17970700
vt -0.39269900 -2.16798200
vt -0.39269900 -1.44532100
vt -0.39269900 -0.57812800
vt -0.39269900 0.57812800
vt -0.39269900 1.44532100
vt -0.39269900 2.16798200
vt -0.07854000 -3.03517400
vt -0.15708000 -3.03517400
vt -0.23561900 -3.03517400
vt -0.31415900 -3.03517400
vt -0.39269900 -3.03517400
vt -0.07854000 -2.89064200
vt -0.15708000 -2.89064200
vt -0.23561900 -2.89064200
vt -0.31415900 -2.89064200
vt -0.39269900 -2.89064200
vt -0.07854000 -2.74611000
vt -0.15708000 -2.74611000
vt -0.23561900 -2.74611000
vt -0.31415900 -2.74611000
vt -0.39269900 -2.74611000
vt -0.07854000 -2.60157800
vt -0.15708000 -2.60157800
vt -0.23561900 -2.60157800
vt -0.31415900 -2.60157800
vt -0.39269900 -2.60157800
vt -0.07854000 -2.45704600
vt -0.15708000 -2.45704600
vt -0.23561900 -2.45704600
vt -0.31415900 -2.45704600
vt -0.39269900 -2.45704600
vt -0.07854000 -2.31251400
vt -0.15708000 -2.31251400
vt -0.23561900 -2.31251400
vt -0.31415900 -2.31251400
vt -0.39269900 -2.31251400
vt -0.07854000 -2.16798200
vt -0.15708000 -2.16798200
vt -0.23561900 -2.16798200
vt -0.31415900 -2.16798200
vt -0.07854000 -2.02345000
vt -0.15708000 -2.02345000
vt -0.23561900 -2.02345000
vt -0.31415900 -2.02345000
vt -0.39269900 -2.02345000
vt -0.07854000 -1.87891800
vt -0.15708000 -1.87891800
vt -0.23561900 -1.87891800
vt -0.31415900 -1.87891800
vt -0.39269900 -1.87891800
vt -0.07854000 -1.73438500
vt -0.15708000 -1.73438500
vt -0.23561900 -1.73438500
vt -0.31415900 -1.73438500
vt -0.39269900 -1.73438500
vt -0.07854000 -1.58985300
vt -0.15708000 -1.58985300
vt -0.23561900 -1.58985300
vt -0.31415900 -1.58985300
vt -0.39269900 -1.58985300
vt -0.07854000 -1.44532100
vt -0.15708000 -1.44532100
vt -0.23561900 -1.44532100
vt -0.31415900 -1.44532100
vt -0.07854000 -1.30078900
vt -0.15708000 -1.30078900
vt -0.23561900 -1.30078900
vt -0.31415900 -1.30078900
vt -0.39269900 -1.30078900
vt -0.07854000 -1.15625700
vt -0.15708000 -1.15625700
vt -0.23561900 -1.15625700
vt -0.31415900 -1.15625700
vt -0.39269900 -1.15625700
vt -0.07854000 -1.01172500
vt -0.15708000 -1.01172500
vt -0.23561900 -1.01172500
vt -0.31415900 -1.01172500
vt -0.39269900 -1.01172500
vt -0.07854000 -0.86719300
vt -0.15708000 -0.86719300
vt -0.23561900 -0.86719300
vt -0.31415900 -0.86719300
vt -0.39269900 -0.86719300
vt -0.07854000 -0.72266100
vt -0.15708000 -0.72266100
vt -0.23561900 -0.72266100
vt -0.31415900 -0.72266100
vt -0.39269900 -0.72266100
vt -0.07854000 -0.57812800
vt -0.15708000 -0.57812800
vt -0.23561900 -0.57812800
vt -0.31415900 -0.57812800
vt -0.07854000 -0.43359600
vt -0.15708000 -0.43359600
vt -0.23561900 -0.43359600
vt -0.31415900 -0.43359600
vt -0.39269900 -0.43359600
vt -0.07854000 -0.28906400
vt -0.15708000 -0.28906400
vt -0.23561900 -0.28906400
vt -0.31415900 -0.28906400
vt -0.39269900 -0.28906400
vt -0.07854000 -0.14453200
vt -0.15708000 -0.14453200
vt -0.23561900 -0.14453200
vt -0.31415900 -0.14453200
vt -0.39269900 -0.14453200
vt -0.07854000 0.00000000
vt -0.15708000 0.00000000
vt -0.23561900 0.00000000
vt -0.31415900 0.00000000
vt -0.39269900 0.00000000
vt -0.07854000 0.14453200
vt -0.15708000 0.14453200
vt -0.23561900 0.14453200
vt -0.31415900 0.14453200
vt -0.39269900 0.14453200
vt -0.07854000 0.28906400
vt -0.15708000 0.28906400
vt -0.23561900 0.28906400
vt -0.31415900 0.28906400
vt -0.39269900 0.28906400
vt -0.07854000 0.43359600
vt -0.15708000 0.43359600
vt -0.23561900 0.43359600
vt -0.31415900 0.43359600
vt -0.39269900 0.43359600
vt -0.07854000 0.57812800
vt -0.15708000 0.57812800
vt -0.23561900 0.57812800
vt -0.31415900 0.57812800
vt -0.07854000 0.72266100
vt -0.15708000 0.72266100
vt -0.23561900 0.72266100
vt -0.31415900 0.72266100
vt -0.39269900 0.72266100
vt -0.07854000 0.86719300
vt -0.15708000 0.86719300
vt -0.23561900 0.86719300
vt -0.31415900 0.86719300
vt -0.39269900 0.86719300
vt -0.07854000 1.01172500
vt -0.15708000 1.01172500
vt -0.23561900 1.01172500
vt -0.31415900 1.01172500
vt -0.39269900 1.01172500
vt -0.07854000 1.15625700
vt -0.15708000 1.15625700
vt -0.23561900 1.15625700
vt -0.31415900 1.15625700
vt -0.39269900 1.15625700
vt -0.07854000 1.30078900
vt -0.15708000 1.30078900
vt -0.23561900 1.30078900
vt -0.31415900 1.30078900
vt -0.39269900 1.30078900
vt -0.07854000 1.44532100
vt -0.15708000 1.44532100
vt -0.23561900 1.44532100
vt -0.31415900 1.44532100
vt -0.07854000 1.58985300
vt -0.15708000 1.58985300
vt -0.23561900 1.58985300
vt -0.31415900 1.58985300
vt -0.39269900 1.58985300
vt -0.07854000 1.73438500
vt -0.15708000 1.73438500
vt -0.23561900 1.73438500
vt -0.31415900 1.73438500
vt -0.39269900 1.73438500
vt -0.07854000 1.87891800
vt -0.15708000 1.87891800
vt -0.23561900 1.87891800
vt -0.31415900 1.87891800
vt -0.39269900 1.87891800
vt -0.07854000 2.02345000
vt -0.15708000 2.02345000
vt -0.23561900 2.02345000
vt -0.31415900 2.02345000
vt -0.39269900 2.02345000
vt -0.07854000 2.16798200
vt -0.15708000 2.16798200
vt -0.23561900 2.16798200
vt -0.31415900 2.16798200
vt -0.07854000 2.31251400
vt -0.15708000 2.31251400
vt -0.23561900 2.31251400
vt -0.31415900 2.31251400
vt -0.39269900 2.31251400
vt -0.07854000 2.45704600
vt -0.15708000 2.45704600
vt -0.23561900 2.45704600
vt -0.31415900 2.45704600
vt -0.39269900 2.45704600
vt -0.07854000 2.60157800
vt -0.15708000 2.60157800
vt -0.23561900 2.60157800
vt -0.31415900 2.60157800
vt -0.39269900 2.60157800
vt -0.07854000 2.74611000
vt -0.15708000 2.74611000
vt -0.23561900 2.74611000
vt -0.31415900 2.74611000
vt -0.39269900 2.74611000
vt -0.07854000 2.89064200
vt -0.15708000 2.89064200
vt -0.23561900 2.89064200
vt -0.31415900 2.89064200
vt -0.39269900 2.89064200
vt -0.07854000 3.03517400
vt -0.15708000 3.03517400
vt -0.23561900 3.03517400
vt -0.31415900 3.03517400
vt -0.39269900 3.03517400
vt -0.80833300 -0.47123900
vt -0.00000000 0.43196900
vt -0.00000000 0.39269900
vt -0.00000000 0.35342900
vt -0.00000000 0.31415900
vt -0.00000000 0.27488900
vt -0.00000000 0.23561900
vt -0.00000000 0.19635000
vt -0.00000000 0.15708000
vt -0.00000000 0.11781000
vt -0.00000000 0.07854000
vt -0.00000000 0.03927000
vt -0.00000000 0.00000000
vt -0.00000000 -0.03927000
vt -0.00000000 -0.07854000
vt -0.00000000 -0.11781000
vt -0.00000000 -0.15708000
vt -0.00000000 -0.19635000
vt -0.00000000 -0.23561900
vt -0.00000000 -0.27488900
vt -0.00000000 -0.31415900
vt -0.00000000 -0.35342900
vt -0.00000000 -0.39269900
vt -0.00000000 -0.43196900
vt -9.70000000 -0.24399200
vt -9.70000000 -0.22724700
vt -0.80833300 -0.47123900
vt -1.61666700 -0.47123900
vt -2.42500000 -0.47123900
vt -3.23333300 -0.47123900
vt -4.04166700 -0.47123900
vt -4.85000000 -0.47123900
vt -5.65833300 -0.47123900
vt -6.46666700 -0.47123900
vt -7.27500000 -0.47123900
vt -8.08333300 -0.47123900
vt -9.70000000 -0.00837200
vt -0.80833300 -0.43196900
vt -1.61666700 -0.43196900
vt -2.42500000 -0.43196900
vt -3.23333300 -0.43196900
vt -4.04166700 -0.43196900
vt -4.85000000 -0.43196900
vt -5.65833300 -0.43196900
vt -6.46666700 -0.43196900
vt -7.27500000 -0.43196900
vt -8.08333300 -0.43196900
vt -8.89166700 -0.43196900
vt -0.80833300 -0.39269900
vt -1.61666700 -0.39269900
vt -2.42500000 -0.39269900
vt -3.23333300 -0.39269900
vt -4.04166700 -0.39269900
vt -4.85000000 -0.39269900
vt -5.65833300 -0.39269900
vt -6.46666700 -0.39269900
vt -7.27500000 -0.39269900
vt -8.08333300 -0.39269900
vt -8.89166700 -0.39269900
vt -0.80833300 -0.35342900
vt -1.61666700 -0.35342900
vt -2.42500000 -0.35342900
vt -3.23333300 -0.35342900
vt -4.04166700 -0.35342900
vt -4.85000000 -0.35342900
vt -5.65833300 -0.35342900
vt -6.46666700 -0.35342900
vt -7.27500000 -0.35342900
vt -8.08333300 -0.35342900
vt -8.89166700 -0.35342900
vt -0.80833300 -0.31415900
vt -1.61666700 -0.31415900
vt -2.42500000 -0.31415900
vt -3.23333300 -0.31415900
vt -4.04166700 -0.31415900
vt -4.85000000 -0.31415900
vt -5.65833300 -0.31415900
vt -6.46666700 -0.31415900
vt -7.27500000 -0.31415900
vt -8.08333300 -0.31415900
vt -8.89166700 -0.31415900
vt -0.80833300 -0.27488900
vt -1.61666700 -0.27488900
vt -2.42500000 -0.27488900
vt -3.23333300 -0.27488900
vt -4.04166700 -0.27488900
vt -4.85000000 -0.27488900
vt -5.65833300 -0.27488900
vt -6.46666700 -0.27488900
vt -7.27500000 -0.27488900
vt -8.08333300 -0.27488900
vt -8.89166700 -0.27488900
vt -0.80833300 -0.23561900
vt -1.61666700 -0.23561900
vt -2.42500000 -0.23561900
vt -3.23333300 -0.23561900
vt -4.04166700 -0.23561900
vt -4.85000000 -0.23561900
vt -5.65833300 -0.23561900
vt -6.46666700 -0.23561900
vt -7.27500000 -0.23561900
vt -8.08333300 -0.23561900
vt -8.89166700 -0.23561900
vt -0.80833300 -0.19635000
vt -1.61666700 -0.19635000
vt -2.42500000 -0.19635000
vt -3.23333300 -0.19635000
vt -4.04166700 -0.19635000
vt -4.85000000 -0.19635000
vt -5.65833300 -0.19635000
vt -6.46666700 -0.19635000
vt -7.27500000 -0.19635000
vt -8.08333300 -0.19635000
vt -8.89166700 -0.19635000
vt -0.80833300 -0.15708000
vt -1.61666700 -0.15708000
vt -2.42500000 -0.15708000
vt -3.23333300 -0.15708000
vt -4.04166700 -0.15708000
vt -4.85000000 -0.15708000
vt -5.65833300 -0.15708000
vt -6.46666700 -0.15708000
vt -7.27500000 -0.15708000
vt -8.08333300 -0.15708000
vt -8.89166700 -0.15708000
vt -0.80833300 -0.11781000
vt -1.61666700 -0.11781000
vt -2.42500000 -0.11781000
vt -3.23333300 -0.11781000
vt -4.04166700 -0.11781000
vt -4.85000000 -0.11781000
vt -5.65833300 -0.11781000
vt -6.46666700 -0.11781000
vt -7.27500000 -0.11781000
vt -8.08333300 -0.11781000
vt -8.89166700 -0.11781000
vt -0.80833300 -0.07854000
vt -1.61666700 -0.07854000
vt -2.42500000 -0.07854000
vt -3.23333300 -0.07854000
vt -4.04166700 -0.07854000
vt -4.85000000 -0.07854000
vt -5.65833300 -0.07854000
vt -6.46666700 -0.07854000
vt -7.27500000 -0.07854000
vt -8.08333300 -0.07854000
vt -8.89166700 -0.07854000
vt -0.80833300 -0.03927000
vt -1.61666700 -0.03927000
vt -2.42500000 -0.03927000
vt -3.23333300 -0.03927000
vt -4.04166700 -0.03927000
vt -4.85000000 -0.03927000
vt -5.65833300 -0.03927000
vt -6.46666700 -0.03927000
vt -7.27500000 -0.03927000
vt -8.08333300 -0.03927000
vt -8.89166700 -0.03927000
vt -0.80833300 0.00000000
vt -1.61666700 0.00000000
vt -2.42500000 0.00000000
vt -3.23333300 0.00000000
vt -4.04166700 0.00000000
vt -4.85000000 0.00000000
vt -5.65833300 0.00000000
vt -6.46666700 0.00000000
vt -7.27500000 0.00000000
vt -8.08333300 0.00000000
vt -8.89166700 0.00000000
vt -0.80833300 0.03927000
vt -1.61666700 0.03927000
vt -2.42500000 0.03927000
vt -3.23333300 0.03927000
vt -4.04166700 0.03927000
vt -4.85000000 0.03927000
vt -5.65833300 0.03927000
vt -6.46666700 0.03927000
vt -7.27500000 0.03927000
vt -8.08333300 0.03927000
vt -8.89166700 0.03927000
vt -0.80833300 0.07854000
vt -1.61666700 0.07854000
vt -2.42500000 0.07854000
vt -3.23333300 0.07854000
vt -4.04166700 0.07854000
vt -4.85000000 0.07854000
vt -5.65833300 0.07854000
vt -6.46666700 0.07854000
vt -7.27500000 0.07854000
vt -8.08333300 0.07854000
vt -8.89166700 0.07854000
vt -0.80833300 0.11781000
vt -1.61666700 0.11781000
vt -2.42500000 0.11781000
vt -3.23333300 0.11781000
vt -4.04166700 0.11781000
vt -4.85000000 0.11781000
vt -5.65833300 0.11781000
vt -6.46666700 0.11781000
vt -7.27500000 0.11781000
vt -8.08333300 0.11781000
vt -8.89166700 0.11781000
vt -0.80833300 0.15708000
vt -1.61666700 0.15708000
vt -2.42500000 0.15708000
vt -3.23333300 0.15708000
vt -4.04166700 0.15708000
vt -4.85000000 0.15708000
vt -5.65833300 0.15708000
vt -6.46666700 0.15708000
vt -7.27500000 0.15708000
vt -8.08333300 0.15708000
vt -8.89166700 0.15708000
vt -0.80833300 0.19635000
vt -1.61666700 0.19635000
vt -2.42500000 0.19635000
vt -3.23333300 0.19635000
vt -4.04166700 0.19635000
vt -4.85000000 0.19635000
vt -5.65833300 0.19635000
vt -6.46666700 0.19635000
vt -7.27500000 0.19635000
vt -8.08333300 0.19635000
vt -8.89166700 0.19635000
vt -0.80833300 0.23561900
vt -1.61666700 0.23561900
vt -2.42500000 0.23561900
vt -3.23333300 0.23561900
vt -4.04166700 0.23561900
vt -4.85000000 0.23561900
vt -5.65833300 0.23561900
vt -6.46666700 0.23561900
vt -7.27500000 0.23561900
vt -8.08333300 0.23561900
vt -8.89166700 0.23561900
vt -0.80833300 0.27488900
vt -1.61666700 0.27488900
vt -2.42500000 0.27488900
vt -3.23333300 0.27488900
vt -4.04166700 0.27488900
vt -4.85000000 0.27488900
vt -5.65833300 0.27488900
vt -6.46666700 0.27488900
vt -7.27500000 0.27488900
vt -8.08333300 0.27488900
vt -8.89166700 0.27488900
vt -0.80833300 0.31415900
vt -1.61666700 0.31415900
vt -2.42500000 0.31415900
vt -3.23333300 0.31415900
vt -4.04166700 0.31415900
vt -4.85000000 0.31415900
vt -5.65833300 0.31415900
vt -6.46666700 0.31415900
vt -7.27500000 0.31415900
vt -8.08333300 0.31415900
vt -8.89166700 0.31415900
vt -0.80833300 0.35342900
vt -1.61666700 0.35342900
vt -2.42500000 0.35342900
vt -3.23333300 0.35342900
vt -4.04166700 0.35342900
vt -4.85000000 0.35342900
vt -5.65833300 0.35342900
vt -6.46666700 0.35342900
vt -7.27500000 0.35342900
vt -8.08333300 0.35342900
vt -8.89166700 0.35342900
vt -0.80833300 0.39269900
vt -1.61666700 0.39269900
vt -2.42500000 0.39269900
vt -3.23333300 0.39269900
vt -4.04166700 0.39269900
vt -4.85000000 0.39269900
vt -5.65833300 0.39269900
vt -6.46666700 0.39269900
vt -7.27500000 0.39269900
vt -8.08333300 0.39269900
vt -8.89166700 0.39269900
vt -0.80833300 0.43196900
vt -1.61666700 0.43196900
vt -2.42500000 0.43196900
vt -3.23333300 0.43196900
vt -4.04166700 0.43196900
vt -4.85000000 0.43196900
vt -5.65833300 0.43196900
vt -6.46666700 0.43196900
vt -7.27500000 0.43196900
vt -8.08333300 0.43196900
vt -8.89166700 0.43196900
f 1/1 2/2 9/9
f 9/9 2/2 3/3
f 9/9 3/3 4/4
f 4/4 5/5 9/9
f 9/9 5/5 6/6
f 9/9 6/6 8/8
f 8/8 6/6 7/7
f 10/10 11/11 8/8
f 8/8 11/11 9/9
f 9/9 11/11 12/12
f 9/9 12/12 13/13
f 13/13 14/14 9/9
f 9/9 14/14 15/15
f 9/9 15/15 16/16
f 16/16 17/17 9/9
f 9/9 17/17 18/18
f 9/9 18/18 19/19
f 19/19 20/20 9/9
f 9/9 20/20 1/1
f 21/21 22/22 29/29
f 29/29 22/22 23/23
f 29/29 23/23 24/24
f 24/24 25/25 29/29
f 29/29 25/25 26/26
f 29/29 26/26 28/28
f 28/28 26/26 27/27
f 30/30 31/31 28/28
f 28/28 31/31 29/29
f 29/29 31/31 32/32
f 29/29 32/32 33/33
f 33/33 34/34 29/29
f 29/29 34/34 35/35
f 29/29 35/35 36/36
f 36/36 37/37 29/29
f 29/29 37/37 38/38
f 29/29 38/38 39/39
f 39/39 40/40 29/29
f 29/29 40/40 21/21
f 41/41 42/42 49/49
f 49/49 42/42 43/43
f 49/49 43/43 44/44
f 44/44 45/45 49/49
f 49/49 45/45 46/46
f 49/49 46/46 48/48
f 48/48 46/46 47/47
f 50/50 51/51 48/48
f 48/48 51/51 49/49
f 49/49 51/51 52/52
f 49/49 52/52 53/53
f 53/53 54/54 49/49
f 49/49 54/54 55/55
f 49/49 55/55 56/56
f 41/41 49/49 60/60
f 60/60 49/49 59/59
f 59/59 49/49 58/58
f 58/58 49/49 57/57
f 57/57 49/49 56/56
f 61/61 62/62 69/69
f 69/69 62/62 63/63
f 69/69 63/63 64/64
f 64/64 65/65 69/69
f 69/69 65/65 66/66
f 69/69 66/66 68/68
f 68/68 66/66 67/67
f 70/70 71/71 68/68
f 68/68 71/71 69/69
f 69/69 71/71 72/72
f 69/69 72/72 73/73
f 73/73 74/74 69/69
f 69/69 74/74 75/75
f 69/69 75/75 76/76
f 76/76 77/77 69/69
f 69/69 77/77 78/78
f 69/69 78/78 79/79
f 79/79 80/80 69/69
f 69/69 80/80 61/61
f 10/10 8/8 92/92
f 92/92 8/8 91/91
f 91/91 8/8 28/28
f 91/91 28/28 90/90
f 90/90 28/28 27/27
f 7/7 81/81 8/8
f 8/8 81/81 82/82
f 8/8 82/82 48/48
f 48/48 82/82 83/83
f 48/48 83/83 50/50
f 47/47 84/84 48/48
f 48/48 84/84 85/85
f 48/48 85/85 68/68
f 68/68 85/85 86/86
f 68/68 86/86 70/70
f 67/67 87/87 68/68
f 68/68 87/87 88/88
f 68/68 88/88 28/28
f 28/28 88/88 89/89
f 28/28 89/89 30/30
f 28/28 8/8 68/68
f 68/68 8/8 48/48
f 7/7 6/6 81/81
f 81/81 6/6 5/5
f 81/81 5/5 4/4
f 4/4 3/3 81/81
f 81/81 3/3 2/2
f 81/81 2/2 1/1
f 81/81 1/1 82/82
f 82/82 1/1 93/93
f 82/82 93/93 94/94
f 56/56 55/55 94/94
f 94/94 55/55 82/82
f 55/55 54/54 82/82
f 82/82 54/54 83/83
f 83/83 54/54 53/53
f 83/83 53/53 52/52
f 52/52 51/51 83/83
f 83/83 51/51 50/50
f 47/47 46/46 84/84
f 84/84 46/46 45/45
f 84/84 45/45 44/44
f 44/44 43/43 84/84
f 84/84 43/43 42/42
f 84/84 42/42 41/41
f 84/84 41/41 85/85
f 85/85 41/41 95/95
f 85/85 95/95 96/96
f 76/76 75/75 96/96
f 96/96 75/75 85/85
f 75/75 74/74 85/85
f 85/85 74/74 86/86
f 86/86 74/74 73/73
f 86/86 73/73 72/72
f 72/72 71/71 86/86
f 86/86 71/71 70/70
f 36/36 35/35 98/98
f 98/98 35/35 88/88
f 98/98 88/88 97/97
f 97/97 88/88 61/61
f 61/61 88/88 87/87
f 61/61 87/87 62/62
f 62/62 87/87 63/63
f 63/63 87/87 64/64
f 64/64 87/87 65/65
f 65/65 87/87 66/66
f 66/66 87/87 67/67
f 35/35 34/34 88/88
f 88/88 34/34 89/89
f 89/89 34/34 33/33
f 89/89 33/33 32/32
f 32/32 31/31 89/89
f 89/89 31/31 30/30
f 100/100 192/192 99/99
f 99/99 192/192 167/167
f 99/99 167/167 545/545
f 545/545 167/167 168/168
f 545/545 168/168 546/546
f 546/546 168/168 169/169
f 546/546 169/169 547/547
f 547/547 169/169 170/170
f 547/547 170/170 548/548
f 548/548 170/170 171/171
f 548/548 171/171 549/549
f 549/549 171/171 172/172
f 549/549 172/172 550/550
f 550/550 172/172 173/173
f 550/550 173/173 551/551
f 551/551 173/173 174/174
f 551/551 174/174 552/552
f 552/552 174/174 175/175
f 552/552 175/175 553/553
f 553/553 175/175 123/123
f 553/553 123/123 124/124
f 101/101 176/176 100/100
f 100/100 176/176 201/201
f 100/100 201/201 192/192
f 192/192 201/201 202/202
f 192/192 202/202 193/193
f 193/193 202/202 203/203
f 193/193 203/203 194/194
f 194/194 203/203 204/204
f 194/194 204/204 195/195
f 195/195 204/204 205/205
f 195/195 205/205 196/196
f 196/196 205/205 206/206
f 196/196 206/206 197/197
f 197/197 206/206 207/207
f 197/197 207/207 198/198
f 198/198 207/207 208/208
f 198/198 208/208 199/199
f 199/199 208/208 209/209
f 199/199 209/209 200/200
f 200/200 209/209 165/165
f 200/200 165/165 166/166
f 102/102 177/177 101/101
f 101/101 177/177 210/210
f 101/101 210/210 176/176
f 176/176 210/210 211/211
f 176/176 211/211 226/226
f 226/226 211/211 212/212
f 226/226 212/212 225/225
f 225/225 212/212 213/213
f 225/225 213/213 224/224
f 224/224 213/213 214/214
f 224/224 214/214 223/223
f 223/223 214/214 215/215
f 223/223 215/215 222/222
f 222/222 215/215 216/216
f 222/222 216/216 221/221
f 221/221 216/216 217/217
f 221/221 217/217 220/220
f 220/220 217/217 218/218
f 220/220 218/218 219/219
f 219/219 218/218 163/163
f 219/219 163/163 164/164
f 177/177 102/102 178/178
f 178/178 102/102 103/103
f 178/178 103/103 259/259
f 259/259 103/103 179/179
f 259/259 179/179 243/243
f 243/243 179/179 276/276
f 243/243 276/276 275/275
f 275/275 276/276 262/262
f 275/275 262/262 263/263
f 263/263 262/262 292/292
f 263/263 292/292 291/291
f 291/291 292/292 282/282
f 291/291 282/282 283/283
f 283/283 282/282 301/301
f 283/283 301/301 302/302
f 302/302 301/301 316/316
f 302/302 316/316 315/315
f 315/315 316/316 312/312
f 315/315 312/312 313/313
f 313/313 312/312 330/330
f 313/313 330/330 151/151
f 151/151 330/330 150/150
f 150/150 330/330 329/329
f 150/150 329/329 149/149
f 149/149 329/329 346/346
f 149/149 346/346 148/148
f 148/148 346/346 345/345
f 148/148 345/345 147/147
f 147/147 345/345 364/364
f 147/147 364/364 146/146
f 146/146 364/364 363/363
f 146/146 363/363 145/145
f 145/145 363/363 382/382
f 145/145 382/382 144/144
f 144/144 382/382 381/381
f 144/144 381/381 143/143
f 143/143 381/381 399/399
f 143/143 399/399 142/142
f 142/142 399/399 409/409
f 142/142 409/409 141/141
f 141/141 409/409 408/408
f 141/141 408/408 140/140
f 140/140 408/408 425/425
f 140/140 425/425 139/139
f 139/139 425/425 424/424
f 139/139 424/424 138/138
f 138/138 424/424 441/441
f 138/138 441/441 137/137
f 137/137 441/441 440/440
f 137/137 440/440 136/136
f 136/136 440/440 459/459
f 136/136 459/459 135/135
f 135/135 459/459 458/458
f 135/135 458/458 134/134
f 134/134 458/458 477/477
f 134/134 477/477 133/133
f 133/133 477/477 476/476
f 133/133 476/476 132/132
f 132/132 476/476 494/494
f 132/132 494/494 131/131
f 131/131 494/494 504/504
f 131/131 504/504 130/130
f 130/130 504/504 503/503
f 130/130 503/503 129/129
f 129/129 503/503 520/520
f 129/129 520/520 128/128
f 128/128 520/520 519/519
f 128/128 519/519 127/127
f 127/127 519/519 536/536
f 127/127 536/536 126/126
f 126/126 536/536 535/535
f 126/126 535/535 125/125
f 125/125 535/535 554/554
f 125/125 554/554 124/124
f 124/124 554/554 553/553
f 103/103 104/104 179/179
f 179/179 104/104 277/277
f 179/179 277/277 276/276
f 276/276 277/277 261/261
f 276/276 261/261 262/262
f 262/262 261/261 293/293
f 262/262 293/293 292/292
f 292/292 293/293 281/281
f 292/292 281/281 282/282
f 282/282 281/281 300/300
f 282/282 300/300 301/301
f 301/301 300/300 317/317
f 301/301 317/317 316/316
f 316/316 317/317 311/311
f 316/316 311/311 312/312
f 312/312 311/311 331/331
f 312/312 331/331 330/330
f 330/330 331/331 329/329
f 277/277 104/104 260/260
f 260/260 104/104 105/105
f 260/260 105/105 295/295
f 295/295 105/105 278/278
f 295/295 278/278 279/279
f 279/279 278/278 297/297
f 279/279 297/297 298/298
f 298/298 297/297 320/320
f 298/298 320/320 319/319
f 319/319 320/320 308/308
f 319/319 308/308 309/309
f 309/309 308/308 334/334
f 309/309 334/334 333/333
f 333/333 334/334 326/326
f 333/333 326/326 327/327
f 327/327 326/326 348/348
f 327/327 348/348 347/347
f 347/347 348/348 344/344
f 347/347 344/344 345/345
f 345/345 344/344 364/364
f 105/105 106/106 278/278
f 278/278 106/106 296/296
f 278/278 296/296 297/297
f 297/297 296/296 321/321
f 297/297 321/321 320/320
f 320/320 321/321 307/307
f 320/320 307/307 308/308
f 308/308 307/307 335/335
f 308/308 335/335 334/334
f 334/334 335/335 325/325
f 334/334 325/325 326/326
f 326/326 325/325 349/349
f 326/326 349/349 348/348
f 348/348 349/349 343/343
f 348/348 343/343 344/344
f 344/344 343/343 365/365
f 344/344 365/365 364/364
f 364/364 365/365 363/363
f 296/296 106/106 180/180
f 180/180 106/106 107/107
f 180/180 107/107 305/305
f 305/305 107/107 181/181
f 305/305 181/181 337/337
f 337/337 181/181 322/322
f 337/337 322/322 323/323
f 323/323 322/322 352/352
f 323/323 352/352 351/351
f 351/351 352/352 340/340
f 351/351 340/340 341/341
f 341/341 340/340 368/368
f 341/341 368/368 367/367
f 367/367 368/368 360/360
f 367/367 360/360 361/361
f 361/361 360/360 384/384
f 361/361 384/384 383/383
f 383/383 384/384 380/380
f 383/383 380/380 381/381
f 381/381 380/380 399/399
f 107/107 108/108 181/181
f 181/181 108/108 182/182
f 181/181 182/182 322/322
f 322/322 182/182 353/353
f 322/322 353/353 352/352
f 352/352 353/353 339/339
f 352/352 339/339 340/340
f 340/340 339/339 369/369
f 340/340 369/369 368/368
f 368/368 369/369 359/359
f 368/368 359/359 360/360
f 360/360 359/359 385/385
f 360/360 385/385 384/384
f 384/384 385/385 379/379
f 384/384 379/379 380/380
f 380/380 379/379 398/398
f 380/380 398/398 399/399
f 399/399 398/398 409/409
f 108/108 109/109 182/182
f 182/182 109/109 354/354
f 182/182 354/354 353/353
f 353/353 354/354 338/338
f 353/353 338/338 339/339
f 339/339 338/338 370/370
f 339/339 370/370 369/369
f 369/369 370/370 358/358
f 369/369 358/358 359/359
f 359/359 358/358 386/386
f 359/359 386/386 385/385
f 385/385 386/386 378/378
f 385/385 378/378 379/379
f 379/379 378/378 397/397
f 379/379 397/397 398/398
f 398/398 397/397 410/410
f 398/398 410/410 409/409
f 409/409 410/410 408/408
f 354/354 109/109 183/183
f 183/183 109/109 110/110
f 183/183 110/110 372/372
f 372/372 110/110 355/355
f 372/372 355/355 356/356
f 356/356 355/355 389/389
f 356/356 389/389 388/388
f 388/388 389/389 375/375
f 388/388 375/375 376/376
f 376/376 375/375 394/394
f 376/376 394/394 395/395
f 395/395 394/394 413/413
f 395/395 413/413 412/412
f 412/412 413/413 405/405
f 412/412 405/405 406/406
f 406/406 405/405 427/427
f 406/406 427/427 426/426
f 426/426 427/427 423/423
f 426/426 423/423 424/424
f 424/424 423/423 441/441
f 110/110 111/111 355/355
f 355/355 111/111 390/390
f 355/355 390/390 389/389
f 389/389 390/390 374/374
f 389/389 374/374 375/375
f 375/375 374/374 393/393
f 375/375 393/393 394/394
f 394/394 393/393 414/414
f 394/394 414/414 413/413
f 413/413 414/414 404/404
f 413/413 404/404 405/405
f 405/405 404/404 428/428
f 405/405 428/428 427/427
f 427/427 428/428 422/422
f 427/427 422/422 423/423
f 423/423 422/422 442/442
f 423/423 442/442 441/441
f 441/441 442/442 440/440
f 390/390 111/111 373/373
f 373/373 111/111 112/112
f 373/373 112/112 391/391
f 391/391 112/112 184/184
f 391/391 184/184 416/416
f 416/416 184/184 401/401
f 416/416 401/401 402/402
f 402/402 401/401 431/431
f 402/402 431/431 430/430
f 430/430 431/431 419/419
f 430/430 419/419 420/420
f 420/420 419/419 445/445
f 420/420 445/445 444/444
f 444/444 445/445 437/437
f 444/444 437/437 438/438
f 438/438 437/437 461/461
f 438/438 461/461 460/460
f 460/460 461/461 457/457
f 460/460 457/457 458/458
f 458/458 457/457 477/477
f 112/112 113/113 184/184
f 184/184 113/113 400/400
f 184/184 400/400 401/401
f 401/401 400/400 432/432
f 401/401 432/432 431/431
f 431/431 432/432 418/418
f 431/431 418/418 419/419
f 419/419 418/418 446/446
f 419/419 446/446 445/445
f 445/445 446/446 436/436
f 445/445 436/436 437/437
f 437/437 436/436 462/462
f 437/437 462/462 461/461
f 461/461 462/462 456/456
f 461/461 456/456 457/457
f 457/457 456/456 478/478
f 457/457 478/478 477/477
f 477/477 478/478 476/476
f 400/400 113/113 185/185
f 185/185 113/113 114/114
f 185/185 114/114 186/186
f 186/186 114/114 115/115
f 186/186 115/115 449/449
f 449/449 115/115 187/187
f 449/449 187/187 433/433
f 433/433 187/187 466/466
f 433/433 466/466 465/465
f 465/465 466/466 452/452
f 465/465 452/452 453/453
f 453/453 452/452 482/482
f 453/453 482/482 481/481
f 481/481 482/482 472/472
f 481/481 472/472 473/473
f 473/473 472/472 491/491
f 473/473 491/491 492/492
f 492/492 491/491 506/506
f 492/492 506/506 505/505
f 505/505 506/506 502/502
f 505/505 502/502 503/503
f 503/503 502/502 520/520
f 115/115 116/116 187/187
f 187/187 116/116 467/467
f 187/187 467/467 466/466
f 466/466 467/467 451/451
f 466/466 451/451 452/452
f 452/452 451/451 483/483
f 452/452 483/483 482/482
f 482/482 483/483 471/471
f 482/482 471/471 472/472
f 472/472 471/471 490/490
f 472/472 490/490 491/491
f 491/491 490/490 507/507
f 491/491 507/507 506/506
f 506/506 507/507 501/501
f 506/506 501/501 502/502
f 502/502 501/501 521/521
f 502/502 521/521 520/520
f 520/520 521/521 519/519
f 467/467 116/116 450/450
f 450/450 116/116 117/117
f 450/450 117/117 485/485
f 485/485 117/117 468/468
f 485/485 468/468 469/469
f 469/469 468/468 487/487
f 469/469 487/487 488/488
f 488/488 487/487 510/510
f 488/488 510/510 509/509
f 509/509 510/510 498/498
f 509/509 498/498 499/499
f 499/499 498/498 524/524
f 499/499 524/524 523/523
f 523/523 524/524 516/516
f 523/523 516/516 517/517
f 517/517 516/516 538/538
f 517/517 538/538 537/537
f 537/537 538/538 534/534
f 537/537 534/534 535/535
f 535/535 534/534 554/554
f 117/117 118/118 468/468
f 468/468 118/118 486/486
f 468/468 486/486 487/487
f 487/487 486/486 511/511
f 487/487 511/511 510/510
f 510/510 511/511 497/497
f 510/510 497/497 498/498
f 498/498 497/497 525/525
f 498/498 525/525 524/524
f 524/524 525/525 515/515
f 524/524 515/515 516/516
f 516/516 515/515 539/539
f 516/516 539/539 538/538
f 538/538 539/539 533/533
f 538/538 533/533 534/534
f 534/534 533/533 555/555
f 534/534 555/555 554/554
f 554/554 555/555 553/553
f 486/486 118/118 188/188
f 188/188 118/118 119/119
f 188/188 119/119 495/495
f 495/495 119/119 189/189
f 495/495 189/189 527/527
f 527/527 189/189 512/512
f 527/527 512/512 513/513
f 513/513 512/512 542/542
f 513/513 542/542 541/541
f 541/541 542/542 530/530
f 541/541 530/530 531/531
f 531/531 530/530 558/558
f 531/531 558/558 557/557
f 557/557 558/558 550/550
f 557/557 550/550 551/551
f 119/119 120/120 189/189
f 189/189 120/120 190/190
f 189/189 190/190 512/512
f 512/512 190/190 543/543
f 512/512 543/543 542/542
f 542/542 543/543 529/529
f 542/542 529/529 530/530
f 530/530 529/529 559/559
f 530/530 559/559 558/558
f 558/558 559/559 549/549
f 558/558 549/549 550/550
f 120/120 121/121 190/190
f 190/190 121/121 544/544
f 190/190 544/544 543/543
f 543/543 544/544 528/528
f 543/543 528/528 529/529
f 529/529 528/528 560/560
f 529/529 560/560 559/559
f 559/559 560/560 548/548
f 559/559 548/548 549/549
f 544/544 121/121 191/191
f 191/191 121/121 122/122
f 191/191 122/122 562/562
f 562/562 122/122 545/545
f 562/562 545/545 546/546
f 122/122 99/99 545/545
f 151/151 152/152 313/313
f 313/313 152/152 314/314
f 313/313 314/314 315/315
f 315/315 314/314 303/303
f 315/315 303/303 302/302
f 302/302 303/303 284/284
f 302/302 284/284 283/283
f 283/283 284/284 290/290
f 283/283 290/290 291/291
f 291/291 290/290 264/264
f 291/291 264/264 263/263
f 263/263 264/264 274/274
f 263/263 274/274 275/275
f 275/275 274/274 244/244
f 275/275 244/244 243/243
f 243/243 244/244 258/258
f 243/243 258/258 259/259
f 259/259 258/258 178/178
f 152/152 153/153 314/314
f 314/314 153/153 304/304
f 314/314 304/304 303/303
f 303/303 304/304 285/285
f 303/303 285/285 284/284
f 284/284 285/285 289/289
f 284/284 289/289 290/290
f 290/290 289/289 265/265
f 290/290 265/265 264/264
f 264/264 265/265 273/273
f 264/264 273/273 274/274
f 274/274 273/273 245/245
f 274/274 245/245 244/244
f 244/244 245/245 257/257
f 244/244 257/257 258/258
f 258/258 257/257 227/227
f 258/258 227/227 178/178
f 178/178 227/227 177/177
f 153/153 154/154 304/304
f 304/304 154/154 286/286
f 304/304 286/286 285/285
f 285/285 286/286 288/288
f 285/285 288/288 289/289
f 289/289 288/288 266/266
f 289/289 266/266 265/265
f 265/265 266/266 272/272
f 265/265 272/272 273/273
f 273/273 272/272 246/246
f 273/273 246/246 245/245
f 245/245 246/246 256/256
f 245/245 256/256 257/257
f 257/257 256/256 228/228
f 257/257 228/228 227/227
f 227/227 228/228 242/242
f 227/227 242/242 177/177
f 177/177 242/242 210/210
f 154/154 155/155 286/286
f 286/286 155/155 287/287
f 286/286 287/287 288/288
f 288/288 287/287 267/267
f 288/288 267/267 266/266
f 266/266 267/267 271/271
f 266/266 271/271 272/272
f 272/272 271/271 247/247
f 272/272 247/247 246/246
f 246/246 247/247 255/255
f 246/246 255/255 256/256
f 256/256 255/255 229/229
f 256/256 229/229 228/228
f 228/228 229/229 241/241
f 228/228 241/241 242/242
f 242/242 241/241 211/211
f 242/242 211/211 210/210
f 155/155 156/156 287/287
f 287/287 156/156 268/268
f 287/287 268/268 267/267
f 267/267 268/268 270/270
f 267/267 270/270 271/271
f 271/271 270/270 248/248
f 271/271 248/248 247/247
f 247/247 248/248 254/254
f 247/247 254/254 255/255
f 255/255 254/254 230/230
f 255/255 230/230 229/229
f 229/229 230/230 240/240
f 229/229 240/240 241/241
f 241/241 240/240 212/212
f 241/241 212/212 211/211
f 156/156 157/157 268/268
f 268/268 157/157 269/269
f 268/268 269/269 270/270
f 270/270 269/269 249/249
f 270/270 249/249 248/248
f 248/248 249/249 253/253
f 248/248 253/253 254/254
f 254/254 253/253 231/231
f 254/254 231/231 230/230
f 230/230 231/231 239/239
f 230/230 239/239 240/240
f 240/240 239/239 213/213
f 240/240 213/213 212/212
f 157/157 158/158 269/269
f 269/269 158/158 250/250
f 269/269 250/250 249/249
f 249/249 250/250 252/252
f 249/249 252/252 253/253
f 253/253 252/252 232/232
f 253/253 232/232 231/231
f 231/231 232/232 238/238
f 231/231 238/238 239/239
f 239/239 238/238 214/214
f 239/239 214/214 213/213
f 158/158 159/159 250/250
f 250/250 159/159 251/251
f 250/250 251/251 252/252
f 252/252 251/251 233/233
f 252/252 233/233 232/232
f 232/232 233/233 237/237
f 232/232 237/237 238/238
f 238/238 237/237 215/215
f 238/238 215/215 214/214
f 159/159 160/160 251/251
f 251/251 160/160 234/234
f 251/251 234/234 233/233
f 233/233 234/234 236/236
f 233/233 236/236 237/237
f 237/237 236/236 216/216
f 237/237 216/216 215/215
f 160/160 161/161 234/234
f 234/234 161/161 235/235
f 234/234 235/235 236/236
f 236/236 235/235 217/217
f 236/236 217/217 216/216
f 161/161 162/162 235/235
f 235/235 162/162 218/218
f 235/235 218/218 217/217
f 162/162 163/163 218/218
f 219/219 164/164 209/209
f 209/209 164/164 165/165
f 200/200 166/166 175/175
f 175/175 166/166 123/123
f 192/192 193/193 167/167
f 167/167 193/193 168/168
f 193/193 194/194 168/168
f 168/168 194/194 169/169
f 194/194 195/195 169/169
f 169/169 195/195 170/170
f 195/195 196/196 170/170
f 170/170 196/196 171/171
f 196/196 197/197 171/171
f 171/171 197/197 172/172
f 197/197 198/198 172/172
f 172/172 198/198 173/173
f 200/200 175/175 174/174
f 198/198 199/199 173/173
f 173/173 199/199 174/174
f 199/199 200/200 174/174
f 176/176 226/226 201/201
f 201/201 226/226 202/202
f 226/226 225/225 202/202
f 202/202 225/225 203/203
f 225/225 224/224 203/203
f 203/203 224/224 204/204
f 224/224 223/223 204/204
f 204/204 223/223 205/205
f 223/223 222/222 205/205
f 205/205 222/222 206/206
f 222/222 221/221 206/206
f 206/206 221/221 207/207
f 219/219 209/209 208/208
f 221/221 220/220 207/207
f 207/207 220/220 208/208
f 220/220 219/219 208/208
f 277/277 260/260 261/261
f 261/261 260/260 294/294
f 261/261 294/294 293/293
f 293/293 294/294 280/280
f 293/293 280/280 281/281
f 281/281 280/280 299/299
f 281/281 299/299 300/300
f 300/300 299/299 318/318
f 300/300 318/318 317/317
f 317/317 318/318 310/310
f 317/317 310/310 311/311
f 311/311 310/310 332/332
f 311/311 332/332 331/331
f 331/331 332/332 328/328
f 331/331 328/328 329/329
f 329/329 328/328 346/346
f 295/295 279/279 294/294
f 294/294 279/279 280/280
f 299/299 280/280 298/298
f 298/298 280/280 279/279
f 260/260 295/295 294/294
f 318/318 299/299 319/319
f 319/319 299/299 298/298
f 305/305 306/306 180/180
f 180/180 306/306 321/321
f 180/180 321/321 296/296
f 321/321 306/306 307/307
f 307/307 306/306 336/336
f 307/307 336/336 335/335
f 335/335 336/336 324/324
f 335/335 324/324 325/325
f 325/325 324/324 350/350
f 325/325 350/350 349/349
f 349/349 350/350 342/342
f 349/349 342/342 343/343
f 343/343 342/342 366/366
f 343/343 366/366 365/365
f 365/365 366/366 362/362
f 365/365 362/362 363/363
f 363/363 362/362 382/382
f 336/336 306/306 337/337
f 337/337 306/306 305/305
f 318/318 319/319 309/309
f 318/318 309/309 310/310
f 310/310 309/309 333/333
f 310/310 333/333 332/332
f 332/332 333/333 327/327
f 332/332 327/327 328/328
f 328/328 327/327 347/347
f 328/328 347/347 346/346
f 346/346 347/347 345/345
f 336/336 337/337 323/323
f 336/336 323/323 324/324
f 324/324 323/323 351/351
f 324/324 351/351 350/350
f 350/350 351/351 341/341
f 350/350 341/341 342/342
f 342/342 341/341 367/367
f 342/342 367/367 366/366
f 366/366 367/367 361/361
f 366/366 361/361 362/362
f 362/362 361/361 383/383
f 362/362 383/383 382/382
f 382/382 383/383 381/381
f 354/354 183/183 338/338
f 338/338 183/183 371/371
f 338/338 371/371 370/370
f 370/370 371/371 357/357
f 370/370 357/357 358/358
f 358/358 357/357 387/387
f 358/358 387/387 386/386
f 386/386 387/387 377/377
f 386/386 377/377 378/378
f 378/378 377/377 396/396
f 378/378 396/396 397/397
f 397/397 396/396 411/411
f 397/397 411/411 410/410
f 410/410 411/411 407/407
f 410/410 407/407 408/408
f 408/408 407/407 425/425
f 372/372 356/356 371/371
f 371/371 356/356 357/357
f 387/387 357/357 388/388
f 388/388 357/357 356/356
f 183/183 372/372 371/371
f 390/390 373/373 374/374
f 374/374 373/373 392/392
f 374/374 392/392 393/393
f 393/393 392/392 415/415
f 393/393 415/415 414/414
f 414/414 415/415 403/403
f 414/414 403/403 404/404
f 404/404 403/403 429/429
f 404/404 429/429 428/428
f 428/428 429/429 421/421
f 428/428 421/421 422/422
f 422/422 421/421 443/443
f 422/422 443/443 442/442
f 442/442 443/443 439/439
f 442/442 439/439 440/440
f 440/440 439/439 459/459
f 387/387 388/388 376/376
f 387/387 376/376 377/377
f 377/377 376/376 395/395
f 377/377 395/395 396/396
f 396/396 395/395 412/412
f 396/396 412/412 411/411
f 411/411 412/412 406/406
f 411/411 406/406 407/407
f 407/407 406/406 426/426
f 407/407 426/426 425/425
f 425/425 426/426 424/424
f 373/373 391/391 392/392
f 392/392 391/391 416/416
f 392/392 416/416 415/415
f 415/415 416/416 402/402
f 415/415 402/402 403/403
f 403/403 402/402 430/430
f 403/403 430/430 429/429
f 429/429 430/430 420/420
f 429/429 420/420 421/421
f 421/421 420/420 444/444
f 421/421 444/444 443/443
f 443/443 444/444 438/438
f 443/443 438/438 439/439
f 439/439 438/438 460/460
f 439/439 460/460 459/459
f 459/459 460/460 458/458
f 186/186 417/417 185/185
f 185/185 417/417 432/432
f 185/185 432/432 400/400
f 432/432 417/417 418/418
f 418/418 417/417 447/447
f 418/418 447/447 446/446
f 446/446 447/447 435/435
f 446/446 435/435 436/436
f 436/436 435/435 463/463
f 436/436 463/463 462/462
f 462/462 463/463 455/455
f 462/462 455/455 456/456
f 456/456 455/455 479/479
f 456/456 479/479 478/478
f 478/478 479/479 475/475
f 478/478 475/475 476/476
f 476/476 475/475 494/494
f 417/417 186/186 448/448
f 448/448 186/186 449/449
f 448/448 449/449 433/433
f 433/433 434/434 448/448
f 448/448 434/434 447/447
f 448/448 447/447 417/417
f 447/447 434/434 435/435
f 435/435 434/434 464/464
f 435/435 464/464 463/463
f 463/463 464/464 454/454
f 463/463 454/454 455/455
f 455/455 454/454 480/480
f 455/455 480/480 479/479
f 479/479 480/480 474/474
f 479/479 474/474 475/475
f 475/475 474/474 493/493
f 475/475 493/493 494/494
f 494/494 493/493 504/504
f 464/464 434/434 465/465
f 465/465 434/434 433/433
f 467/467 450/450 451/451
f 451/451 450/450 484/484
f 451/451 484/484 483/483
f 483/483 484/484 470/470
f 483/483 470/470 471/471
f 471/471 470/470 489/489
f 471/471 489/489 490/490
f 490/490 489/489 508/508
f 490/490 508/508 507/507
f 507/507 508/508 500/500
f 507/507 500/500 501/501
f 501/501 500/500 522/522
f 501/501 522/522 521/521
f 521/521 522/522 518/518
f 521/521 518/518 519/519
f 519/519 518/518 536/536
f 464/464 465/465 453/453
f 464/464 453/453 454/454
f 454/454 453/453 481/481
f 454/454 481/481 480/480
f 480/480 481/481 473/473
f 480/480 473/473 474/474
f 474/474 473/473 492/492
f 474/474 492/492 493/493
f 493/493 492/492 505/505
f 493/493 505/505 504/504
f 504/504 505/505 503/503
f 485/485 469/469 484/484
f 484/484 469/469 470/470
f 489/489 470/470 488/488
f 488/488 470/470 469/469
f 450/450 485/485 484/484
f 508/508 489/489 509/509
f 509/509 489/489 488/488
f 495/495 496/496 188/188
f 188/188 496/496 511/511
f 188/188 511/511 486/486
f 511/511 496/496 497/497
f 497/497 496/496 526/526
f 497/497 526/526 525/525
f 525/525 526/526 514/514
f 525/525 514/514 515/515
f 515/515 514/514 540/540
f 515/515 540/540 539/539
f 539/539 540/540 532/532
f 539/539 532/532 533/533
f 533/533 532/532 556/556
f 533/533 556/556 555/555
f 555/555 556/556 552/552
f 555/555 552/552 553/553
f 526/526 496/496 527/527
f 527/527 496/496 495/495
f 508/508 509/509 499/499
f 508/508 499/499 500/500
f 500/500 499/499 523/523
f 500/500 523/523 522/522
f 522/522 523/523 517/517
f 522/522 517/517 518/518
f 518/518 517/517 537/537
f 518/518 537/537 536/536
f 536/536 537/537 535/535
f 526/526 527/527 513/513
f 526/526 513/513 514/514
f 514/514 513/513 541/541
f 514/514 541/541 540/540
f 540/540 541/541 531/531
f 540/540 531/531 532/532
f 532/532 531/531 557/557
f 532/532 557/557 556/556
f 556/556 557/557 551/551
f 556/556 551/551 552/552
f 544/544 191/191 528/528
f 528/528 191/191 561/561
f 528/528 561/561 560/560
f 560/560 561/561 547/547
f 560/560 547/547 548/548
f 562/562 546/546 561/561
f 561/561 546/546 547/547
f 191/191 562/562 561/561
f 564/564 608/608 563/563
f 563/563 608/608 607/607
f 563/563 607/607 606/606
f 606/606 607/607 650/650
f 606/606 650/650 605/605
f 605/605 650/650 649/649
f 605/605 649/649 604/604
f 604/604 649/649 648/648
f 604/604 648/648 603/603
f 603/603 648/648 647/647
f 603/603 647/647 602/602
f 602/602 647/647 646/646
f 602/602 646/646 601/601
f 601/601 646/646 645/645
f 601/601 645/645 600/600
f 600/600 645/645 644/644
f 600/600 644/644 599/599
f 599/599 644/644 643/643
f 599/599 643/643 598/598
f 598/598 643/643 642/642
f 598/598 642/642 597/597
f 597/597 642/642 641/641
f 597/597 641/641 596/596
f 596/596 641/641 640/640
f 596/596 640/640 595/595
f 595/595 640/640 639/639
f 595/595 639/639 594/594
f 594/594 639/639 638/638
f 594/594 638/638 593/593
f 593/593 638/638 637/637
f 593/593 637/637 592/592
f 592/592 637/637 636/636
f 592/592 636/636 591/591
f 591/591 636/636 635/635
f 591/591 635/635 590/590
f 590/590 635/635 634/634
f 590/590 634/634 589/589
f 589/589 634/634 633/633
f 589/589 633/633 588/588
f 588/588 633/633 632/632
f 588/588 632/632 587/587
f 587/587 632/632 631/631
f 587/587 631/631 586/586
f 586/586 631/631 630/630
f 586/586 630/630 585/585
f 585/585 630/630 629/629
f 585/585 629/629 584/584
f 584/584 629/629 628/628
f 584/584 628/628 583/583
f 583/583 628/628 627/627
f 583/583 627/627 582/582
f 582/582 627/627 626/626
f 582/582 626/626 581/581
f 581/581 626/626 625/625
f 581/581 625/625 580/580
f 580/580 625/625 624/624
f 580/580 624/624 579/579
f 579/579 624/624 623/623
f 579/579 623/623 578/578
f 578/578 623/623 622/622
f 578/578 622/622 577/577
f 577/577 622/622 621/621
f 577/577 621/621 576/576
f 576/576 621/621 620/620
f 576/576 620/620 575/575
f 575/575 620/620 619/619
f 575/575 619/619 574/574
f 574/574 619/619 618/618
f 574/574 618/618 573/573
f 573/573 618/618 617/617
f 573/573 617/617 572/572
f 572/572 617/617 616/616
f 572/572 616/616 571/571
f 571/571 616/616 615/615
f 571/571 615/615 570/570
f 570/570 615/615 614/614
f 570/570 614/614 569/569
f 569/569 614/614 613/613
f 569/569 613/613 568/568
f 568/568 613/613 612/612
f 568/568 612/612 567/567
f 567/567 612/612 611/611
f 567/567 611/611 566/566
f 566/566 611/611 610/610
f 566/566 610/610 565/565
f 565/565 610/610 609/609
f 565/565 609/609 564/564
f 564/564 609/609 608/608
f 166/166 650/650 123/123
f 123/123 650/650 607/607
f 123/123 607/607 124/124
f 124/124 607/607 608/608
f 124/124 608/608 125/125
f 125/125 608/608 609/609
f 125/125 609/609 126/126
f 126/126 609/609 610/610
f 126/126 610/610 127/127
f 127/127 610/610 611/611
f 127/127 611/611 128/128
f 128/128 611/611 612/612
f 128/128 612/612 129/129
f 129/129 612/612 613/613
f 129/129 613/613 130/130
f 130/130 613/613 614/614
f 130/130 614/614 131/131
f 131/131 614/614 615/615
f 131/131 615/615 132/132
f 132/132 615/615 616/616
f 132/132 616/616 133/133
f 133/133 616/616 617/617
f 133/133 617/617 134/134
f 134/134 617/617 618/618
f 134/134 618/618 135/135
f 135/135 618/618 619/619
f 135/135 619/619 136/136
f 136/136 619/619 620/620
f 136/136 620/620 137/137
f 137/137 620/620 621/621
f 137/137 621/621 138/138
f 138/138 621/621 622/622
f 138/138 622/622 139/139
f 139/139 622/622 623/623
f 139/139 623/623 140/140
f 140/140 623/623 624/624
f 140/140 624/624 141/141
f 141/141 624/624 625/625
f 141/141 625/625 142/142
f 142/142 625/625 626/626
f 142/142 626/626 143/143
f 143/143 626/626 627/627
f 143/143 627/627 144/144
f 144/144 627/627 628/628
f 144/144 628/628 145/145
f 145/145 628/628 629/629
f 145/145 629/629 146/146
f 146/146 629/629 630/630
f 146/146 630/630 147/147
f 147/147 630/630 631/631
f 147/147 631/631 148/148
f 148/148 631/631 632/632
f 148/148 632/632 149/149
f 149/149 632/632 633/633
f 149/149 633/633 150/150
f 150/150 633/633 634/634
f 150/150 634/634 151/151
f 151/151 634/634 635/635
f 151/151 635/635 152/152
f 152/152 635/635 636/636
f 152/152 636/636 153/153
f 153/153 636/636 637/637
f 153/153 637/637 154/154
f 154/154 637/637 638/638
f 154/154 638/638 155/155
f 155/155 638/638 639/639
f 155/155 639/639 156/156
f 156/156 639/639 640/640
f 156/156 640/640 157/157
f 157/157 640/640 641/641
f 157/157 641/641 158/158
f 158/158 641/641 642/642
f 158/158 642/642 159/159
f 159/159 642/642 643/643
f 159/159 643/643 160/160
f 160/160 643/643 644/644
f 160/160 644/644 161/161
f 161/161 644/644 645/645
f 161/161 645/645 162/162
f 162/162 645/645 646/646
f 162/162 646/646 163/163
f 163/163 646/646 647/647
f 163/163 647/647 164/164
f 164/164 647/647 648/648
f 164/164 648/648 165/165
f 165/165 648/648 649/649
f 165/165 649/649 166/166
f 166/166 649/649 650/650
f 122/122 112/112 99/99
f 99/99 112/112 111/111
f 99/99 111/111 100/100
f 100/100 111/111 110/110
f 100/100 110/110 101/101
f 101/101 110/110 109/109
f 101/101 109/109 102/102
f 102/102 109/109 108/108
f 102/102 108/108 103/103
f 103/103 108/108 107/107
f 103/103 107/107 104/104
f 104/104 107/107 106/106
f 104/104 106/106 105/105
f 112/112 122/122 113/113
f 113/113 122/122 121/121
f 113/113 121/121 114/114
f 114/114 121/121 120/120
f 114/114 120/120 115/115
f 115/115 120/120 119/119
f 115/115 119/119 116/116
f 116/116 119/119 118/118
f 116/116 118/118 117/117
f 606/606 699/699 563/563
f 563/563 699/699 688/688
f 563/563 688/688 564/564
f 564/564 688/688 903/903
f 564/564 903/903 565/565
f 565/565 903/903 898/898
f 565/565 898/898 566/566
f 566/566 898/898 893/893
f 566/566 893/893 567/567
f 567/567 893/893 888/888
f 567/567 888/888 568/568
f 568/568 888/888 883/883
f 568/568 883/883 569/569
f 569/569 883/883 878/878
f 569/569 878/878 570/570
f 570/570 878/878 874/874
f 570/570 874/874 571/571
f 571/571 874/874 869/869
f 571/571 869/869 572/572
f 572/572 869/869 864/864
f 572/572 864/864 573/573
f 573/573 864/864 859/859
f 573/573 859/859 574/574
f 574/574 859/859 854/854
f 574/574 854/854 575/575
f 575/575 854/854 850/850
f 575/575 850/850 576/576
f 576/576 850/850 845/845
f 576/576 845/845 577/577
f 577/577 845/845 840/840
f 577/577 840/840 578/578
f 578/578 840/840 835/835
f 578/578 835/835 579/579
f 579/579 835/835 830/830
f 579/579 830/830 580/580
f 580/580 830/830 825/825
f 580/580 825/825 581/581
f 581/581 825/825 821/821
f 581/581 821/821 582/582
f 582/582 821/821 816/816
f 582/582 816/816 583/583
f 583/583 816/816 811/811
f 583/583 811/811 584/584
f 584/584 811/811 806/806
f 584/584 806/806 585/585
f 585/585 806/806 801/801
f 585/585 801/801 586/586
f 586/586 801/801 796/796
f 586/586 796/796 587/587
f 587/587 796/796 791/791
f 587/587 791/791 588/588
f 588/588 791/791 786/786
f 588/588 786/786 589/589
f 589/589 786/786 782/782
f 589/589 782/782 590/590
f 590/590 782/782 777/777
f 590/590 777/777 591/591
f 591/591 777/777 772/772
f 591/591 772/772 592/592
f 592/592 772/772 767/767
f 592/592 767/767 593/593
f 593/593 767/767 762/762
f 593/593 762/762 594/594
f 594/594 762/762 757/757
f 594/594 757/757 595/595
f 595/595 757/757 753/753
f 595/595 753/753 596/596
f 596/596 753/753 748/748
f 596/596 748/748 597/597
f 597/597 748/748 743/743
f 597/597 743/743 598/598
f 598/598 743/743 738/738
f 598/598 738/738 599/599
f 599/599 738/738 733/733
f 599/599 733/733 600/600
f 600/600 733/733 729/729
f 600/600 729/729 601/601
f 601/601 729/729 724/724
f 601/601 724/724 602/602
f 602/602 724/724 719/719
f 602/602 719/719 603/603
f 603/603 719/719 714/714
f 603/603 714/714 604/604
f 604/604 714/714 709/709
f 604/604 709/709 605/605
f 605/605 709/709 704/704
f 605/605 704/704 606/606
f 606/606 704/704 699/699
f 652/652 907/907 651/651
f 651/651 907/907 692/692
f 651/651 692/692 703/703
f 703/703 692/692 691/691
f 703/703 691/691 702/702
f 702/702 691/691 690/690
f 702/702 690/690 701/701
f 701/701 690/690 689/689
f 701/701 689/689 700/700
f 700/700 689/689 688/688
f 700/700 688/688 699/699
f 907/907 652/652 902/902
f 902/902 652/652 653/653
f 902/902 653/653 897/897
f 897/897 653/653 654/654
f 897/897 654/654 892/892
f 892/892 654/654 655/655
f 892/892 655/655 887/887
f 887/887 655/655 656/656
f 887/887 656/656 882/882
f 882/882 656/656 698/698
f 882/882 698/698 877/877
f 877/877 698/698 872/872
f 877/877 872/872 871/871
f 871/871 872/872 866/866
f 871/871 866/866 865/865
f 865/865 866/866 860/860
f 865/865 860/860 859/859
f 859/859 860/860 854/854
f 656/656 657/657 698/698
f 698/698 657/657 873/873
f 698/698 873/873 872/872
f 872/872 873/873 867/867
f 872/872 867/867 866/866
f 866/866 867/867 861/861
f 866/866 861/861 860/860
f 860/860 861/861 855/855
f 860/860 855/855 854/854
f 854/854 855/855 850/850
f 657/657 658/658 873/873
f 873/873 658/658 868/868
f 873/873 868/868 867/867
f 867/867 868/868 862/862
f 867/867 862/862 861/861
f 861/861 862/862 856/856
f 861/861 856/856 855/855
f 855/855 856/856 851/851
f 855/855 851/851 850/850
f 850/850 851/851 845/845
f 658/658 659/659 868/868
f 868/868 659/659 863/863
f 868/868 863/863 862/862
f 862/862 863/863 857/857
f 862/862 857/857 856/856
f 856/856 857/857 852/852
f 856/856 852/852 851/851
f 851/851 852/852 846/846
f 851/851 846/846 845/845
f 845/845 846/846 840/840
f 659/659 660/660 863/863
f 863/863 660/660 858/858
f 863/863 858/858 857/857
f 857/857 858/858 853/853
f 857/857 853/853 852/852
f 852/852 853/853 847/847
f 852/852 847/847 846/846
f 846/846 847/847 841/841
f 846/846 841/841 840/840
f 840/840 841/841 835/835
f 660/660 661/661 858/858
f 858/858 661/661 697/697
f 858/858 697/697 853/853
f 853/853 697/697 848/848
f 853/853 848/848 847/847
f 847/847 848/848 842/842
f 847/847 842/842 841/841
f 841/841 842/842 836/836
f 841/841 836/836 835/835
f 835/835 836/836 830/830
f 661/661 662/662 697/697
f 697/697 662/662 849/849
f 697/697 849/849 848/848
f 848/848 849/849 843/843
f 848/848 843/843 842/842
f 842/842 843/843 837/837
f 842/842 837/837 836/836
f 836/836 837/837 831/831
f 836/836 831/831 830/830
f 830/830 831/831 825/825
f 849/849 662/662 844/844
f 844/844 662/662 663/663
f 844/844 663/663 839/839
f 839/839 663/663 664/664
f 839/839 664/664 834/834
f 834/834 664/664 665/665
f 834/834 665/665 829/829
f 829/829 665/665 666/666
f 829/829 666/666 696/696
f 696/696 666/666 667/667
f 696/696 667/667 820/820
f 820/820 667/667 815/815
f 820/820 815/815 814/814
f 814/814 815/815 809/809
f 814/814 809/809 808/808
f 808/808 809/809 803/803
f 808/808 803/803 802/802
f 802/802 803/803 797/797
f 802/802 797/797 796/796
f 796/796 797/797 791/791
f 667/667 668/668 815/815
f 815/815 668/668 810/810
f 815/815 810/810 809/809
f 809/809 810/810 804/804
f 809/809 804/804 803/803
f 803/803 804/804 798/798
f 803/803 798/798 797/797
f 797/797 798/798 792/792
f 797/797 792/792 791/791
f 791/791 792/792 786/786
f 668/668 669/669 810/810
f 810/810 669/669 805/805
f 810/810 805/805 804/804
f 804/804 805/805 799/799
f 804/804 799/799 798/798
f 798/798 799/799 793/793
f 798/798 793/793 792/792
f 792/792 793/793 787/787
f 792/792 787/787 786/786
f 786/786 787/787 782/782
f 669/669 670/670 805/805
f 805/805 670/670 800/800
f 805/805 800/800 799/799
f 799/799 800/800 794/794
f 799/799 794/794 793/793
f 793/793 794/794 788/788
f 793/793 788/788 787/787
f 787/787 788/788 783/783
f 787/787 783/783 782/782
f 782/782 783/783 777/777
f 670/670 671/671 800/800
f 800/800 671/671 795/795
f 800/800 795/795 794/794
f 794/794 795/795 789/789
f 794/794 789/789 788/788
f 788/788 789/789 784/784
f 788/788 784/784 783/783
f 783/783 784/784 778/778
f 783/783 778/778 777/777
f 777/777 778/778 772/772
f 671/671 672/672 795/795
f 795/795 672/672 790/790
f 795/795 790/790 789/789
f 789/789 790/790 785/785
f 789/789 785/785 784/784
f 784/784 785/785 779/779
f 784/784 779/779 778/778
f 778/778 779/779 773/773
f 778/778 773/773 772/772
f 772/772 773/773 767/767
f 790/790 672/672 695/695
f 695/695 672/672 673/673
f 695/695 673/673 781/781
f 781/781 673/673 674/674
f 781/781 674/674 776/776
f 776/776 674/674 675/675
f 776/776 675/675 771/771
f 771/771 675/675 676/676
f 771/771 676/676 766/766
f 766/766 676/676 677/677
f 766/766 677/677 761/761
f 761/761 677/677 694/694
f 761/761 694/694 756/756
f 756/756 694/694 751/751
f 756/756 751/751 750/750
f 750/750 751/751 745/745
f 750/750 745/745 744/744
f 744/744 745/745 739/739
f 744/744 739/739 738/738
f 738/738 739/739 733/733
f 677/677 678/678 694/694
f 694/694 678/678 752/752
f 694/694 752/752 751/751
f 751/751 752/752 746/746
f 751/751 746/746 745/745
f 745/745 746/746 740/740
f 745/745 740/740 739/739
f 739/739 740/740 734/734
f 739/739 734/734 733/733
f 733/733 734/734 729/729
f 678/678 679/679 752/752
f 752/752 679/679 747/747
f 752/752 747/747 746/746
f 746/746 747/747 741/741
f 746/746 741/741 740/740
f 740/740 741/741 735/735
f 740/740 735/735 734/734
f 734/734 735/735 730/730
f 734/734 730/730 729/729
f 729/729 730/730 724/724
f 679/679 680/680 747/747
f 747/747 680/680 742/742
f 747/747 742/742 741/741
f 741/741 742/742 736/736
f 741/741 736/736 735/735
f 735/735 736/736 731/731
f 735/735 731/731 730/730
f 730/730 731/731 725/725
f 730/730 725/725 724/724
f 724/724 725/725 719/719
f 680/680 681/681 742/742
f 742/742 681/681 737/737
f 742/742 737/737 736/736
f 736/736 737/737 732/732
f 736/736 732/732 731/731
f 731/731 732/732 726/726
f 731/731 726/726 725/725
f 725/725 726/726 720/720
f 725/725 720/720 719/719
f 719/719 720/720 714/714
f 681/681 682/682 737/737
f 737/737 682/682 693/693
f 737/737 693/693 732/732
f 732/732 693/693 727/727
f 732/732 727/727 726/726
f 726/726 727/727 721/721
f 726/726 721/721 720/720
f 720/720 721/721 715/715
f 720/720 715/715 714/714
f 714/714 715/715 709/709
f 682/682 683/683 693/693
f 693/693 683/683 728/728
f 693/693 728/728 727/727
f 727/727 728/728 722/722
f 727/727 722/722 721/721
f 721/721 722/722 716/716
f 721/721 716/716 715/715
f 715/715 716/716 710/710
f 715/715 710/710 709/709
f 709/709 710/710 704/704
f 728/728 683/683 723/723
f 723/723 683/683 684/684
f 723/723 684/684 718/718
f 718/718 684/684 685/685
f 718/718 685/685 713/713
f 713/713 685/685 686/686
f 713/713 686/686 708/708
f 708/708 686/686 687/687
f 708/708 687/687 703/703
f 703/703 687/687 651/651
f 688/688 689/689 903/903
f 903/903 689/689 904/904
f 903/903 904/904 898/898
f 898/898 904/904 899/899
f 898/898 899/899 893/893
f 893/893 899/899 894/894
f 893/893 894/894 888/888
f 888/888 894/894 889/889
f 888/888 889/889 883/883
f 883/883 889/889 884/884
f 883/883 884/884 878/878
f 878/878 884/884 879/879
f 878/878 879/879 874/874
f 874/874 879/879 875/875
f 874/874 875/875 869/869
f 869/869 875/875 870/870
f 869/869 870/870 864/864
f 864/864 870/870 865/865
f 864/864 865/865 859/859
f 689/689 690/690 904/904
f 904/904 690/690 905/905
f 904/904 905/905 899/899
f 899/899 905/905 900/900
f 899/899 900/900 894/894
f 894/894 900/900 895/895
f 894/894 895/895 889/889
f 889/889 895/895 890/890
f 889/889 890/890 884/884
f 884/884 890/890 885/885
f 884/884 885/885 879/879
f 879/879 885/885 880/880
f 879/879 880/880 875/875
f 875/875 880/880 876/876
f 875/875 876/876 870/870
f 870/870 876/876 871/871
f 870/870 871/871 865/865
f 690/690 691/691 905/905
f 905/905 691/691 906/906
f 905/905 906/906 900/900
f 900/900 906/906 901/901
f 900/900 901/901 895/895
f 895/895 901/901 896/896
f 895/895 896/896 890/890
f 890/890 896/896 891/891
f 890/890 891/891 885/885
f 885/885 891/891 886/886
f 885/885 886/886 880/880
f 880/880 886/886 881/881
f 880/880 881/881 876/876
f 876/876 881/881 877/877
f 876/876 877/877 871/871
f 691/691 692/692 906/906
f 906/906 692/692 907/907
f 906/906 907/907 901/901
f 901/901 907/907 902/902
f 901/901 902/902 896/896
f 896/896 902/902 897/897
f 896/896 897/897 891/891
f 891/891 897/897 892/892
f 891/891 892/892 886/886
f 886/886 892/892 887/887
f 886/886 887/887 881/881
f 881/881 887/887 882/882
f 881/881 882/882 877/877
f 700/700 699/699 705/705
f 705/705 699/699 704/704
f 705/705 704/704 710/710
f 701/701 700/700 706/706
f 706/706 700/700 705/705
f 706/706 705/705 711/711
f 711/711 705/705 710/710
f 711/711 710/710 716/716
f 708/708 703/703 702/702
f 702/702 701/701 707/707
f 707/707 701/701 706/706
f 707/707 706/706 712/712
f 712/712 706/706 711/711
f 712/712 711/711 717/717
f 717/717 711/711 716/716
f 717/717 716/716 722/722
f 713/713 708/708 707/707
f 707/707 708/708 702/702
f 713/713 707/707 712/712
f 718/718 713/713 712/712
f 718/718 712/712 717/717
f 723/723 718/718 717/717
f 723/723 717/717 722/722
f 728/728 723/723 722/722
f 744/744 738/738 743/743
f 744/744 743/743 749/749
f 749/749 743/743 748/748
f 749/749 748/748 754/754
f 754/754 748/748 753/753
f 754/754 753/753 758/758
f 758/758 753/753 757/757
f 758/758 757/757 763/763
f 763/763 757/757 762/762
f 763/763 762/762 768/768
f 768/768 762/762 767/767
f 768/768 767/767 773/773
f 744/744 749/749 750/750
f 750/750 749/749 755/755
f 750/750 755/755 756/756
f 756/756 755/755 760/760
f 756/756 760/760 761/761
f 761/761 760/760 766/766
f 755/755 749/749 754/754
f 755/755 754/754 759/759
f 759/759 754/754 758/758
f 759/759 758/758 764/764
f 764/764 758/758 763/763
f 764/764 763/763 769/769
f 769/769 763/763 768/768
f 769/769 768/768 774/774
f 774/774 768/768 773/773
f 774/774 773/773 779/779
f 755/755 759/759 760/760
f 760/760 759/759 765/765
f 760/760 765/765 766/766
f 766/766 765/765 771/771
f 765/765 759/759 764/764
f 765/765 764/764 770/770
f 770/770 764/764 769/769
f 770/770 769/769 775/775
f 775/775 769/769 774/774
f 775/775 774/774 780/780
f 780/780 774/774 779/779
f 780/780 779/779 785/785
f 776/776 771/771 770/770
f 770/770 771/771 765/765
f 776/776 770/770 775/775
f 781/781 776/776 775/775
f 781/781 775/775 780/780
f 695/695 781/781 780/780
f 695/695 780/780 785/785
f 790/790 695/695 785/785
f 802/802 796/796 801/801
f 802/802 801/801 807/807
f 807/807 801/801 806/806
f 807/807 806/806 812/812
f 812/812 806/806 811/811
f 812/812 811/811 817/817
f 817/817 811/811 816/816
f 817/817 816/816 822/822
f 822/822 816/816 821/821
f 822/822 821/821 826/826
f 826/826 821/821 825/825
f 826/826 825/825 831/831
f 802/802 807/807 808/808
f 808/808 807/807 813/813
f 808/808 813/813 814/814
f 814/814 813/813 819/819
f 814/814 819/819 820/820
f 820/820 819/819 696/696
f 813/813 807/807 812/812
f 813/813 812/812 818/818
f 818/818 812/812 817/817
f 818/818 817/817 823/823
f 823/823 817/817 822/822
f 823/823 822/822 827/827
f 827/827 822/822 826/826
f 827/827 826/826 832/832
f 832/832 826/826 831/831
f 832/832 831/831 837/837
f 813/813 818/818 819/819
f 819/819 818/818 824/824
f 819/819 824/824 696/696
f 696/696 824/824 829/829
f 824/824 818/818 823/823
f 824/824 823/823 828/828
f 828/828 823/823 827/827
f 828/828 827/827 833/833
f 833/833 827/827 832/832
f 833/833 832/832 838/838
f 838/838 832/832 837/837
f 838/838 837/837 843/843
f 834/834 829/829 828/828
f 828/828 829/829 824/824
f 834/834 828/828 833/833
f 839/839 834/834 833/833
f 839/839 833/833 838/838
f 844/844 839/839 838/838
f 844/844 838/838 843/843
f 849/849 844/844 843/843
f 909/909 670/670 908/908
f 908/908 670/670 669/669
f 908/908 669/669 931/931
f 931/931 669/669 668/668
f 931/931 668/668 667/667
f 910/910 672/672 909/909
f 909/909 672/672 671/671
f 909/909 671/671 670/670
f 672/672 910/910 673/673
f 673/673 910/910 911/911
f 673/673 911/911 674/674
f 674/674 911/911 675/675
f 675/675 911/911 912/912
f 675/675 912/912 676/676
f 676/676 912/912 913/913
f 676/676 913/913 677/677
f 677/677 913/913 678/678
f 678/678 913/913 914/914
f 678/678 914/914 679/679
f 679/679 914/914 680/680
f 680/680 914/914 915/915
f 680/680 915/915 681/681
f 681/681 915/915 916/916
f 681/681 916/916 682/682
f 682/682 916/916 683/683
f 683/683 916/916 917/917
f 683/683 917/917 684/684
f 684/684 917/917 918/918
f 684/684 918/918 685/685
f 685/685 918/918 686/686
f 686/686 918/918 919/919
f 686/686 919/919 687/687
f 687/687 919/919 920/920
f 687/687 920/920 651/651
f 651/651 920/920 652/652
f 652/652 920/920 921/921
f 652/652 921/921 653/653
f 653/653 921/921 922/922
f 653/653 922/922 654/654
f 654/654 922/922 655/655
f 655/655 922/922 923/923
f 655/655 923/923 656/656
f 656/656 923/923 924/924
f 656/656 924/924 657/657
f 657/657 924/924 658/658
f 658/658 924/924 925/925
f 658/658 925/925 659/659
f 659/659 925/925 926/926
f 659/659 926/926 660/660
f 660/660 926/926 661/661
f 661/661 926/926 927/927
f 661/661 927/927 662/662
f 662/662 927/927 663/663
f 663/663 927/927 928/928
f 663/663 928/928 664/664
f 664/664 928/928 929/929
f 664/664 929/929 665/665
f 665/665 929/929 666/666
f 666/666 929/929 930/930
f 666/666 930/930 667/667
f 667/667 930/930 931/931
f 16/16 15/15 933/933
f 933/933 15/15 91/91
f 933/933 91/91 932/932
f 932/932 91/91 21/21
f 21/21 91/91 90/90
f 21/21 90/90 22/22
f 22/22 90/90 23/23
f 23/23 90/90 24/24
f 24/24 90/90 25/25
f 25/25 90/90 26/26
f 26/26 90/90 27/27
f 15/15 14/14 91/91
f 91/91 14/14 92/92
f 92/92 14/14 13/13
f 92/92 13/13 12/12
f 12/12 11/11 92/92
f 92/92 11/11 10/10
f 931/931 945/945 908/908
f 908/908 945/945 934/934
f 908/908 934/934 909/909
f 909/909 934/934 1187/1187
f 909/909 1187/1187 910/910
f 910/910 1187/1187 1176/1176
f 910/910 1176/1176 911/911
f 911/911 1176/1176 1165/1165
f 911/911 1165/1165 912/912
f 912/912 1165/1165 1154/1154
f 912/912 1154/1154 913/913
f 913/913 1154/1154 1143/1143
f 913/913 1143/1143 914/914
f 914/914 1143/1143 1132/1132
f 914/914 1132/1132 915/915
f 915/915 1132/1132 1121/1121
f 915/915 1121/1121 916/916
f 916/916 1121/1121 1110/1110
f 916/916 1110/1110 917/917
f 917/917 1110/1110 1099/1099
f 917/917 1099/1099 918/918
f 918/918 1099/1099 1088/1088
f 918/918 1088/1088 919/919
f 919/919 1088/1088 1077/1077
f 919/919 1077/1077 920/920
f 920/920 1077/1077 1066/1066
f 920/920 1066/1066 921/921
f 921/921 1066/1066 1055/1055
f 921/921 1055/1055 922/922
f 922/922 1055/1055 1044/1044
f 922/922 1044/1044 923/923
f 923/923 1044/1044 1033/1033
f 923/923 1033/1033 924/924
f 924/924 1033/1033 1022/1022
f 924/924 1022/1022 925/925
f 925/925 1022/1022 1011/1011
f 925/925 1011/1011 926/926
f 926/926 1011/1011 1000/1000
f 926/926 1000/1000 927/927
f 927/927 1000/1000 989/989
f 927/927 989/989 928/928
f 928/928 989/989 978/978
f 928/928 978/978 929/929
f 929/929 978/978 967/967
f 929/929 967/967 930/930
f 930/930 967/967 956/956
f 930/930 956/956 931/931
f 931/931 956/956 945/945
f 98/98 944/944 36/36
f 36/36 944/944 955/955
f 36/36 955/955 37/37
f 37/37 955/955 966/966
f 37/37 966/966 38/38
f 38/38 966/966 977/977
f 38/38 977/977 39/39
f 39/39 977/977 988/988
f 39/39 988/988 40/40
f 40/40 988/988 999/999
f 40/40 999/999 21/21
f 21/21 999/999 1010/1010
f 21/21 1010/1010 932/932
f 932/932 1010/1010 933/933
f 933/933 1010/1010 16/16
f 16/16 1010/1010 1021/1021
f 16/16 1021/1021 17/17
f 17/17 1021/1021 1032/1032
f 17/17 1032/1032 18/18
f 18/18 1032/1032 1043/1043
f 18/18 1043/1043 19/19
f 19/19 1043/1043 1054/1054
f 19/19 1054/1054 20/20
f 20/20 1054/1054 1065/1065
f 20/20 1065/1065 1/1
f 1/1 1065/1065 1076/1076
f 1/1 1076/1076 93/93
f 93/93 1076/1076 94/94
f 94/94 1076/1076 56/56
f 56/56 1076/1076 1087/1087
f 56/56 1087/1087 57/57
f 57/57 1087/1087 1098/1098
f 57/57 1098/1098 58/58
f 58/58 1098/1098 1109/1109
f 58/58 1109/1109 59/59
f 59/59 1109/1109 1120/1120
f 59/59 1120/1120 60/60
f 60/60 1120/1120 1131/1131
f 60/60 1131/1131 41/41
f 41/41 1131/1131 1142/1142
f 41/41 1142/1142 95/95
f 95/95 1142/1142 96/96
f 96/96 1142/1142 76/76
f 76/76 1142/1142 1153/1153
f 76/76 1153/1153 77/77
f 77/77 1153/1153 1164/1164
f 77/77 1164/1164 78/78
f 78/78 1164/1164 1175/1175
f 78/78 1175/1175 79/79
f 79/79 1175/1175 1186/1186
f 79/79 1186/1186 80/80
f 80/80 1186/1186 1197/1197
f 80/80 1197/1197 61/61
f 61/61 1197/1197 944/944
f 61/61 944/944 97/97
f 97/97 944/944 98/98
f 934/934 935/935 1187/1187
f 1187/1187 935/935 1188/1188
f 1187/1187 1188/1188 1176/1176
f 1176/1176 1188/1188 1177/1177
f 1176/1176 1177/1177 1165/1165
f 1165/1165 1177/1177 1166/1166
f 1165/1165 1166/1166 1154/1154
f 1154/1154 1166/1166 1155/1155
f 1154/1154 1155/1155 1143/1143
f 1143/1143 1155/1155 1144/1144
f 1143/1143 1144/1144 1132/1132
f 1132/1132 1144/1144 1133/1133
f 1132/1132 1133/1133 1121/1121
f 1121/1121 1133/1133 1122/1122
f 1121/1121 1122/1122 1110/1110
f 1110/1110 1122/1122 1111/1111
f 1110/1110 1111/1111 1099/1099
f 1099/1099 1111/1111 1100/1100
f 1099/1099 1100/1100 1088/1088
f 1088/1088 1100/1100 1089/1089
f 1088/1088 1089/1089 1077/1077
f 1077/1077 1089/1089 1078/1078
f 1077/1077 1078/1078 1066/1066
f 1066/1066 1078/1078 1067/1067
f 1066/1066 1067/1067 1055/1055
f 1055/1055 1067/1067 1056/1056
f 1055/1055 1056/1056 1044/1044
f 1044/1044 1056/1056 1045/1045
f 1044/1044 1045/1045 1033/1033
f 1033/1033 1045/1045 1034/1034
f 1033/1033 1034/1034 1022/1022
f 1022/1022 1034/1034 1023/1023
f 1022/1022 1023/1023 1011/1011
f 1011/1011 1023/1023 1012/1012
f 1011/1011 1012/1012 1000/1000
f 1000/1000 1012/1012 1001/1001
f 1000/1000 1001/1001 989/989
f 989/989 1001/1001 990/990
f 989/989 990/990 978/978
f 978/978 990/990 979/979
f 978/978 979/979 967/967
f 967/967 979/979 968/968
f 967/967 968/968 956/956
f 956/956 968/968 957/957
f 956/956 957/957 945/945
f 945/945 957/957 946/946
f 945/945 946/946 934/934
f 934/934 946/946 935/935
f 935/935 936/936 1188/1188
f 1188/1188 936/936 1189/1189
f 1188/1188 1189/1189 1177/1177
f 1177/1177 1189/1189 1178/1178
f 1177/1177 1178/1178 1166/1166
f 1166/1166 1178/1178 1167/1167
f 1166/1166 1167/1167 1155/1155
f 1155/1155 1167/1167 1156/1156
f 1155/1155 1156/1156 1144/1144
f 1144/1144 1156/1156 1145/1145
f 1144/1144 1145/1145 1133/1133
f 1133/1133 1145/1145 1134/1134
f 1133/1133 1134/1134 1122/1122
f 1122/1122 1134/1134 1123/1123
f 1122/1122 1123/1123 1111/1111
f 1111/1111 1123/1123 1112/1112
f 1111/1111 1112/1112 1100/1100
f 1100/1100 1112/1112 1101/1101
f 1100/1100 1101/1101 1089/1089
f 1089/1089 1101/1101 1090/1090
f 1089/1089 1090/1090 1078/1078
f 1078/1078 1090/1090 1079/1079
f 1078/1078 1079/1079 1067/1067
f 1067/1067 1079/1079 1068/1068
f 1067/1067 1068/1068 1056/1056
f 1056/1056 1068/1068 1057/1057
f 1056/1056 1057/1057 1045/1045
f 1045/1045 1057/1057 1046/1046
f 1045/1045 1046/1046 1034/1034
f 1034/1034 1046/1046 1035/1035
f 1034/1034 1035/1035 1023/1023
f 1023/1023 1035/1035 1024/1024
f 1023/1023 1024/1024 1012/1012
f 1012/1012 1024/1024 1013/1013
f 1012/1012 1013/1013 1001/1001
f 1001/1001 1013/1013 1002/1002
f 1001/1001 1002/1002 990/990
f 990/990 1002/1002 991/991
f 990/990 991/991 979/979
f 979/979 991/991 980/980
f 979/979 980/980 968/968
f 968/968 980/980 969/969
f 968/968 969/969 957/957
f 957/957 969/969 958/958
f 957/957 958/958 946/946
f 946/946 958/958 947/947
f 946/946 947/947 935/935
f 935/935 947/947 936/936
f 936/936 937/937 1189/1189
f 1189/1189 937/937 1190/1190
f 1189/1189 1190/1190 1178/1178
f 1178/1178 1190/1190 1179/1179
f 1178/1178 1179/1179 1167/1167
f 1167/1167 1179/1179 1168/1168
f 1167/1167 1168/1168 1156/1156
f 1156/1156 1168/1168 1157/1157
f 1156/1156 1157/1157 1145/1145
f 1145/1145 1157/1157 1146/1146
f 1145/1145 1146/1146 1134/1134
f 1134/1134 1146/1146 1135/1135
f 1134/1134 1135/1135 1123/1123
f 1123/1123 1135/1135 1124/1124
f 1123/1123 1124/1124 1112/1112
f 1112/1112 1124/1124 1113/1113
f 1112/1112 1113/1113 1101/1101
f 1101/1101 1113/1113 1102/1102
f 1101/1101 1102/1102 1090/1090
f 1090/1090 1102/1102 1091/1091
f 1090/1090 1091/1091 1079/1079
f 1079/1079 1091/1091 1080/1080
f 1079/1079 1080/1080 1068/1068
f 1068/1068 1080/1080 1069/1069
f 1068/1068 1069/1069 1057/1057
f 1057/1057 1069/1069 1058/1058
f 1057/1057 1058/1058 1046/1046
f 1046/1046 1058/1058 1047/1047
f 1046/1046 1047/1047 1035/1035
f 1035/1035 1047/1047 1036/1036
f 1035/1035 1036/1036 1024/1024
f 1024/1024 1036/1036 1025/1025
f 1024/1024 1025/1025 1013/1013
f 1013/1013 1025/1025 1014/1014
f 1013/1013 1014/1014 1002/1002
f 1002/1002 1014/1014 1003/1003
f 1002/1002 1003/1003 991/991
f 991/991 1003/1003 992/992
f 991/991 992/992 980/980
f 980/980 992/992 981/981
f 980/980 981/981 969/969
f 969/969 981/981 970/970
f 969/969 970/970 958/958
f 958/958 970/970 959/959
f 958/958 959/959 947/947
f 947/947 959/959 948/948
f 947/947 948/948 936/936
f 936/936 948/948 937/937
f 937/937 938/938 1190/1190
f 1190/1190 938/938 1191/1191
f 1190/1190 1191/1191 1179/1179
f 1179/1179 1191/1191 1180/1180
f 1179/1179 1180/1180 1168/1168
f 1168/1168 1180/1180 1169/1169
f 1168/1168 1169/1169 1157/1157
f 1157/1157 1169/1169 1158/1158
f 1157/1157 1158/1158 1146/1146
f 1146/1146 1158/1158 1147/1147
f 1146/1146 1147/1147 1135/1135
f 1135/1135 1147/1147 1136/1136
f 1135/1135 1136/1136 1124/1124
f 1124/1124 1136/1136 1125/1125
f 1124/1124 1125/1125 1113/1113
f 1113/1113 1125/1125 1114/1114
f 1113/1113 1114/1114 1102/1102
f 1102/1102 1114/1114 1103/1103
f 1102/1102 1103/1103 1091/1091
f 1091/1091 1103/1103 1092/1092
f 1091/1091 1092/1092 1080/1080
f 1080/1080 1092/1092 1081/1081
f 1080/1080 1081/1081 1069/1069
f 1069/1069 1081/1081 1070/1070
f 1069/1069 1070/1070 1058/1058
f 1058/1058 1070/1070 1059/1059
f 1058/1058 1059/1059 1047/1047
f 1047/1047 1059/1059 1048/1048
f 1047/1047 1048/1048 1036/1036
f 1036/1036 1048/1048 1037/1037
f 1036/1036 1037/1037 1025/1025
f 1025/1025 1037/1037 1026/1026
f 1025/1025 1026/1026 1014/1014
f 1014/1014 1026/1026 1015/1015
f 1014/1014 1015/1015 1003/1003
f 1003/1003 1015/1015 1004/1004
f 1003/1003 1004/1004 992/992
f 992/992 1004/1004 993/993
f 992/992 993/993 981/981
f 981/981 993/993 982/982
f 981/981 982/982 970/970
f 970/970 982/982 971/971
f 970/970 971/971 959/959
f 959/959 971/971 960/960
f 959/959 960/960 948/948
f 948/948 960/960 949/949
f 948/948 949/949 937/937
f 937/937 949/949 938/938
f 938/938 939/939 1191/1191
f 1191/1191 939/939 1192/1192
f 1191/1191 1192/1192 1180/1180
f 1180/1180 1192/1192 1181/1181
f 1180/1180 1181/1181 1169/1169
f 1169/1169 1181/1181 1170/1170
f 1169/1169 1170/1170 1158/1158
f 1158/1158 1170/1170 1159/1159
f 1158/1158 1159/1159 1147/1147
f 1147/1147 1159/1159 1148/1148
f 1147/1147 1148/1148 1136/1136
f 1136/1136 1148/1148 1137/1137
f 1136/1136 1137/1137 1125/1125
f 1125/1125 1137/1137 1126/1126
f 1125/1125 1126/1126 1114/1114
f 1114/1114 1126/1126 1115/1115
f 1114/1114 1115/1115 1103/1103
f 1103/1103 1115/1115 1104/1104
f 1103/1103 1104/1104 1092/1092
f 1092/1092 1104/1104 1093/1093
f 1092/1092 1093/1093 1081/1081
f 1081/1081 1093/1093 1082/1082
f 1081/1081 1082/1082 1070/1070
f 1070/1070 1082/1082 1071/1071
f 1070/1070 1071/1071 1059/1059
f 1059/1059 1071/1071 1060/1060
f 1059/1059 1060/1060 1048/1048
f 1048/1048 1060/1060 1049/1049
f 1048/1048 1049/1049 1037/1037
f 1037/1037 1049/1049 1038/1038
f 1037/1037 1038/1038 1026/1026
f 1026/1026 1038/1038 1027/1027
f 1026/1026 1027/1027 1015/1015
f 1015/1015 1027/1027 1016/1016
f 1015/1015 1016/1016 1004/1004
f 1004/1004 1016/1016 1005/1005
f 1004/1004 1005/1005 993/993
f 993/993 1005/1005 994/994
f 993/993 994/994 982/982
f 982/982 994/994 983/983
f 982/982 983/983 971/971
f 971/971 983/983 972/972
f 971/971 972/972 960/960
f 960/960 972/972 961/961
f 960/960 961/961 949/949
f 949/949 961/961 950/950
f 949/949 950/950 938/938
f 938/938 950/950 939/939
f 939/939 940/940 1192/1192
f 1192/1192 940/940 1193/1193
f 1192/1192 1193/1193 1181/1181
f 1181/1181 1193/1193 1182/1182
f 1181/1181 1182/1182 1170/1170
f 1170/1170 1182/1182 1171/1171
f 1170/1170 1171/1171 1159/1159
f 1159/1159 1171/1171 1160/1160
f 1159/1159 1160/1160 1148/1148
f 1148/1148 1160/1160 1149/1149
f 1148/1148 1149/1149 1137/1137
f 1137/1137 1149/1149 1138/1138
f 1137/1137 1138/1138 1126/1126
f 1126/1126 1138/1138 1127/1127
f 1126/1126 1127/1127 1115/1115
f 1115/1115 1127/1127 1116/1116
f 1115/1115 1116/1116 1104/1104
f 1104/1104 1116/1116 1105/1105
f 1104/1104 1105/1105 1093/1093
f 1093/1093 1105/1105 1094/1094
f 1093/1093 1094/1094 1082/1082
f 1082/1082 1094/1094 1083/1083
f 1082/1082 1083/1083 1071/1071
f 1071/1071 1083/1083 1072/1072
f 1071/1071 1072/1072 1060/1060
f 1060/1060 1072/1072 1061/1061
f 1060/1060 1061/1061 1049/1049
f 1049/1049 1061/1061 1050/1050
f 1049/1049 1050/1050 1038/1038
f 1038/1038 1050/1050 1039/1039
f 1038/1038 1039/1039 1027/1027
f 1027/1027 1039/1039 1028/1028
f 1027/1027 1028/1028 1016/1016
f 1016/1016 1028/1028 1017/1017
f 1016/1016 1017/1017 1005/1005
f 1005/1005 1017/1017 1006/1006
f 1005/1005 1006/1006 994/994
f 994/994 1006/1006 995/995
f 994/994 995/995 983/983
f 983/983 995/995 984/984
f 983/983 984/984 972/972
f 972/972 984/984 973/973
f 972/972 973/973 961/961
f 961/961 973/973 962/962
f 961/961 962/962 950/950
f 950/950 962/962 951/951
f 950/950 951/951 939/939
f 939/939 951/951 940/940
f 940/940 941/941 1193/1193
f 1193/1193 941/941 1194/1194
f 1193/1193 1194/1194 1182/1182
f 1182/1182 1194/1194 1183/1183
f 1182/1182 1183/1183 1171/1171
f 1171/1171 1183/1183 1172/1172
f 1171/1171 1172/1172 1160/1160
f 1160/1160 1172/1172 1161/1161
f 1160/1160 1161/1161 1149/1149
f 1149/1149 1161/1161 1150/1150
f 1149/1149 1150/1150 1138/1138
f 1138/1138 1150/1150 1139/1139
f 1138/1138 1139/1139 1127/1127
f 1127/1127 1139/1139 1128/1128
f 1127/1127 1128/1128 1116/1116
f 1116/1116 1128/1128 1117/1117
f 1116/1116 1117/1117 1105/1105
f 1105/1105 1117/1117 1106/1106
f 1105/1105 1106/1106 1094/1094
f 1094/1094 1106/1106 1095/1095
f 1094/1094 1095/1095 1083/1083
f 1083/1083 1095/1095 1084/1084
f 1083/1083 1084/1084 1072/1072
f 1072/1072 1084/1084 1073/1073
f 1072/1072 1073/1073 1061/1061
f 1061/1061 1073/1073 1062/1062
f 1061/1061 1062/1062 1050/1050
f 1050/1050 1062/1062 1051/1051
f 1050/1050 1051/1051 1039/1039
f 1039/1039 1051/1051 1040/1040
f 1039/1039 1040/1040 1028/1028
f 1028/1028 1040/1040 1029/1029
f 1028/1028 1029/1029 1017/1017
f 1017/1017 1029/1029 1018/1018
f 1017/1017 1018/1018 1006/1006
f 1006/1006 1018/1018 1007/1007
f 1006/1006 1007/1007 995/995
f 995/995 1007/1007 996/996
f 995/995 996/996 984/984
f 984/984 996/996 985/985
f 984/984 985/985 973/973
f 973/973 985/985 974/974
f 973/973 974/974 962/962
f 962/962 974/974 963/963
f 962/962 963/963 951/951
f 951/951 963/963 952/952
f 951/951 952/952 940/940
f 940/940 952/952 941/941
f 941/941 942/942 1194/1194
f 1194/1194 942/942 1195/1195
f 1194/1194 1195/1195 1183/1183
f 1183/1183 1195/1195 1184/1184
f 1183/1183 1184/1184 1172/1172
f 1172/1172 1184/1184 1173/1173
f 1172/1172 1173/1173 1161/1161
f 1161/1161 1173/1173 1162/1162
f 1161/1161 1162/1162 1150/1150
f 1150/1150 1162/1162 1151/1151
f 1150/1150 1151/1151 1139/1139
f 1139/1139 1151/1151 1140/1140
f 1139/1139 1140/1140 1128/1128
f 1128/1128 1140/1140 1129/1129
f 1128/1128 1129/1129 1117/1117
f 1117/1117 1129/1129 1118/1118
f 1117/1117 1118/1118 1106/1106
f 1106/1106 1118/1118 1107/1107
f 1106/1106 1107/1107 1095/1095
f 1095/1095 1107/1107 1096/1096
f 1095/1095 1096/1096 1084/1084
f 1084/1084 1096/1096 1085/1085
f 1084/1084 1085/1085 1073/1073
f 1073/1073 1085/1085 1074/1074
f 1073/1073 1074/1074 1062/1062
f 1062/1062 1074/1074 1063/1063
f 1062/1062 1063/1063 1051/1051
f 1051/1051 1063/1063 1052/1052
f 1051/1051 1052/1052 1040/1040
f 1040/1040 1052/1052 1041/1041
f 1040/1040 1041/1041 1029/1029
f 1029/1029 1041/1041 1030/1030
f 1029/1029 1030/1030 1018/1018
f 1018/1018 1030/1030 1019/1019
f 1018/1018 1019/1019 1007/1007
f 1007/1007 1019/1019 1008/1008
f 1007/1007 1008/1008 996/996
f 996/996 1008/1008 997/997
f 996/996 997/997 985/985
f 985/985 997/997 986/986
f 985/985 986/986 974/974
f 974/974 986/986 975/975
f 974/974 975/975 963/963
f 963/963 975/975 964/964
f 963/963 964/964 952/952
f 952/952 964/964 953/953
f 952/952 953/953 941/941
f 941/941 953/953 942/942
f 942/942 943/943 1195/1195
f 1195/1195 943/943 1196/1196
f 1195/1195 1196/1196 1184/1184
f 1184/1184 1196/1196 1185/1185
f 1184/1184 1185/1185 1173/1173
f 1173/1173 1185/1185 1174/1174
f 1173/1173 1174/1174 1162/1162
f 1162/1162 1174/1174 1163/1163
f 1162/1162 1163/1163 1151/1151
f 1151/1151 1163/1163 1152/1152
f 1151/1151 1152/1152 1140/1140
f 1140/1140 1152/1152 1141/1141
f 1140/1140 1141/1141 1129/1129
f 1129/1129 1141/1141 1130/1130
f 1129/1129 1130/1130 1118/1118
f 1118/1118 1130/1130 1119/1119
f 1118/1118 1119/1119 1107/1107
f 1107/1107 1119/1119 1108/1108
f 1107/1107 1108/1108 1096/1096
f 1096/1096 1108/1108 1097/1097
f 1096/1096 1097/1097 1085/1085
f 1085/1085 1097/1097 1086/1086
f 1085/1085 1086/1086 1074/1074
f 1074/1074 1086/1086 1075/1075
f 1074/1074 1075/1075 1063/1063
f 1063/1063 1075/1075 1064/1064
f 1063/1063 1064/1064 1052/1052
f 1052/1052 1064/1064 1053/1053
f 1052/1052 1053/1053 1041/1041
f 1041/1041 1053/1053 1042/1042
f 1041/1041 1042/1042 1030/1030
f 1030/1030 1042/1042 1031/1031
f 1030/1030 1031/1031 1019/1019
f 1019/1019 1031/1031 1020/1020
f 1019/1019 1020/1020 1008/1008
f 1008/1008 1020/1020 1009/1009
f 1008/1008 1009/1009 997/997
f 997/997 1009/1009 998/998
f 997/997 998/998 986/986
f 986/986 998/998 987/987
f 986/986 987/987 975/975
f 975/975 987/987 976/976
f 975/975 976/976 964/964
f 964/964 976/976 965/965
f 964/964 965/965 953/953
f 953/953 965/965 954/954
f 953/953 954/954 942/942
f 942/942 954/954 943/943
f 943/943 944/944 1196/1196
f 1196/1196 944/944 1197/1197
f 1196/1196 1197/1197 1185/1185
f 1185/1185 1197/1197 1186/1186
f 1185/1185 1186/1186 1174/1174
f 1174/1174 1186/1186 1175/1175
f 1174/1174 1175/1175 1163/1163
f 1163/1163 1175/1175 1164/1164
f 1163/1163 1164/1164 1152/1152
f 1152/1152 1164/1164 1153/1153
f 1152/1152 1153/1153 1141/1141
f 1141/1141 1153/1153 1142/1142
f 1141/1141 1142/1142 1130/1130
f 1130/1130 1142/1142 1131/1131
f 1130/1130 1131/1131 1119/1119
f 1119/1119 1131/1131 1120/1120
f 1119/1119 1120/1120 1108/1108
f 1108/1108 1120/1120 1109/1109
f 1108/1108 1109/1109 1097/1097
f 1097/1097 1109/1109 1098/1098
f 1097/1097 1098/1098 1086/1086
f 1086/1086 1098/1098 1087/1087
f 1086/1086 1087/1087 1075/1075
f 1075/1075 1087/1087 1076/1076
f 1075/1075 1076/1076 1064/1064
f 1064/1064 1076/1076 1065/1065
f 1064/1064 1065/1065 1053/1053
f 1053/1053 1065/1065 1054/1054
f 1053/1053 1054/1054 1042/1042
f 1042/1042 1054/1054 1043/1043
f 1042/1042 1043/1043 1031/1031
f 1031/1031 1043/1043 1032/1032
f 1031/1031 1032/1032 1020/1020
f 1020/1020 1032/1032 1021/1021
f 1020/1020 1021/1021 1009/1009
f 1009/1009 1021/1021 1010/1010
f 1009/1009 1010/1010 998/998
f 998/998 1010/1010 999/999
f 998/998 999/999 987/987
f 987/987 999/999 988/988
f 987/987 988/988 976/976
f 976/976 988/988 977/977
f 976/976 977/977 965/965
f 965/965 977/977 966/966
f 965/965 966/966 954/954
f 954/954 966/966 955/955
f 954/954 955/955 943/943
f 943/943 955/955 944/944

